image_id,article_slug,article_title,category_path,position,local_path,status,bytes,src,inline_base64,alt,article_url
adding-a-cancellation-policy-to-large-parties__img01,adding-a-cancellation-policy-to-large-parties,Large Party Cancellation Policy,general,1,images/general/adding-a-cancellation-policy-to-large-parties/adding-a-cancellation-policy-to-large-parties__img01.png,ok,490286,https://cdn.kustomerhostedcontent.com/media/6036f66758799c770950d98d/6a3498acec18d2e92d658d4941c088b9.png,no,,https://helpdesk.resy.com/en_us/adding-a-cancellation-policy-to-large-parties-Hy9nK01P9
change-your-resy-os-plan__img01,change-your-resy-os-plan,Change Your Resy OS Plan,reporting-analytics,1,images/reporting-analytics/change-your-resy-os-plan/change-your-resy-os-plan__img01.png,ok,158111,,yes,,https://helpdesk.resy.com/en_us/change-your-resy-os-plan-HkUQzwXIu
change-your-resy-os-plan__img02,change-your-resy-os-plan,Change Your Resy OS Plan,reporting-analytics,2,images/reporting-analytics/change-your-resy-os-plan/change-your-resy-os-plan__img02.png,ok,84294,https://cdn.kustomerhostedcontent.com/media/6036f66758799c770950d98d/71dab55f524a3d3c3f878e8e82f83bd5.png,no,,https://helpdesk.resy.com/en_us/change-your-resy-os-plan-HkUQzwXIu
change-your-resy-os-plan__img03,change-your-resy-os-plan,Change Your Resy OS Plan,reporting-analytics,3,images/reporting-analytics/change-your-resy-os-plan/change-your-resy-os-plan__img03.png,ok,58186,,yes,,https://helpdesk.resy.com/en_us/change-your-resy-os-plan-HkUQzwXIu
change-your-resy-os-plan__img04,change-your-resy-os-plan,Change Your Resy OS Plan,reporting-analytics,4,images/reporting-analytics/change-your-resy-os-plan/change-your-resy-os-plan__img04.png,ok,78436,,yes,,https://helpdesk.resy.com/en_us/change-your-resy-os-plan-HkUQzwXIu
change-your-resy-os-plan__img05,change-your-resy-os-plan,Change Your Resy OS Plan,reporting-analytics,5,images/reporting-analytics/change-your-resy-os-plan/change-your-resy-os-plan__img05.png,ok,185587,,yes,,https://helpdesk.resy.com/en_us/change-your-resy-os-plan-HkUQzwXIu
availability-and-pacing-updates__img01,availability-and-pacing-updates,Availability and Pacing Updates,getting-started-settings/reservation-settings,1,images/getting-started-settings/reservation-settings/availability-and-pacing-updates/availability-and-pacing-updates__img01.png,ok,116301,,yes,"A screenshot of a computer

Description automatically generated with medium confidence",https://helpdesk.resy.com/en_us/availability-and-pacing-updates-S1T3bPXLd
availability-and-pacing-updates__img02,availability-and-pacing-updates,Availability and Pacing Updates,getting-started-settings/reservation-settings,2,images/getting-started-settings/reservation-settings/availability-and-pacing-updates/availability-and-pacing-updates__img02.png,ok,162832,,yes,"A screenshot of a computer

Description automatically generated with medium confidence",https://helpdesk.resy.com/en_us/availability-and-pacing-updates-S1T3bPXLd
availability-and-pacing-updates__img03,availability-and-pacing-updates,Availability and Pacing Updates,getting-started-settings/reservation-settings,3,images/getting-started-settings/reservation-settings/availability-and-pacing-updates/availability-and-pacing-updates__img03.png,ok,100281,https://cdn.kustomerhostedcontent.com/media/6036f66758799c770950d98d/8eed34ad3f46b7db729b1d76f88545db.png,no,,https://helpdesk.resy.com/en_us/availability-and-pacing-updates-S1T3bPXLd
availability-and-pacing-updates__img04,availability-and-pacing-updates,Availability and Pacing Updates,getting-started-settings/reservation-settings,4,images/getting-started-settings/reservation-settings/availability-and-pacing-updates/availability-and-pacing-updates__img04.png,ok,293325,https://cdn.kustomerhostedcontent.com/media/6036f66758799c770950d98d/8c1eade329e3936061da5493ca45d937.png,no,,https://helpdesk.resy.com/en_us/availability-and-pacing-updates-S1T3bPXLd
availability-and-pacing-updates__img05,availability-and-pacing-updates,Availability and Pacing Updates,getting-started-settings/reservation-settings,5,images/getting-started-settings/reservation-settings/availability-and-pacing-updates/availability-and-pacing-updates__img05.png,ok,97096,https://cdn.kustomerhostedcontent.com/media/6036f66758799c770950d98d/80c56057b09e6a3328283433e7d4a39d.png,no,,https://helpdesk.resy.com/en_us/availability-and-pacing-updates-S1T3bPXLd
concierge-faqs__img01,concierge-faqs,Concierge FAQs,getting-started-settings/concierge-,1,images/getting-started-settings/concierge-/concierge-faqs/concierge-faqs__img01.png,ok,524147,https://cdn.kustomerhostedcontent.com/media/6036f66758799c770950d98d/c5481d8b4c89df6b460a659f56434565.png,no,,https://helpdesk.resy.com/en_us/concierge-faqs-ByCAvm8O
concierge-faqs__img02,concierge-faqs,Concierge FAQs,getting-started-settings/concierge-,2,images/getting-started-settings/concierge-/concierge-faqs/concierge-faqs__img02.png,ok,1215500,https://cdn.kustomerhostedcontent.com/media/6036f66758799c770950d98d/085ca3589702af430d1a7196ab850e3f.png,no,,https://helpdesk.resy.com/en_us/concierge-faqs-ByCAvm8O
customizable-pacing-by-floorplan__img01,customizable-pacing-by-floorplan,Pacing by Floor Plan FAQ,general,1,images/general/customizable-pacing-by-floorplan/customizable-pacing-by-floorplan__img01.png,ok,28085,,yes,,https://helpdesk.resy.com/en_us/customizable-pacing-by-floorplan-SJGwJVqA
customizing-text-message-content__img01,customizing-text-message-content,Customize Text Messages,getting-started-settings/guest-communications,1,images/getting-started-settings/guest-communications/customizing-text-message-content/customizing-text-message-content__img01.png,ok,117295,,yes,Picture,https://helpdesk.resy.com/en_us/customizing-text-message-content-HJP6WwQLO
customizing-text-message-content__img02,customizing-text-message-content,Customize Text Messages,getting-started-settings/guest-communications,2,images/getting-started-settings/guest-communications/customizing-text-message-content/customizing-text-message-content__img02.png,ok,95060,,yes,Picture,https://helpdesk.resy.com/en_us/customizing-text-message-content-HJP6WwQLO
customizing-text-message-content__img03,customizing-text-message-content,Customize Text Messages,getting-started-settings/guest-communications,3,images/getting-started-settings/guest-communications/customizing-text-message-content/customizing-text-message-content__img03.png,ok,143533,,yes,,https://helpdesk.resy.com/en_us/customizing-text-message-content-HJP6WwQLO
customizing-text-message-content__img04,customizing-text-message-content,Customize Text Messages,getting-started-settings/guest-communications,4,images/getting-started-settings/guest-communications/customizing-text-message-content/customizing-text-message-content__img04.png,ok,92221,,yes,,https://helpdesk.resy.com/en_us/customizing-text-message-content-HJP6WwQLO
create-and-add-vip-tags__img01,create-and-add-vip-tags,Create and Add VIP tags,in-service-troubleshooting/guest-profile,1,images/in-service-troubleshooting/guest-profile/create-and-add-vip-tags/create-and-add-vip-tags__img01.png,ok,1340140,https://cdn.kustomerhostedcontent.com/media/6036f66758799c770950d98d/f60f997a26e65734134094c2c47f1253.png,no,,https://helpdesk.resy.com/en_us/create-and-add-vip-tags-Hk2sfzryi
create-and-add-vip-tags__img02,create-and-add-vip-tags,Create and Add VIP tags,in-service-troubleshooting/guest-profile,2,images/in-service-troubleshooting/guest-profile/create-and-add-vip-tags/create-and-add-vip-tags__img02.png,ok,74896,https://cdn.kustomerhostedcontent.com/media/6036f66758799c770950d98d/f6758109f74653ef7a65f561fe23eac4.png,no,,https://helpdesk.resy.com/en_us/create-and-add-vip-tags-Hk2sfzryi
desktop-reservation-flow__img01,desktop-reservation-flow,Booking from Your Dashboard,general,1,images/general/desktop-reservation-flow/desktop-reservation-flow__img01.png,ok,119880,,yes,,https://helpdesk.resy.com/en_us/desktop-reservation-flow-SJEDlJNn2
desktop-reservation-flow__img02,desktop-reservation-flow,Booking from Your Dashboard,general,2,images/general/desktop-reservation-flow/desktop-reservation-flow__img02.png,ok,81887,https://cdn.kustomerhostedcontent.com/media/6036f66758799c770950d98d/b62c4cea153569520e80522565339400.png,no,,https://helpdesk.resy.com/en_us/desktop-reservation-flow-SJEDlJNn2
desktop-reservation-flow__img03,desktop-reservation-flow,Booking from Your Dashboard,general,3,images/general/desktop-reservation-flow/desktop-reservation-flow__img03.png,ok,18602,,yes,,https://helpdesk.resy.com/en_us/desktop-reservation-flow-SJEDlJNn2
desktop-reservation-flow__img04,desktop-reservation-flow,Booking from Your Dashboard,general,4,images/general/desktop-reservation-flow/desktop-reservation-flow__img04.png,ok,29581,,yes,,https://helpdesk.resy.com/en_us/desktop-reservation-flow-SJEDlJNn2
desktop-reservation-flow__img05,desktop-reservation-flow,Booking from Your Dashboard,general,5,images/general/desktop-reservation-flow/desktop-reservation-flow__img05.png,ok,363761,https://cdn.kustomerhostedcontent.com/media/6036f66758799c770950d98d/373179ab2f92ce1b725530468ff03f41.png,no,,https://helpdesk.resy.com/en_us/desktop-reservation-flow-SJEDlJNn2
desktop-reservation-flow__img06,desktop-reservation-flow,Booking from Your Dashboard,general,6,images/general/desktop-reservation-flow/desktop-reservation-flow__img06.png,ok,119258,,yes,,https://helpdesk.resy.com/en_us/desktop-reservation-flow-SJEDlJNn2
desktop-reservation-flow__img07,desktop-reservation-flow,Booking from Your Dashboard,general,7,images/general/desktop-reservation-flow/desktop-reservation-flow__img07.png,ok,68426,,yes,,https://helpdesk.resy.com/en_us/desktop-reservation-flow-SJEDlJNn2
desktop-reservation-flow__img08,desktop-reservation-flow,Booking from Your Dashboard,general,8,images/general/desktop-reservation-flow/desktop-reservation-flow__img08.png,ok,26599,,yes,,https://helpdesk.resy.com/en_us/desktop-reservation-flow-SJEDlJNn2
create-and-add-combination-tables__img01,create-and-add-combination-tables,Create and Add Combination Tables,general,1,images/general/create-and-add-combination-tables/create-and-add-combination-tables__img01.png,ok,94723,https://cdn.kustomerhostedcontent.com/media/6036f66758799c770950d98d/ebd5df88de6fa4f543edd29d6dcea7c4.png,no,,https://helpdesk.resy.com/en_us/create-and-add-combination-tables-B11ofhdZh
create-and-add-combination-tables__img02,create-and-add-combination-tables,Create and Add Combination Tables,general,2,images/general/create-and-add-combination-tables/create-and-add-combination-tables__img02.png,ok,103216,https://cdn.kustomerhostedcontent.com/media/6036f66758799c770950d98d/f039ccc1c9de0663c069b5586288136a.png,no,,https://helpdesk.resy.com/en_us/create-and-add-combination-tables-B11ofhdZh
create-and-add-combination-tables__img03,create-and-add-combination-tables,Create and Add Combination Tables,general,3,images/general/create-and-add-combination-tables/create-and-add-combination-tables__img03.png,ok,275857,https://cdn.kustomerhostedcontent.com/media/6036f66758799c770950d98d/b2d4e5025e8a1b650cf7e3a1a7fe79fb.png,no,,https://helpdesk.resy.com/en_us/create-and-add-combination-tables-B11ofhdZh
create-and-add-combination-tables__img04,create-and-add-combination-tables,Create and Add Combination Tables,general,4,images/general/create-and-add-combination-tables/create-and-add-combination-tables__img04.png,ok,293506,https://cdn.kustomerhostedcontent.com/media/6036f66758799c770950d98d/1db3cf7cafe6651343f14f2dfd36644e.png,no,,https://helpdesk.resy.com/en_us/create-and-add-combination-tables-B11ofhdZh
double-confirmation-message__img01,double-confirmation-message,Double Confirmation Message,general,1,images/general/double-confirmation-message/double-confirmation-message__img01.png,ok,86271,,yes,,https://helpdesk.resy.com/en_us/double-confirmation-message-B1Km8K46F
double-confirmation-message__img02,double-confirmation-message,Double Confirmation Message,general,2,images/general/double-confirmation-message/double-confirmation-message__img02.png,ok,124028,,yes,,https://helpdesk.resy.com/en_us/double-confirmation-message-B1Km8K46F
double-confirmation-message__img03,double-confirmation-message,Double Confirmation Message,general,3,images/general/double-confirmation-message/double-confirmation-message__img03.png,ok,246290,,yes,,https://helpdesk.resy.com/en_us/double-confirmation-message-B1Km8K46F
event-cancellation__img01,event-cancellation,Event Cancellation,events-virtual-experiences,1,images/events-virtual-experiences/event-cancellation/event-cancellation__img01.png,ok,81446,https://cdn.kustomerhostedcontent.com/media/6036f66758799c770950d98d/bca7d5d9153a5fe9ae93c381016851a1.png,no,,https://helpdesk.resy.com/en_us/event-cancellation-rJye6_36Y
event-cancellation__img02,event-cancellation,Event Cancellation,events-virtual-experiences,2,images/events-virtual-experiences/event-cancellation/event-cancellation__img02.png,ok,87958,https://cdn.kustomerhostedcontent.com/media/6036f66758799c770950d98d/9109d4b416154429e75321c7072d846b.png,no,,https://helpdesk.resy.com/en_us/event-cancellation-rJye6_36Y
event-preview__img01,event-preview,Previewing your Event Before It's Live,general,1,images/general/event-preview/event-preview__img01.png,ok,343493,https://cdn.kustomerhostedcontent.com/media/6036f66758799c770950d98d/f0c79ff45cc86d5eb735e594a95c477c.png,no,,https://helpdesk.resy.com/en_us/event-preview-B1fpPaJEK
event-preview__img02,event-preview,Previewing your Event Before It's Live,general,2,images/general/event-preview/event-preview__img02.png,ok,99002,https://cdn.kustomerhostedcontent.com/media/6036f66758799c770950d98d/9ac8f046c0bc631d991a01cd64b18019.png,no,,https://helpdesk.resy.com/en_us/event-preview-B1fpPaJEK
event-preview__img03,event-preview,Previewing your Event Before It's Live,general,3,images/general/event-preview/event-preview__img03.png,ok,279165,https://cdn.kustomerhostedcontent.com/media/6036f66758799c770950d98d/4a3bf3b09b59634b94e38ed3cd3c3ac7.png,no,,https://helpdesk.resy.com/en_us/event-preview-B1fpPaJEK
fishbowl-integration__img01,fishbowl-integration,Fishbowl Integration,general,1,images/general/fishbowl-integration/fishbowl-integration__img01.png,ok,53223,,yes,,https://helpdesk.resy.com/en_us/fishbowl-integration-ByLGsX66xl
fishbowl-integration__img02,fishbowl-integration,Fishbowl Integration,general,2,images/general/fishbowl-integration/fishbowl-integration__img02.png,ok,133675,,yes,,https://helpdesk.resy.com/en_us/fishbowl-integration-ByLGsX66xl
fishbowl-integration__img03,fishbowl-integration,Fishbowl Integration,general,3,images/general/fishbowl-integration/fishbowl-integration__img03.png,ok,136374,,yes,,https://helpdesk.resy.com/en_us/fishbowl-integration-ByLGsX66xl
fishbowl-integration__img04,fishbowl-integration,Fishbowl Integration,general,4,images/general/fishbowl-integration/fishbowl-integration__img04.png,ok,102473,,yes,,https://helpdesk.resy.com/en_us/fishbowl-integration-ByLGsX66xl
fishbowl-integration__img05,fishbowl-integration,Fishbowl Integration,general,5,images/general/fishbowl-integration/fishbowl-integration__img05.png,ok,205668,,yes,,https://helpdesk.resy.com/en_us/fishbowl-integration-ByLGsX66xl
fishbowl-integration__img06,fishbowl-integration,Fishbowl Integration,general,6,images/general/fishbowl-integration/fishbowl-integration__img06.png,ok,105713,,yes,,https://helpdesk.resy.com/en_us/fishbowl-integration-ByLGsX66xl
events-faq__img01,events-faq,Events FAQ,getting-started-settings/ipad-settings,1,images/getting-started-settings/ipad-settings/events-faq/events-faq__img01.png,ok,536742,,yes,,https://helpdesk.resy.com/en_us/events-faq-S1ZtbD78_
exclusive-groups-feature__img01,exclusive-groups-feature,Exclusive Groups Feature,getting-started-settings/reservation-settings,1,images/getting-started-settings/reservation-settings/exclusive-groups-feature/exclusive-groups-feature__img01.png,ok,101850,https://cdn.kustomerhostedcontent.com/media/6036f66758799c770950d98d/39d49a6e23db0a6572ca1a4008d6bc9b.png,no,,https://helpdesk.resy.com/en_us/exclusive-groups-feature-BkihvQIO
exclusive-groups-feature__img02,exclusive-groups-feature,Exclusive Groups Feature,getting-started-settings/reservation-settings,2,images/getting-started-settings/reservation-settings/exclusive-groups-feature/exclusive-groups-feature__img02.png,ok,134537,https://cdn.kustomerhostedcontent.com/media/6036f66758799c770950d98d/5548ad877ad417fcdee15d60dbd0a35d.png,no,,https://helpdesk.resy.com/en_us/exclusive-groups-feature-BkihvQIO
exclusive-groups-feature__img03,exclusive-groups-feature,Exclusive Groups Feature,getting-started-settings/reservation-settings,3,images/getting-started-settings/reservation-settings/exclusive-groups-feature/exclusive-groups-feature__img03.png,ok,105602,https://cdn.kustomerhostedcontent.com/media/6036f66758799c770950d98d/9fcb1b87398f9ee5e71b6267a1694f60.png,no,,https://helpdesk.resy.com/en_us/exclusive-groups-feature-BkihvQIO
exclusive-groups-feature__img04,exclusive-groups-feature,Exclusive Groups Feature,getting-started-settings/reservation-settings,4,images/getting-started-settings/reservation-settings/exclusive-groups-feature/exclusive-groups-feature__img04.png,ok,112792,https://cdn.kustomerhostedcontent.com/media/6036f66758799c770950d98d/0c36326b297bf85ee30d2a197d9b281d.png,no,,https://helpdesk.resy.com/en_us/exclusive-groups-feature-BkihvQIO
exclusive-groups-feature__img05,exclusive-groups-feature,Exclusive Groups Feature,getting-started-settings/reservation-settings,5,images/getting-started-settings/reservation-settings/exclusive-groups-feature/exclusive-groups-feature__img05.png,ok,131052,https://cdn.kustomerhostedcontent.com/media/6036f66758799c770950d98d/fc9fee8c006fbfaaea0167c82c8bcbfd.png,no,,https://helpdesk.resy.com/en_us/exclusive-groups-feature-BkihvQIO
exclusive-groups-feature__img06,exclusive-groups-feature,Exclusive Groups Feature,getting-started-settings/reservation-settings,6,images/getting-started-settings/reservation-settings/exclusive-groups-feature/exclusive-groups-feature__img06.png,ok,155262,https://cdn.kustomerhostedcontent.com/media/6036f66758799c770950d98d/ba6277d2f6225646513872b33f540a6a.png,no,,https://helpdesk.resy.com/en_us/exclusive-groups-feature-BkihvQIO
exclusive-groups-feature__img07,exclusive-groups-feature,Exclusive Groups Feature,getting-started-settings/reservation-settings,7,images/getting-started-settings/reservation-settings/exclusive-groups-feature/exclusive-groups-feature__img07.png,ok,50702,,yes,Title: Inserting image...,https://helpdesk.resy.com/en_us/exclusive-groups-feature-BkihvQIO
floor-plan-editor__img01,floor-plan-editor,ResyOS Floor Plan Editor,general,1,images/general/floor-plan-editor/floor-plan-editor__img01.png,ok,91743,,yes,,https://helpdesk.resy.com/en_us/floor-plan-editor-SJ5M493VY
floor-plan-editor__img02,floor-plan-editor,ResyOS Floor Plan Editor,general,2,images/general/floor-plan-editor/floor-plan-editor__img02.png,ok,14321,,yes,A screenshot of a computerDescription automatically generated,https://helpdesk.resy.com/en_us/floor-plan-editor-SJ5M493VY
for-diners-add-credit-card-information-to-your-profile__img01,for-diners-add-credit-card-information-to-your-profile,For Diners: Manage Credit Card Information on Your Profile,general,1,images/general/for-diners-add-credit-card-information-to-your-profile/for-diners-add-credit-card-information-to-your-profile__img01.png,ok,2849024,https://cdn.kustomerhostedcontent.com/media/6036f66758799c770950d98d/ce79330b47d2a282565a1ae841b0bec8.png,no,,https://helpdesk.resy.com/en_us/for-diners-add-credit-card-information-to-your-profile-ry7KdoZA5
for-diners-add-credit-card-information-to-your-profile__img02,for-diners-add-credit-card-information-to-your-profile,For Diners: Manage Credit Card Information on Your Profile,general,2,images/general/for-diners-add-credit-card-information-to-your-profile/for-diners-add-credit-card-information-to-your-profile__img02.png,ok,676615,https://cdn.kustomerhostedcontent.com/media/6036f66758799c770950d98d/309e8fa3ffde96076a9cd53c34e26c03.png,no,,https://helpdesk.resy.com/en_us/for-diners-add-credit-card-information-to-your-profile-ry7KdoZA5
for-diners-add-credit-card-information-to-your-profile__img03,for-diners-add-credit-card-information-to-your-profile,For Diners: Manage Credit Card Information on Your Profile,general,3,images/general/for-diners-add-credit-card-information-to-your-profile/for-diners-add-credit-card-information-to-your-profile__img03.png,ok,588781,https://cdn.kustomerhostedcontent.com/media/6036f66758799c770950d98d/ab967b67b07d243e3a542e7008c147b4.png,no,,https://helpdesk.resy.com/en_us/for-diners-add-credit-card-information-to-your-profile-ry7KdoZA5
for-diners-add-credit-card-information-to-your-profile__img04,for-diners-add-credit-card-information-to-your-profile,For Diners: Manage Credit Card Information on Your Profile,general,4,images/general/for-diners-add-credit-card-information-to-your-profile/for-diners-add-credit-card-information-to-your-profile__img04.png,ok,293320,https://cdn.kustomerhostedcontent.com/media/6036f66758799c770950d98d/e10a23fcb4b1370b15b79111d5433603.png,no,,https://helpdesk.resy.com/en_us/for-diners-add-credit-card-information-to-your-profile-ry7KdoZA5
for-diners-add-credit-card-information-to-your-profile__img05,for-diners-add-credit-card-information-to-your-profile,For Diners: Manage Credit Card Information on Your Profile,general,5,images/general/for-diners-add-credit-card-information-to-your-profile/for-diners-add-credit-card-information-to-your-profile__img05.png,ok,427244,https://cdn.kustomerhostedcontent.com/media/6036f66758799c770950d98d/ef9e655a18510e84d7833072b0c95469.png,no,,https://helpdesk.resy.com/en_us/for-diners-add-credit-card-information-to-your-profile-ry7KdoZA5
for-diners-add-credit-card-information-to-your-profile__img06,for-diners-add-credit-card-information-to-your-profile,For Diners: Manage Credit Card Information on Your Profile,general,6,images/general/for-diners-add-credit-card-information-to-your-profile/for-diners-add-credit-card-information-to-your-profile__img06.png,ok,315752,https://cdn.kustomerhostedcontent.com/media/6036f66758799c770950d98d/17acdc08b470f5a420cfe25e7e82e82d.png,no,,https://helpdesk.resy.com/en_us/for-diners-add-credit-card-information-to-your-profile-ry7KdoZA5
for-diners-add-credit-card-information-to-your-profile__img07,for-diners-add-credit-card-information-to-your-profile,For Diners: Manage Credit Card Information on Your Profile,general,7,images/general/for-diners-add-credit-card-information-to-your-profile/for-diners-add-credit-card-information-to-your-profile__img07.png,ok,347768,https://cdn.kustomerhostedcontent.com/media/6036f66758799c770950d98d/302e219802fe2cf7da7a04c74bfd9107.png,no,,https://helpdesk.resy.com/en_us/for-diners-add-credit-card-information-to-your-profile-ry7KdoZA5
for-diners-change-or-cancel-a-reservation__img01,for-diners-change-or-cancel-a-reservation,For Diners: Change or Cancel a Reservation,general,1,images/general/for-diners-change-or-cancel-a-reservation/for-diners-change-or-cancel-a-reservation__img01.png,ok,2798551,https://cdn.kustomerhostedcontent.com/media/6036f66758799c770950d98d/f7e1220e496743403f6b4a87a51c4326.png,no,,https://helpdesk.resy.com/en_us/for-diners-change-or-cancel-a-reservation-H16wR9ZRq
for-diners-change-or-cancel-a-reservation__img02,for-diners-change-or-cancel-a-reservation,For Diners: Change or Cancel a Reservation,general,2,images/general/for-diners-change-or-cancel-a-reservation/for-diners-change-or-cancel-a-reservation__img02.png,ok,981159,https://cdn.kustomerhostedcontent.com/media/6036f66758799c770950d98d/0a0b377dabc275f84a2a6a66d8a20f4d.png,no,,https://helpdesk.resy.com/en_us/for-diners-change-or-cancel-a-reservation-H16wR9ZRq
for-diners-change-or-cancel-a-reservation__img03,for-diners-change-or-cancel-a-reservation,For Diners: Change or Cancel a Reservation,general,3,images/general/for-diners-change-or-cancel-a-reservation/for-diners-change-or-cancel-a-reservation__img03.png,ok,582846,https://cdn.kustomerhostedcontent.com/media/6036f66758799c770950d98d/6a3340b235518027f04b46b1939e6d87.png,no,,https://helpdesk.resy.com/en_us/for-diners-change-or-cancel-a-reservation-H16wR9ZRq
for-diners-change-or-cancel-a-reservation__img04,for-diners-change-or-cancel-a-reservation,For Diners: Change or Cancel a Reservation,general,4,images/general/for-diners-change-or-cancel-a-reservation/for-diners-change-or-cancel-a-reservation__img04.png,ok,588781,https://cdn.kustomerhostedcontent.com/media/6036f66758799c770950d98d/881003e7cd312d8ae5719dea2316f220.png,no,,https://helpdesk.resy.com/en_us/for-diners-change-or-cancel-a-reservation-H16wR9ZRq
for-diners-change-or-cancel-a-reservation__img05,for-diners-change-or-cancel-a-reservation,For Diners: Change or Cancel a Reservation,general,5,images/general/for-diners-change-or-cancel-a-reservation/for-diners-change-or-cancel-a-reservation__img05.png,ok,504254,https://cdn.kustomerhostedcontent.com/media/6036f66758799c770950d98d/86db12a6cacdc06cfedf6e448a35f6a7.png,no,,https://helpdesk.resy.com/en_us/for-diners-change-or-cancel-a-reservation-H16wR9ZRq
for-diners-change-or-cancel-a-reservation__img06,for-diners-change-or-cancel-a-reservation,For Diners: Change or Cancel a Reservation,general,6,images/general/for-diners-change-or-cancel-a-reservation/for-diners-change-or-cancel-a-reservation__img06.png,ok,561683,https://cdn.kustomerhostedcontent.com/media/6036f66758799c770950d98d/de42c35d42ba1ac44f343eaf8142e60d.png,no,,https://helpdesk.resy.com/en_us/for-diners-change-or-cancel-a-reservation-H16wR9ZRq
floor-plan-on-web__img01,floor-plan-on-web,Floor Plan Web Editor,general,1,images/general/floor-plan-on-web/floor-plan-on-web__img01.png,ok,96521,https://cdn.kustomerhostedcontent.com/media/6036f66758799c770950d98d/03f8decc176a1bdd73f969bddf7901a0.png,no,,https://helpdesk.resy.com/en_us/floor-plan-on-web-SyTdJuBp9
floor-plan-on-web__img02,floor-plan-on-web,Floor Plan Web Editor,general,2,images/general/floor-plan-on-web/floor-plan-on-web__img02.png,ok,1182981,https://cdn.kustomerhostedcontent.com/media/6036f66758799c770950d98d/976162eabbd4a95e86f6d319c3b4e898.png,no,,https://helpdesk.resy.com/en_us/floor-plan-on-web-SyTdJuBp9
floor-plan-on-web__img03,floor-plan-on-web,Floor Plan Web Editor,general,3,images/general/floor-plan-on-web/floor-plan-on-web__img03.png,ok,254002,https://cdn.kustomerhostedcontent.com/media/6036f66758799c770950d98d/00a25330984797b27d6001704e548cd5.png,no,,https://helpdesk.resy.com/en_us/floor-plan-on-web-SyTdJuBp9
floor-plan-on-web__img04,floor-plan-on-web,Floor Plan Web Editor,general,4,images/general/floor-plan-on-web/floor-plan-on-web__img04.png,ok,750316,https://cdn.kustomerhostedcontent.com/media/6036f66758799c770950d98d/993184e159e3fea619da350912ce721d.png,no,,https://helpdesk.resy.com/en_us/floor-plan-on-web-SyTdJuBp9
floor-plan-on-web__img05,floor-plan-on-web,Floor Plan Web Editor,general,5,images/general/floor-plan-on-web/floor-plan-on-web__img05.png,ok,635630,https://cdn.kustomerhostedcontent.com/media/6036f66758799c770950d98d/c9a38677fc6fa11c807cfa73dd83ff75.png,no,,https://helpdesk.resy.com/en_us/floor-plan-on-web-SyTdJuBp9
floor-plan-on-web__img06,floor-plan-on-web,Floor Plan Web Editor,general,6,images/general/floor-plan-on-web/floor-plan-on-web__img06.png,ok,435404,https://cdn.kustomerhostedcontent.com/media/6036f66758799c770950d98d/644e7c83b450d8615432ab866361d1c0.png,no,,https://helpdesk.resy.com/en_us/floor-plan-on-web-SyTdJuBp9
floor-plan-on-web__img07,floor-plan-on-web,Floor Plan Web Editor,general,7,images/general/floor-plan-on-web/floor-plan-on-web__img07.png,ok,438354,https://cdn.kustomerhostedcontent.com/media/6036f66758799c770950d98d/e46a22342ddc59b2126fb86a31017b12.png,no,,https://helpdesk.resy.com/en_us/floor-plan-on-web-SyTdJuBp9
general-admission-event__img01,general-admission-event,General Admission Event,events-virtual-experiences,1,images/events-virtual-experiences/general-admission-event/general-admission-event__img01.png,ok,38357,https://cdn.kustomerhostedcontent.com/media/6036f66758799c770950d98d/542da701130199548568c916633083ce.png,no,,https://helpdesk.resy.com/en_us/general-admission-event-ByNFbwm8u
general-admission-event__img02,general-admission-event,General Admission Event,events-virtual-experiences,2,images/events-virtual-experiences/general-admission-event/general-admission-event__img02.png,ok,127338,https://cdn.kustomerhostedcontent.com/media/6036f66758799c770950d98d/f80b31b1451688f6e383fac8fb6f9813.png,no,,https://helpdesk.resy.com/en_us/general-admission-event-ByNFbwm8u
general-admission-event__img03,general-admission-event,General Admission Event,events-virtual-experiences,3,images/events-virtual-experiences/general-admission-event/general-admission-event__img03.png,ok,41273,,yes,,https://helpdesk.resy.com/en_us/general-admission-event-ByNFbwm8u
general-admission-event__img04,general-admission-event,General Admission Event,events-virtual-experiences,4,images/events-virtual-experiences/general-admission-event/general-admission-event__img04.png,ok,189758,https://cdn.kustomerhostedcontent.com/media/6036f66758799c770950d98d/42d1ca682cc330aecbde93b5fbc744d8.png,no,,https://helpdesk.resy.com/en_us/general-admission-event-ByNFbwm8u
general-admission-event__img05,general-admission-event,General Admission Event,events-virtual-experiences,5,images/events-virtual-experiences/general-admission-event/general-admission-event__img05.png,ok,101411,https://cdn.kustomerhostedcontent.com/media/6036f66758799c770950d98d/ffbc0517bbeec15b5d3d7fdcbf1e398b.png,no,,https://helpdesk.resy.com/en_us/general-admission-event-ByNFbwm8u
general-admission-event__img06,general-admission-event,General Admission Event,events-virtual-experiences,6,images/events-virtual-experiences/general-admission-event/general-admission-event__img06.png,ok,296539,https://cdn.kustomerhostedcontent.com/media/6036f66758799c770950d98d/1688ec4526e11bbd02bb1809f84ae230.png,no,,https://helpdesk.resy.com/en_us/general-admission-event-ByNFbwm8u
general-admission-event__img07,general-admission-event,General Admission Event,events-virtual-experiences,7,images/events-virtual-experiences/general-admission-event/general-admission-event__img07.png,ok,116729,https://cdn.kustomerhostedcontent.com/media/6036f66758799c770950d98d/7fab379c2fa14e6fbc34348693d4b544.png,no,,https://helpdesk.resy.com/en_us/general-admission-event-ByNFbwm8u
concierge-registration__img01,concierge-registration,Concierge Registration,general,1,images/general/concierge-registration/concierge-registration__img01.png,ok,181517,https://cdn.kustomerhostedcontent.com/media/6036f66758799c770950d98d/2a7b285fa84422e7e6c486e8a1415150.png,no,,https://helpdesk.resy.com/en_us/concierge-registration-SJ60Kxa2a
concierge-registration__img02,concierge-registration,Concierge Registration,general,2,images/general/concierge-registration/concierge-registration__img02.png,ok,77235,https://cdn.kustomerhostedcontent.com/media/6036f66758799c770950d98d/92c48f5bb80ea5b03261ba11049f3219.png,no,,https://helpdesk.resy.com/en_us/concierge-registration-SJ60Kxa2a
concierge-registration__img03,concierge-registration,Concierge Registration,general,3,images/general/concierge-registration/concierge-registration__img03.png,ok,112626,,yes,,https://helpdesk.resy.com/en_us/concierge-registration-SJ60Kxa2a
concierge-registration__img04,concierge-registration,Concierge Registration,general,4,images/general/concierge-registration/concierge-registration__img04.png,ok,249720,https://cdn.kustomerhostedcontent.com/media/6036f66758799c770950d98d/a08b00b0d5fb962eed089d1eade9bce8.png,no,,https://helpdesk.resy.com/en_us/concierge-registration-SJ60Kxa2a
getting-started-on-stripe__img01,getting-started-on-stripe,Getting Started on Stripe,general,1,images/general/getting-started-on-stripe/getting-started-on-stripe__img01.png,ok,119266,https://cdn.kustomerhostedcontent.com/media/6036f66758799c770950d98d/2451b416ebb95f2975dcaa85cc0fdc16.png,no,,https://helpdesk.resy.com/en_us/getting-started-on-stripe-BkHLWVX9o
getting-started-on-stripe__img02,getting-started-on-stripe,Getting Started on Stripe,general,2,images/general/getting-started-on-stripe/getting-started-on-stripe__img02.png,ok,67546,https://cdn.kustomerhostedcontent.com/media/6036f66758799c770950d98d/995a8f311ca3f4f52e4942f5fa367a07.png,no,,https://helpdesk.resy.com/en_us/getting-started-on-stripe-BkHLWVX9o
getting-started-on-stripe__img03,getting-started-on-stripe,Getting Started on Stripe,general,3,images/general/getting-started-on-stripe/getting-started-on-stripe__img03.png,ok,141939,https://cdn.kustomerhostedcontent.com/media/6036f66758799c770950d98d/3945d7597a4356dfb7f5436c1d8b2316.png,no,,https://helpdesk.resy.com/en_us/getting-started-on-stripe-BkHLWVX9o
getting-started-on-stripe__img04,getting-started-on-stripe,Getting Started on Stripe,general,4,images/general/getting-started-on-stripe/getting-started-on-stripe__img04.png,ok,43241,,yes,,https://helpdesk.resy.com/en_us/getting-started-on-stripe-BkHLWVX9o
global-dining-access:-banking-information__img01,global-dining-access:-banking-information,Global Dining Access: How do I add Banking Info to my account?,global-dining-access,1,images/global-dining-access/global-dining-access:-banking-information/global-dining-access:-banking-information__img01.png,ok,119266,https://cdn.kustomerhostedcontent.com/media/6036f66758799c770950d98d/2997a300bbf2006dca53add67f6c3efd.png,no,,https://helpdesk.resy.com/en_us/global-dining-access:-banking-information-r149P7LO
global-dining-access:-banking-information__img02,global-dining-access:-banking-information,Global Dining Access: How do I add Banking Info to my account?,global-dining-access,2,images/global-dining-access/global-dining-access:-banking-information/global-dining-access:-banking-information__img02.png,ok,75443,https://cdn.kustomerhostedcontent.com/media/6036f66758799c770950d98d/0fdcfaf0d305c1e03196496bd022a585.png,no,,https://helpdesk.resy.com/en_us/global-dining-access:-banking-information-r149P7LO
global-dining-access:-adding-new-users__img01,global-dining-access:-adding-new-users,Adding New Users (Global Dining Access partners),global-dining-access,1,images/global-dining-access/global-dining-access:-adding-new-users/global-dining-access:-adding-new-users__img01.png,ok,54611,https://cdn.kustomerhostedcontent.com/media/6036f66758799c770950d98d/07995606f5036fc7be6c1c8d41bbe151.png,no,,https://helpdesk.resy.com/en_us/global-dining-access:-adding-new-users-BJacbPm8u
global-dining-access:-adding-new-users__img02,global-dining-access:-adding-new-users,Adding New Users (Global Dining Access partners),global-dining-access,2,images/global-dining-access/global-dining-access:-adding-new-users/global-dining-access:-adding-new-users__img02.png,ok,105293,https://cdn.kustomerhostedcontent.com/media/6036f66758799c770950d98d/631e9ce774291dfa67ea839e9ed28c9f.png,no,,https://helpdesk.resy.com/en_us/global-dining-access:-adding-new-users-BJacbPm8u
global-dining-access:-adding-new-users__img03,global-dining-access:-adding-new-users,Adding New Users (Global Dining Access partners),global-dining-access,3,images/global-dining-access/global-dining-access:-adding-new-users/global-dining-access:-adding-new-users__img03.png,ok,44749,https://cdn.kustomerhostedcontent.com/media/6036f66758799c770950d98d/0dccf59fb799fe2cde1faff66ad94742.png,no,,https://helpdesk.resy.com/en_us/global-dining-access:-adding-new-users-BJacbPm8u
global-dining-access:-blackout-dates__img01,global-dining-access:-blackout-dates,Global Dining Access Partners: Block Days From Being Booked,global-dining-access,1,images/global-dining-access/global-dining-access:-blackout-dates/global-dining-access:-blackout-dates__img01.png,ok,69087,https://cdn.kustomerhostedcontent.com/media/6036f66758799c770950d98d/43a882b18e3da17e8925511d242964a9.png,no,,https://helpdesk.resy.com/en_us/global-dining-access:-blackout-dates-S1kjZPX8_
global-dining-access:-blackout-dates__img02,global-dining-access:-blackout-dates,Global Dining Access Partners: Block Days From Being Booked,global-dining-access,2,images/global-dining-access/global-dining-access:-blackout-dates/global-dining-access:-blackout-dates__img02.png,ok,82092,https://cdn.kustomerhostedcontent.com/media/6036f66758799c770950d98d/9983a55e444ad547e6cf21d17da118f2.png,no,,https://helpdesk.resy.com/en_us/global-dining-access:-blackout-dates-S1kjZPX8_
global-dining-access:-blackout-dates__img03,global-dining-access:-blackout-dates,Global Dining Access Partners: Block Days From Being Booked,global-dining-access,3,images/global-dining-access/global-dining-access:-blackout-dates/global-dining-access:-blackout-dates__img03.png,ok,86272,https://cdn.kustomerhostedcontent.com/media/6036f66758799c770950d98d/d28a7dff1ede0e7f6c6618fba19dd0e1.png,no,,https://helpdesk.resy.com/en_us/global-dining-access:-blackout-dates-S1kjZPX8_
global-dining-access:-new-reservation-notification-and-transfers__img01,global-dining-access:-new-reservation-notification-and-transfers,Global Dining Access Partners: Receive and Transfer Global Dining Access Reservations to My Books,global-dining-access,1,images/global-dining-access/global-dining-access:-new-reservation-notification-and-transfers/global-dining-access:-new-reservation-notification-and-transfers__img01.png,ok,338950,https://cdn.kustomerhostedcontent.com/media/6036f66758799c770950d98d/ddeb8faa7482c09889e9cd63009edd67.png,no,,https://helpdesk.resy.com/en_us/global-dining-access:-new-reservation-notification-and-transfers-rkD9WDX8O
global-dining-access:-new-reservation-notification-and-transfers__img02,global-dining-access:-new-reservation-notification-and-transfers,Global Dining Access Partners: Receive and Transfer Global Dining Access Reservations to My Books,global-dining-access,2,images/global-dining-access/global-dining-access:-new-reservation-notification-and-transfers/global-dining-access:-new-reservation-notification-and-transfers__img02.png,ok,103432,https://cdn.kustomerhostedcontent.com/media/6036f66758799c770950d98d/1a8469e9290bb97986e1165de6749589.png,no,,https://helpdesk.resy.com/en_us/global-dining-access:-new-reservation-notification-and-transfers-rkD9WDX8O
global-dining-access:-new-reservation-notification-and-transfers__img03,global-dining-access:-new-reservation-notification-and-transfers,Global Dining Access Partners: Receive and Transfer Global Dining Access Reservations to My Books,global-dining-access,3,images/global-dining-access/global-dining-access:-new-reservation-notification-and-transfers/global-dining-access:-new-reservation-notification-and-transfers__img03.png,ok,535557,https://cdn.kustomerhostedcontent.com/media/6036f66758799c770950d98d/4c106d38e5fe631679eb238b8b1296c7.png,no,,https://helpdesk.resy.com/en_us/global-dining-access:-new-reservation-notification-and-transfers-rkD9WDX8O
global-dining-access:-new-reservation-notification-and-transfers__img04,global-dining-access:-new-reservation-notification-and-transfers,Global Dining Access Partners: Receive and Transfer Global Dining Access Reservations to My Books,global-dining-access,4,images/global-dining-access/global-dining-access:-new-reservation-notification-and-transfers/global-dining-access:-new-reservation-notification-and-transfers__img04.png,ok,1316290,https://cdn.kustomerhostedcontent.com/media/6036f66758799c770950d98d/db77b216ae21bccd44424bb50bb40322.png,no,,https://helpdesk.resy.com/en_us/global-dining-access:-new-reservation-notification-and-transfers-rkD9WDX8O
google-integration__img01,google-integration,Resy x Google Integration,marketing-and-promotion,1,images/marketing-and-promotion/google-integration/google-integration__img01.png,ok,127355,https://cdn.kustomerhostedcontent.com/media/6036f66758799c770950d98d/222e71decb213e851a2738ebf641faca.png,no,,https://helpdesk.resy.com/en_us/google-integration-BJgtimwaF
google-integration__img02,google-integration,Resy x Google Integration,marketing-and-promotion,2,images/marketing-and-promotion/google-integration/google-integration__img02.png,ok,471578,https://cdn.kustomerhostedcontent.com/media/6036f66758799c770950d98d/ba755dfa6930e4cb062132e928f8ceb7.png,no,,https://helpdesk.resy.com/en_us/google-integration-BJgtimwaF
google-integration__img03,google-integration,Resy x Google Integration,marketing-and-promotion,3,images/marketing-and-promotion/google-integration/google-integration__img03.png,ok,12706,,yes,,https://helpdesk.resy.com/en_us/google-integration-BJgtimwaF
google-integration__img04,google-integration,Resy x Google Integration,marketing-and-promotion,4,images/marketing-and-promotion/google-integration/google-integration__img04.png,ok,83535,,yes,,https://helpdesk.resy.com/en_us/google-integration-BJgtimwaF
glossary__img01,glossary,Resy OS Features Terms,general,1,images/general/glossary/glossary__img01.png,ok,1000434,https://cdn.kustomerhostedcontent.com/media/6036f66758799c770950d98d/603a970a443a99d950145d87a67b7170.PNG,no,,https://helpdesk.resy.com/en_us/glossary-BksLlKBj
google-search-optimization-tips__img01,google-search-optimization-tips,Improve My Website's SEO,onboarding-materials,1,images/onboarding-materials/google-search-optimization-tips/google-search-optimization-tips__img01.png,ok,779682,,yes,,https://helpdesk.resy.com/en_us/google-search-optimization-tips-BkqED78O
group-availability-by-table-type__img01,group-availability-by-table-type,Group Availability by Table Type,general,1,images/general/group-availability-by-table-type/group-availability-by-table-type__img01.png,ok,53922,,yes,,https://helpdesk.resy.com/en_us/group-availability-by-table-type-B1YXrdgkl
group-availability-by-table-type__img02,group-availability-by-table-type,Group Availability by Table Type,general,2,images/general/group-availability-by-table-type/group-availability-by-table-type__img02.png,ok,27093,,yes,,https://helpdesk.resy.com/en_us/group-availability-by-table-type-B1YXrdgkl
group-availability-by-table-type__img03,group-availability-by-table-type,Group Availability by Table Type,general,3,images/general/group-availability-by-table-type/group-availability-by-table-type__img03.png,ok,42523,,yes,,https://helpdesk.resy.com/en_us/group-availability-by-table-type-B1YXrdgkl
group-availability-by-table-type__img04,group-availability-by-table-type,Group Availability by Table Type,general,4,images/general/group-availability-by-table-type/group-availability-by-table-type__img04.png,ok,321673,https://cdn.kustomerhostedcontent.com/media/6036f66758799c770950d98d/236ae1544cebdd44e1797075371777c0.png,no,,https://helpdesk.resy.com/en_us/group-availability-by-table-type-B1YXrdgkl
group-availability-by-table-type__img05,group-availability-by-table-type,Group Availability by Table Type,general,5,images/general/group-availability-by-table-type/group-availability-by-table-type__img05.png,ok,266326,https://cdn.kustomerhostedcontent.com/media/6036f66758799c770950d98d/703485ee44451998f6fe604c753e6576.png,no,,https://helpdesk.resy.com/en_us/group-availability-by-table-type-B1YXrdgkl
group-availability-by-table-type__img06,group-availability-by-table-type,Group Availability by Table Type,general,6,images/general/group-availability-by-table-type/group-availability-by-table-type__img06.jpg,ok,113140,https://cdn.kustomerhostedcontent.com/media/6036f66758799c770950d98d/8d1edb4788bed11aca75e9d5a74e19b7.jpg,no,,https://helpdesk.resy.com/en_us/group-availability-by-table-type-B1YXrdgkl
group-availability-by-table-type__img07,group-availability-by-table-type,Group Availability by Table Type,general,7,images/general/group-availability-by-table-type/group-availability-by-table-type__img07.jpg,ok,156025,https://cdn.kustomerhostedcontent.com/media/6036f66758799c770950d98d/debfe86cf0195c115a2344cfd27d31e9.jpg,no,,https://helpdesk.resy.com/en_us/group-availability-by-table-type-B1YXrdgkl
guest-booking-confirmation-on-resy-com__img01,guest-booking-confirmation-on-resy-com,How Guests can Add Important Details to their Reservation,general,1,images/general/guest-booking-confirmation-on-resy-com/guest-booking-confirmation-on-resy-com__img01.png,ok,188348,https://cdn.kustomerhostedcontent.com/media/6036f66758799c770950d98d/9a4fc5eaf1b7e9407200a1909292981a.png,no,,https://helpdesk.resy.com/en_us/guest-booking-confirmation-on-resy-com-By4wAPIvj
guest-booking-confirmation-on-resy-com__img02,guest-booking-confirmation-on-resy-com,How Guests can Add Important Details to their Reservation,general,2,images/general/guest-booking-confirmation-on-resy-com/guest-booking-confirmation-on-resy-com__img02.png,ok,406278,https://cdn.kustomerhostedcontent.com/media/6036f66758799c770950d98d/050306e7a6d604ee051763884686c20d.png,no,,https://helpdesk.resy.com/en_us/guest-booking-confirmation-on-resy-com-By4wAPIvj
guest-booking-confirmation-on-resy-com__img03,guest-booking-confirmation-on-resy-com,How Guests can Add Important Details to their Reservation,general,3,images/general/guest-booking-confirmation-on-resy-com/guest-booking-confirmation-on-resy-com__img03.png,ok,180830,https://cdn.kustomerhostedcontent.com/media/6036f66758799c770950d98d/8dd8de9b6f9af05363b5aa9b1b3a2eda.png,no,,https://helpdesk.resy.com/en_us/guest-booking-confirmation-on-resy-com-By4wAPIvj
guest-booking-confirmation-on-resy-com__img04,guest-booking-confirmation-on-resy-com,How Guests can Add Important Details to their Reservation,general,4,images/general/guest-booking-confirmation-on-resy-com/guest-booking-confirmation-on-resy-com__img04.png,ok,131830,https://cdn.kustomerhostedcontent.com/media/6036f66758799c770950d98d/7a57a5fb7e8d91099ed7908d53f7c44b.png,no,,https://helpdesk.resy.com/en_us/guest-booking-confirmation-on-resy-com-By4wAPIvj
guest-communications-emails__img01,guest-communications-emails,Guest Communications: Emails,general,1,images/general/guest-communications-emails/guest-communications-emails__img01.png,ok,176015,https://cdn.kustomerhostedcontent.com/media/6036f66758799c770950d98d/9592ceef37b41bc96e56c46c147f9982.png,no,,https://helpdesk.resy.com/en_us/guest-communications-emails-HyZVfvmId
guest-info-details__img01,guest-info-details,Advanced Analytics - Guest Info: Details,reporting-analytics/advanced-analytics,1,images/reporting-analytics/advanced-analytics/guest-info-details/guest-info-details__img01.png,ok,121534,https://cdn.kustomerhostedcontent.com/media/6036f66758799c770950d98d/1be5028b63763b8b825fb08a7aadd9fb.png,no,,https://helpdesk.resy.com/en_us/guest-info-details-S1_vpExna
guest-info-details__img02,guest-info-details,Advanced Analytics - Guest Info: Details,reporting-analytics/advanced-analytics,2,images/reporting-analytics/advanced-analytics/guest-info-details/guest-info-details__img02.png,ok,17366,https://cdn.kustomerhostedcontent.com/media/6036f66758799c770950d98d/8ae5480eaf7ba12d280ae8186890eb04.png,no,,https://helpdesk.resy.com/en_us/guest-info-details-S1_vpExna
guest-info-details__img03,guest-info-details,Advanced Analytics - Guest Info: Details,reporting-analytics/advanced-analytics,3,images/reporting-analytics/advanced-analytics/guest-info-details/guest-info-details__img03.png,ok,31616,https://cdn.kustomerhostedcontent.com/media/6036f66758799c770950d98d/7bb43e6a946056359ebee179abb67859.png,no,,https://helpdesk.resy.com/en_us/guest-info-details-S1_vpExna
guest-info-details__img04,guest-info-details,Advanced Analytics - Guest Info: Details,reporting-analytics/advanced-analytics,4,images/reporting-analytics/advanced-analytics/guest-info-details/guest-info-details__img04.png,ok,29170,https://cdn.kustomerhostedcontent.com/media/6036f66758799c770950d98d/37536c6dd10da3a8263912b8095540fb.png,no,,https://helpdesk.resy.com/en_us/guest-info-details-S1_vpExna
guest-info-details__img05,guest-info-details,Advanced Analytics - Guest Info: Details,reporting-analytics/advanced-analytics,5,images/reporting-analytics/advanced-analytics/guest-info-details/guest-info-details__img05.png,ok,52780,https://cdn.kustomerhostedcontent.com/media/6036f66758799c770950d98d/b799b02ec2230270af08b790edf70088.png,no,,https://helpdesk.resy.com/en_us/guest-info-details-S1_vpExna
guest-info-overview__img01,guest-info-overview,Advanced Analytics - Guest Info: Overview,reporting-analytics/advanced-analytics,1,images/reporting-analytics/advanced-analytics/guest-info-overview/guest-info-overview__img01.png,ok,140600,https://cdn.kustomerhostedcontent.com/media/6036f66758799c770950d98d/48e3621d00f6263c01190c9da9dcf2fb.png,no,,https://helpdesk.resy.com/en_us/guest-info-overview-ryhaBVgnp
guest-info-overview__img02,guest-info-overview,Advanced Analytics - Guest Info: Overview,reporting-analytics/advanced-analytics,2,images/reporting-analytics/advanced-analytics/guest-info-overview/guest-info-overview__img02.png,ok,12233,https://cdn.kustomerhostedcontent.com/media/6036f66758799c770950d98d/08b7f7ed839b9657b6a86efa354d89e0.png,no,,https://helpdesk.resy.com/en_us/guest-info-overview-ryhaBVgnp
guest-info-overview__img03,guest-info-overview,Advanced Analytics - Guest Info: Overview,reporting-analytics/advanced-analytics,3,images/reporting-analytics/advanced-analytics/guest-info-overview/guest-info-overview__img03.png,ok,62913,https://cdn.kustomerhostedcontent.com/media/6036f66758799c770950d98d/6330ff23b2973b30d7c377ad830b7329.png,no,,https://helpdesk.resy.com/en_us/guest-info-overview-ryhaBVgnp
guest-info-overview__img04,guest-info-overview,Advanced Analytics - Guest Info: Overview,reporting-analytics/advanced-analytics,4,images/reporting-analytics/advanced-analytics/guest-info-overview/guest-info-overview__img04.png,ok,28013,https://cdn.kustomerhostedcontent.com/media/6036f66758799c770950d98d/d3b3769eba8e1f3add76e2d0cf4ac3a2.png,no,,https://helpdesk.resy.com/en_us/guest-info-overview-ryhaBVgnp
guest-info-overview__img05,guest-info-overview,Advanced Analytics - Guest Info: Overview,reporting-analytics/advanced-analytics,5,images/reporting-analytics/advanced-analytics/guest-info-overview/guest-info-overview__img05.png,ok,42685,https://cdn.kustomerhostedcontent.com/media/6036f66758799c770950d98d/e36aa887eb089f04ee3adee78232dbab.png,no,,https://helpdesk.resy.com/en_us/guest-info-overview-ryhaBVgnp
guest-info-guestbook__img01,guest-info-guestbook,Advanced Analytics - Guest Info: Guestbook,reporting-analytics/advanced-analytics,1,images/reporting-analytics/advanced-analytics/guest-info-guestbook/guest-info-guestbook__img01.png,ok,150798,https://cdn.kustomerhostedcontent.com/media/6036f66758799c770950d98d/5a6a37ac79347b729c51fa104ad96f52.png,no,,https://helpdesk.resy.com/en_us/guest-info-guestbook-Hk8FkHeh6
guest-info-guestbook__img02,guest-info-guestbook,Advanced Analytics - Guest Info: Guestbook,reporting-analytics/advanced-analytics,2,images/reporting-analytics/advanced-analytics/guest-info-guestbook/guest-info-guestbook__img02.png,ok,16022,https://cdn.kustomerhostedcontent.com/media/6036f66758799c770950d98d/1e1b032391839e3534ff4b771e8f5137.png,no,,https://helpdesk.resy.com/en_us/guest-info-guestbook-Hk8FkHeh6
guest-info-trends__img01,guest-info-trends,Advanced Analytics - Guest Info: Trends,reporting-analytics/advanced-analytics,1,images/reporting-analytics/advanced-analytics/guest-info-trends/guest-info-trends__img01.png,ok,118800,https://cdn.kustomerhostedcontent.com/media/6036f66758799c770950d98d/14cd924d9612b3ff704612a3fc079d85.png,no,,https://helpdesk.resy.com/en_us/guest-info-trends-rysFPNgha
guest-info-trends__img02,guest-info-trends,Advanced Analytics - Guest Info: Trends,reporting-analytics/advanced-analytics,2,images/reporting-analytics/advanced-analytics/guest-info-trends/guest-info-trends__img02.png,ok,11339,https://cdn.kustomerhostedcontent.com/media/6036f66758799c770950d98d/f08ea7c6ea2dfa37f16683fdaa2b6e20.png,no,,https://helpdesk.resy.com/en_us/guest-info-trends-rysFPNgha
guest-info-trends__img03,guest-info-trends,Advanced Analytics - Guest Info: Trends,reporting-analytics/advanced-analytics,3,images/reporting-analytics/advanced-analytics/guest-info-trends/guest-info-trends__img03.png,ok,22802,https://cdn.kustomerhostedcontent.com/media/6036f66758799c770950d98d/8a12a833461f393451f11fb0db398bcc.png,no,,https://helpdesk.resy.com/en_us/guest-info-trends-rysFPNgha
guest-info-trends__img04,guest-info-trends,Advanced Analytics - Guest Info: Trends,reporting-analytics/advanced-analytics,4,images/reporting-analytics/advanced-analytics/guest-info-trends/guest-info-trends__img04.png,ok,45497,https://cdn.kustomerhostedcontent.com/media/6036f66758799c770950d98d/036bdfa1ccc05097c6bcea63047ea717.png,no,,https://helpdesk.resy.com/en_us/guest-info-trends-rysFPNgha
guest-info-trends__img05,guest-info-trends,Advanced Analytics - Guest Info: Trends,reporting-analytics/advanced-analytics,5,images/reporting-analytics/advanced-analytics/guest-info-trends/guest-info-trends__img05.png,ok,44723,https://cdn.kustomerhostedcontent.com/media/6036f66758799c770950d98d/e3b75e5dc879ac408831cf46a6b7feef.png,no,,https://helpdesk.resy.com/en_us/guest-info-trends-rysFPNgha
guestbook-download-faq__img01,guestbook-download-faq,Guestbook Download FAQ,general,1,images/general/guestbook-download-faq/guestbook-download-faq__img01.png,ok,138497,https://cdn.kustomerhostedcontent.com/media/6036f66758799c770950d98d/09c69ec1b9df32a3597b3c0b3131d30e.png,no,,https://helpdesk.resy.com/en_us/guestbook-download-faq-rkHePTch
guestbook-download-faq__img02,guestbook-download-faq,Guestbook Download FAQ,general,2,images/general/guestbook-download-faq/guestbook-download-faq__img02.png,ok,130764,,yes,,https://helpdesk.resy.com/en_us/guestbook-download-faq-rkHePTch
guestbook-download-faq__img03,guestbook-download-faq,Guestbook Download FAQ,general,3,images/general/guestbook-download-faq/guestbook-download-faq__img03.png,ok,49454,https://cdn.kustomerhostedcontent.com/media/6036f66758799c770950d98d/ba602577820b0d20a882a08560fd0bfc.png,no,,https://helpdesk.resy.com/en_us/guestbook-download-faq-rkHePTch
guestbook-download-faq__img04,guestbook-download-faq,Guestbook Download FAQ,general,4,images/general/guestbook-download-faq/guestbook-download-faq__img04.png,ok,75805,https://cdn.kustomerhostedcontent.com/media/6036f66758799c770950d98d/359baa08327e82a6ced51441f754ad33.png,no,,https://helpdesk.resy.com/en_us/guestbook-download-faq-rkHePTch
guestbook-download-faq__img05,guestbook-download-faq,Guestbook Download FAQ,general,5,images/general/guestbook-download-faq/guestbook-download-faq__img05.png,ok,13061,https://cdn.kustomerhostedcontent.com/media/6036f66758799c770950d98d/fee7a2548dc0b124c9b1c7ae175d75cc.png,no,,https://helpdesk.resy.com/en_us/guestbook-download-faq-rkHePTch
guestbook-download-faq__img06,guestbook-download-faq,Guestbook Download FAQ,general,6,images/general/guestbook-download-faq/guestbook-download-faq__img06.png,ok,42840,https://cdn.kustomerhostedcontent.com/media/6036f66758799c770950d98d/e2dc02362bf0b601be556561a9f51613.png,no,,https://helpdesk.resy.com/en_us/guestbook-download-faq-rkHePTch
guests-can-invite-fellow-diners-to-their-reservation-party__img01,guests-can-invite-fellow-diners-to-their-reservation-party,How Hosts Can Invite Guests to a Reservation,getting-started-settings/guest-communications,1,images/getting-started-settings/guest-communications/guests-can-invite-fellow-diners-to-their-reservation-party/guests-can-invite-fellow-diners-to-their-reservation-party__img01.png,ok,954189,https://cdn.kustomerhostedcontent.com/media/6036f66758799c770950d98d/7c5c800f3e9e2d502454cd489077a386.png,no,,https://helpdesk.resy.com/en_us/guests-can-invite-fellow-diners-to-their-reservation-party-SJmPvXUO
guests-can-invite-fellow-diners-to-their-reservation-party__img02,guests-can-invite-fellow-diners-to-their-reservation-party,How Hosts Can Invite Guests to a Reservation,getting-started-settings/guest-communications,2,images/getting-started-settings/guest-communications/guests-can-invite-fellow-diners-to-their-reservation-party/guests-can-invite-fellow-diners-to-their-reservation-party__img02.png,ok,633372,https://cdn.kustomerhostedcontent.com/media/6036f66758799c770950d98d/e819608fdbfa6a26417113bdc94b8a10.png,no,,https://helpdesk.resy.com/en_us/guests-can-invite-fellow-diners-to-their-reservation-party-SJmPvXUO
guests-can-invite-fellow-diners-to-their-reservation-party__img03,guests-can-invite-fellow-diners-to-their-reservation-party,How Hosts Can Invite Guests to a Reservation,getting-started-settings/guest-communications,3,images/getting-started-settings/guest-communications/guests-can-invite-fellow-diners-to-their-reservation-party/guests-can-invite-fellow-diners-to-their-reservation-party__img03.png,ok,182386,https://cdn.kustomerhostedcontent.com/media/6036f66758799c770950d98d/c21d4a0e89f8d15bf49ce2c246542385.png,no,,https://helpdesk.resy.com/en_us/guests-can-invite-fellow-diners-to-their-reservation-party-SJmPvXUO
guests-can-invite-fellow-diners-to-their-reservation-party__img04,guests-can-invite-fellow-diners-to-their-reservation-party,How Hosts Can Invite Guests to a Reservation,getting-started-settings/guest-communications,4,images/getting-started-settings/guest-communications/guests-can-invite-fellow-diners-to-their-reservation-party/guests-can-invite-fellow-diners-to-their-reservation-party__img04.png,ok,344181,https://cdn.kustomerhostedcontent.com/media/6036f66758799c770950d98d/c5bda1d734bc4e1c9ed0fa42afb01ff5.png,no,,https://helpdesk.resy.com/en_us/guests-can-invite-fellow-diners-to-their-reservation-party-SJmPvXUO
guests-can-invite-fellow-diners-to-their-reservation-party__img05,guests-can-invite-fellow-diners-to-their-reservation-party,How Hosts Can Invite Guests to a Reservation,getting-started-settings/guest-communications,5,images/getting-started-settings/guest-communications/guests-can-invite-fellow-diners-to-their-reservation-party/guests-can-invite-fellow-diners-to-their-reservation-party__img05.png,ok,820723,https://cdn.kustomerhostedcontent.com/media/6036f66758799c770950d98d/70d25d0584f4b9c29f9904f9f34e24b5.png,no,,https://helpdesk.resy.com/en_us/guests-can-invite-fellow-diners-to-their-reservation-party-SJmPvXUO
guests-can-invite-fellow-diners-to-their-reservation-party__img06,guests-can-invite-fellow-diners-to-their-reservation-party,How Hosts Can Invite Guests to a Reservation,getting-started-settings/guest-communications,6,images/getting-started-settings/guest-communications/guests-can-invite-fellow-diners-to-their-reservation-party/guests-can-invite-fellow-diners-to-their-reservation-party__img06.png,ok,1001216,https://cdn.kustomerhostedcontent.com/media/6036f66758799c770950d98d/d347c880f1606b9c6100b487a7d306b9.png,no,,https://helpdesk.resy.com/en_us/guests-can-invite-fellow-diners-to-their-reservation-party-SJmPvXUO
guide-to-stripe-disputes__img01,guide-to-stripe-disputes,Resy Guide to Stripe Disputes,general,1,images/general/guide-to-stripe-disputes/guide-to-stripe-disputes__img01.png,ok,143787,,yes,,https://helpdesk.resy.com/en_us/guide-to-stripe-disputes-HyK_UHHza
guide-to-stripe-disputes__img02,guide-to-stripe-disputes,Resy Guide to Stripe Disputes,general,2,images/general/guide-to-stripe-disputes/guide-to-stripe-disputes__img02.png,ok,210739,https://cdn.kustomerhostedcontent.com/media/6036f66758799c770950d98d/1c6c617704a22927632b4b3050e6d36d.png,no,,https://helpdesk.resy.com/en_us/guide-to-stripe-disputes-HyK_UHHza
guide-to-stripe-disputes__img03,guide-to-stripe-disputes,Resy Guide to Stripe Disputes,general,3,images/general/guide-to-stripe-disputes/guide-to-stripe-disputes__img03.jpg,ok,645943,https://cdn.kustomerhostedcontent.com/media/6036f66758799c770950d98d/f2e5058105b333153c5e953786713058.jpg,no,,https://helpdesk.resy.com/en_us/guide-to-stripe-disputes-HyK_UHHza
guide-to-stripe-disputes__img04,guide-to-stripe-disputes,Resy Guide to Stripe Disputes,general,4,images/general/guide-to-stripe-disputes/guide-to-stripe-disputes__img04.png,ok,238884,https://cdn.kustomerhostedcontent.com/media/6036f66758799c770950d98d/e259cbf987609e8d9ac312e0657fa864.png,no,,https://helpdesk.resy.com/en_us/guide-to-stripe-disputes-HyK_UHHza
guide-to-stripe-disputes__img05,guide-to-stripe-disputes,Resy Guide to Stripe Disputes,general,5,images/general/guide-to-stripe-disputes/guide-to-stripe-disputes__img05.png,ok,266802,https://cdn.kustomerhostedcontent.com/media/6036f66758799c770950d98d/43a3a8980e6823b93e4a9981c03c3449.png,no,,https://helpdesk.resy.com/en_us/guide-to-stripe-disputes-HyK_UHHza
how-can-i-manage-add-on-items__img01,how-can-i-manage-add-on-items,Manage and Edit Add-on Items,resy-40/add-on-items,1,images/resy-40/add-on-items/how-can-i-manage-add-on-items/how-can-i-manage-add-on-items__img01.png,ok,142056,https://cdn.kustomerhostedcontent.com/media/6036f66758799c770950d98d/71498b7848e7aa4919e7009e38476959.png,no,,https://helpdesk.resy.com/en_us/how-can-i-manage-add-on-items-S1vobw7UO
how-can-i-manage-add-on-items__img02,how-can-i-manage-add-on-items,Manage and Edit Add-on Items,resy-40/add-on-items,2,images/resy-40/add-on-items/how-can-i-manage-add-on-items/how-can-i-manage-add-on-items__img02.png,ok,55605,https://cdn.kustomerhostedcontent.com/media/6036f66758799c770950d98d/b111d61f4ba85965a3ae879a8039d75d.png,no,,https://helpdesk.resy.com/en_us/how-can-i-manage-add-on-items-S1vobw7UO
how-can-i-manage-add-on-items__img03,how-can-i-manage-add-on-items,Manage and Edit Add-on Items,resy-40/add-on-items,3,images/resy-40/add-on-items/how-can-i-manage-add-on-items/how-can-i-manage-add-on-items__img03.png,ok,114761,https://cdn.kustomerhostedcontent.com/media/6036f66758799c770950d98d/50d5778e0f741807ccd57dba10fe218f.png,no,,https://helpdesk.resy.com/en_us/how-can-i-manage-add-on-items-S1vobw7UO
how-do-i-charge-a-cancellation-or-no-show-fee__img01,how-do-i-charge-a-cancellation-or-no-show-fee,Cancellation Fee Charges,in-service-troubleshooting/cancellation-policy-and-payments,1,images/in-service-troubleshooting/cancellation-policy-and-payments/how-do-i-charge-a-cancellation-or-no-show-fee/how-do-i-charge-a-cancellation-or-no-show-fee__img01.png,ok,643290,https://cdn.kustomerhostedcontent.com/media/6036f66758799c770950d98d/f295ce9122288f1996f93c1d5a82415d.png,no,,https://helpdesk.resy.com/en_us/how-do-i-charge-a-cancellation-or-no-show-fee-HJQXfP7Lu
how-do-i-charge-a-cancellation-or-no-show-fee__img02,how-do-i-charge-a-cancellation-or-no-show-fee,Cancellation Fee Charges,in-service-troubleshooting/cancellation-policy-and-payments,2,images/in-service-troubleshooting/cancellation-policy-and-payments/how-do-i-charge-a-cancellation-or-no-show-fee/how-do-i-charge-a-cancellation-or-no-show-fee__img02.png,ok,343902,https://cdn.kustomerhostedcontent.com/media/6036f66758799c770950d98d/e51ac116cec0fb667623936845053291.png,no,,https://helpdesk.resy.com/en_us/how-do-i-charge-a-cancellation-or-no-show-fee-HJQXfP7Lu
how-do-i-charge-a-cancellation-or-no-show-fee__img03,how-do-i-charge-a-cancellation-or-no-show-fee,Cancellation Fee Charges,in-service-troubleshooting/cancellation-policy-and-payments,3,images/in-service-troubleshooting/cancellation-policy-and-payments/how-do-i-charge-a-cancellation-or-no-show-fee/how-do-i-charge-a-cancellation-or-no-show-fee__img03.png,ok,455103,https://cdn.kustomerhostedcontent.com/media/6036f66758799c770950d98d/1c22c86b604cb8adbf301e43599362e7.png,no,,https://helpdesk.resy.com/en_us/how-do-i-charge-a-cancellation-or-no-show-fee-HJQXfP7Lu
how-do-i-add-payment-to-a-reservation__img01,how-do-i-add-payment-to-a-reservation,Adding a Guest's Credit Card Information to a Reservation,in-service-troubleshooting/cancellation-policy-and-payments,1,images/in-service-troubleshooting/cancellation-policy-and-payments/how-do-i-add-payment-to-a-reservation/how-do-i-add-payment-to-a-reservation__img01.png,ok,248766,,yes,,https://helpdesk.resy.com/en_us/how-do-i-add-payment-to-a-reservation-H1GXfv78u
how-do-i-add-payment-to-a-reservation__img02,how-do-i-add-payment-to-a-reservation,Adding a Guest's Credit Card Information to a Reservation,in-service-troubleshooting/cancellation-policy-and-payments,2,images/in-service-troubleshooting/cancellation-policy-and-payments/how-do-i-add-payment-to-a-reservation/how-do-i-add-payment-to-a-reservation__img02.png,ok,182565,https://cdn.kustomerhostedcontent.com/media/6036f66758799c770950d98d/ff4a003995316a3f790dad4175a9f404.PNG,no,,https://helpdesk.resy.com/en_us/how-do-i-add-payment-to-a-reservation-H1GXfv78u
how-do-i-add-payment-to-a-reservation__img03,how-do-i-add-payment-to-a-reservation,Adding a Guest's Credit Card Information to a Reservation,in-service-troubleshooting/cancellation-policy-and-payments,3,images/in-service-troubleshooting/cancellation-policy-and-payments/how-do-i-add-payment-to-a-reservation/how-do-i-add-payment-to-a-reservation__img03.png,ok,180474,https://cdn.kustomerhostedcontent.com/media/6036f66758799c770950d98d/2aac7fe661c18de3dad2e1f1a68d88d1.PNG,no,,https://helpdesk.resy.com/en_us/how-do-i-add-payment-to-a-reservation-H1GXfv78u
how-to-activate-floor-plan-and-edit-table-availability-in-dashboard-for-a-shift__img01,how-to-activate-floor-plan-and-edit-table-availability-in-dashboard-for-a-shift,Activating a New Floor Plan,getting-started-settings/single-day-edits,1,images/getting-started-settings/single-day-edits/how-to-activate-floor-plan-and-edit-table-availability-in-dashboard-for-a-shift/how-to-activate-floor-plan-and-edit-table-availability-in-dashboard-for-a-shift__img01.png,ok,63560,https://cdn.kustomerhostedcontent.com/media/6036f66758799c770950d98d/6bee92560b0c0e425d1f8ed61c1fa3e4.png,no,,https://helpdesk.resy.com/en_us/how-to-activate-floor-plan-and-edit-table-availability-in-dashboard-for-a-shift-BJEnbPXUd
how-to-activate-floor-plan-and-edit-table-availability-in-dashboard-for-a-shift__img02,how-to-activate-floor-plan-and-edit-table-availability-in-dashboard-for-a-shift,Activating a New Floor Plan,getting-started-settings/single-day-edits,2,images/getting-started-settings/single-day-edits/how-to-activate-floor-plan-and-edit-table-availability-in-dashboard-for-a-shift/how-to-activate-floor-plan-and-edit-table-availability-in-dashboard-for-a-shift__img02.png,ok,175512,https://cdn.kustomerhostedcontent.com/media/6036f66758799c770950d98d/693f486d29eb5d5880d6a007801aaa86.png,no,,https://helpdesk.resy.com/en_us/how-to-activate-floor-plan-and-edit-table-availability-in-dashboard-for-a-shift-BJEnbPXUd
how-to-activate-floor-plan-and-edit-table-availability-in-dashboard-for-a-shift__img03,how-to-activate-floor-plan-and-edit-table-availability-in-dashboard-for-a-shift,Activating a New Floor Plan,getting-started-settings/single-day-edits,3,images/getting-started-settings/single-day-edits/how-to-activate-floor-plan-and-edit-table-availability-in-dashboard-for-a-shift/how-to-activate-floor-plan-and-edit-table-availability-in-dashboard-for-a-shift__img03.png,ok,124044,https://cdn.kustomerhostedcontent.com/media/6036f66758799c770950d98d/9bc34489dfe9354eb4d181214b6d2630.png,no,,https://helpdesk.resy.com/en_us/how-to-activate-floor-plan-and-edit-table-availability-in-dashboard-for-a-shift-BJEnbPXUd
how-to-add-a-guest-profile-to-a-seated-walk-in__img01,how-to-add-a-guest-profile-to-a-seated-walk-in,How do I add a guest's profile information after seating a Walk-in?,in-service-troubleshooting/guest-profile,1,images/in-service-troubleshooting/guest-profile/how-to-add-a-guest-profile-to-a-seated-walk-in/how-to-add-a-guest-profile-to-a-seated-walk-in__img01.gif,ok,6386736,https://cdn.kustomerhostedcontent.com/media/6036f66758799c770950d98d/05592f7a583edc3d3444593cd2377735.gif,no,,https://helpdesk.resy.com/en_us/how-to-add-a-guest-profile-to-a-seated-walk-in-rJRefDX8_
how-to-activate-floor-plan-and-edit-table-availability-for-a-single-day__img01,how-to-activate-floor-plan-and-edit-table-availability-for-a-single-day,Single Day Edits to Floor Plan and Availability,getting-started-settings/single-day-edits,1,images/getting-started-settings/single-day-edits/how-to-activate-floor-plan-and-edit-table-availability-for-a-single-day/how-to-activate-floor-plan-and-edit-table-availability-for-a-single-day__img01.png,ok,52276,https://cdn.kustomerhostedcontent.com/media/6036f66758799c770950d98d/e5160efa466439c02ac284ff5e49e56d.png,no,,https://helpdesk.resy.com/en_us/how-to-activate-floor-plan-and-edit-table-availability-for-a-single-day-H1Q3Wv7IO
how-to-activate-floor-plan-and-edit-table-availability-for-a-single-day__img02,how-to-activate-floor-plan-and-edit-table-availability-for-a-single-day,Single Day Edits to Floor Plan and Availability,getting-started-settings/single-day-edits,2,images/getting-started-settings/single-day-edits/how-to-activate-floor-plan-and-edit-table-availability-for-a-single-day/how-to-activate-floor-plan-and-edit-table-availability-for-a-single-day__img02.png,ok,71675,https://cdn.kustomerhostedcontent.com/media/6036f66758799c770950d98d/cc022004adc63b53ab1abf27c42a45a4.png,no,,https://helpdesk.resy.com/en_us/how-to-activate-floor-plan-and-edit-table-availability-for-a-single-day-H1Q3Wv7IO
how-to-activate-floor-plan-and-edit-table-availability-for-a-single-day__img03,how-to-activate-floor-plan-and-edit-table-availability-for-a-single-day,Single Day Edits to Floor Plan and Availability,getting-started-settings/single-day-edits,3,images/getting-started-settings/single-day-edits/how-to-activate-floor-plan-and-edit-table-availability-for-a-single-day/how-to-activate-floor-plan-and-edit-table-availability-for-a-single-day__img03.png,ok,54862,https://cdn.kustomerhostedcontent.com/media/6036f66758799c770950d98d/7dd26687f79606b5a6a7a35e4d1f7e2e.png,no,,https://helpdesk.resy.com/en_us/how-to-activate-floor-plan-and-edit-table-availability-for-a-single-day-H1Q3Wv7IO
how-to-add-a-guest__img01,how-to-add-a-guest,How to Add a New Guest in Resy OS,general,1,images/general/how-to-add-a-guest/how-to-add-a-guest__img01.gif,ok,6813368,https://cdn.kustomerhostedcontent.com/media/6036f66758799c770950d98d/feeb368db26f8a00c791bb5d35782c3a.gif,no,,https://helpdesk.resy.com/en_us/how-to-add-a-guest-ry4nsm3q
how-to-add-guest-and-visit-tags-to-a-reservation-in-resy-os__img01,how-to-add-guest-and-visit-tags-to-a-reservation-in-resy-os,Create and Add Guest and Visit Tags to a Reservation,getting-started-settings/ipad-settings,1,images/getting-started-settings/ipad-settings/how-to-add-guest-and-visit-tags-to-a-reservation-in-resy-os/how-to-add-guest-and-visit-tags-to-a-reservation-in-resy-os__img01.png,ok,209287,https://cdn.kustomerhostedcontent.com/media/6036f66758799c770950d98d/d1ef3eb02f62c7c464599fce590f00ec.png,no,,https://helpdesk.resy.com/en_us/how-to-add-guest-and-visit-tags-to-a-reservation-in-resy-os-r14ZzPXL_
how-to-add-guest-and-visit-tags-to-a-reservation-in-resy-os__img02,how-to-add-guest-and-visit-tags-to-a-reservation-in-resy-os,Create and Add Guest and Visit Tags to a Reservation,getting-started-settings/ipad-settings,2,images/getting-started-settings/ipad-settings/how-to-add-guest-and-visit-tags-to-a-reservation-in-resy-os/how-to-add-guest-and-visit-tags-to-a-reservation-in-resy-os__img02.png,ok,15310,,yes,,https://helpdesk.resy.com/en_us/how-to-add-guest-and-visit-tags-to-a-reservation-in-resy-os-r14ZzPXL_
how-to-add-guest-and-visit-tags-to-a-reservation-in-resy-os__img03,how-to-add-guest-and-visit-tags-to-a-reservation-in-resy-os,Create and Add Guest and Visit Tags to a Reservation,getting-started-settings/ipad-settings,3,images/getting-started-settings/ipad-settings/how-to-add-guest-and-visit-tags-to-a-reservation-in-resy-os/how-to-add-guest-and-visit-tags-to-a-reservation-in-resy-os__img03.gif,ok,3359232,https://cdn.kustomerhostedcontent.com/media/6036f66758799c770950d98d/8803b2f7ec3a3fac4aeae705e4b93874.gif,no,,https://helpdesk.resy.com/en_us/how-to-add-guest-and-visit-tags-to-a-reservation-in-resy-os-r14ZzPXL_
how-to-add-guest-and-visit-tags-to-a-reservation-in-resy-os__img04,how-to-add-guest-and-visit-tags-to-a-reservation-in-resy-os,Create and Add Guest and Visit Tags to a Reservation,getting-started-settings/ipad-settings,4,images/getting-started-settings/ipad-settings/how-to-add-guest-and-visit-tags-to-a-reservation-in-resy-os/how-to-add-guest-and-visit-tags-to-a-reservation-in-resy-os__img04.gif,ok,6855381,https://cdn.kustomerhostedcontent.com/media/6036f66758799c770950d98d/832a042f786333f28ba1b8e9f2d9c86e.gif,no,,https://helpdesk.resy.com/en_us/how-to-add-guest-and-visit-tags-to-a-reservation-in-resy-os-r14ZzPXL_
how-to-add-guest-and-visit-tags-to-a-reservation-in-resy-os__img05,how-to-add-guest-and-visit-tags-to-a-reservation-in-resy-os,Create and Add Guest and Visit Tags to a Reservation,getting-started-settings/ipad-settings,5,images/getting-started-settings/ipad-settings/how-to-add-guest-and-visit-tags-to-a-reservation-in-resy-os/how-to-add-guest-and-visit-tags-to-a-reservation-in-resy-os__img05.gif,ok,3730826,https://cdn.kustomerhostedcontent.com/media/6036f66758799c770950d98d/a9909c56c1e12442c4b493dff34feaaf.gif,no,,https://helpdesk.resy.com/en_us/how-to-add-guest-and-visit-tags-to-a-reservation-in-resy-os-r14ZzPXL_
how-to-add-guest-and-visit-tags-to-a-reservation-in-resy-os__img06,how-to-add-guest-and-visit-tags-to-a-reservation-in-resy-os,Create and Add Guest and Visit Tags to a Reservation,getting-started-settings/ipad-settings,6,images/getting-started-settings/ipad-settings/how-to-add-guest-and-visit-tags-to-a-reservation-in-resy-os/how-to-add-guest-and-visit-tags-to-a-reservation-in-resy-os__img06.jpg,ok,136882,https://cdn.kustomerhostedcontent.com/media/6036f66758799c770950d98d/48c3a84808d1f16602ef04d4db4e9ce0.jpeg,no,,https://helpdesk.resy.com/en_us/how-to-add-guest-and-visit-tags-to-a-reservation-in-resy-os-r14ZzPXL_
how-to-add-guest-and-visit-tags-to-a-reservation-in-resy-os__img07,how-to-add-guest-and-visit-tags-to-a-reservation-in-resy-os,Create and Add Guest and Visit Tags to a Reservation,getting-started-settings/ipad-settings,7,images/getting-started-settings/ipad-settings/how-to-add-guest-and-visit-tags-to-a-reservation-in-resy-os/how-to-add-guest-and-visit-tags-to-a-reservation-in-resy-os__img07.png,ok,197976,https://cdn.kustomerhostedcontent.com/media/6036f66758799c770950d98d/73a63545bd70e40351540802ea8cab3c.png,no,,https://helpdesk.resy.com/en_us/how-to-add-guest-and-visit-tags-to-a-reservation-in-resy-os-r14ZzPXL_
how-to-add-guest-and-visit-tags-to-a-reservation-in-resy-os__img08,how-to-add-guest-and-visit-tags-to-a-reservation-in-resy-os,Create and Add Guest and Visit Tags to a Reservation,getting-started-settings/ipad-settings,8,images/getting-started-settings/ipad-settings/how-to-add-guest-and-visit-tags-to-a-reservation-in-resy-os/how-to-add-guest-and-visit-tags-to-a-reservation-in-resy-os__img08.png,ok,310428,https://cdn.kustomerhostedcontent.com/media/6036f66758799c770950d98d/0757ce1206b8193bbb86f407f1e8018d.png,no,,https://helpdesk.resy.com/en_us/how-to-add-guest-and-visit-tags-to-a-reservation-in-resy-os-r14ZzPXL_
how-to-add-cancellation-policy-to-a-reservation__img01,how-to-add-cancellation-policy-to-a-reservation,Cancellation Policy,getting-started-settings/reservation-settings,1,images/getting-started-settings/reservation-settings/how-to-add-cancellation-policy-to-a-reservation/how-to-add-cancellation-policy-to-a-reservation__img01.png,ok,188902,https://cdn.kustomerhostedcontent.com/media/6036f66758799c770950d98d/cd016ebaeb0ad2959b21106bc1da9009.png,no,,https://helpdesk.resy.com/en_us/how-to-add-cancellation-policy-to-a-reservation-BkF2ZDQIu
how-to-add-cancellation-policy-to-a-reservation__img02,how-to-add-cancellation-policy-to-a-reservation,Cancellation Policy,getting-started-settings/reservation-settings,2,images/getting-started-settings/reservation-settings/how-to-add-cancellation-policy-to-a-reservation/how-to-add-cancellation-policy-to-a-reservation__img02.png,ok,146648,https://cdn.kustomerhostedcontent.com/media/6036f66758799c770950d98d/f5df92dd2655b64a951defb3533a7e2a.png,no,,https://helpdesk.resy.com/en_us/how-to-add-cancellation-policy-to-a-reservation-BkF2ZDQIu
how-to-add-cancellation-policy-to-a-reservation__img03,how-to-add-cancellation-policy-to-a-reservation,Cancellation Policy,getting-started-settings/reservation-settings,3,images/getting-started-settings/reservation-settings/how-to-add-cancellation-policy-to-a-reservation/how-to-add-cancellation-policy-to-a-reservation__img03.png,ok,154553,https://cdn.kustomerhostedcontent.com/media/6036f66758799c770950d98d/56e1615c32bfbd7c3145d5f05223711a.png,no,,https://helpdesk.resy.com/en_us/how-to-add-cancellation-policy-to-a-reservation-BkF2ZDQIu
how-to-add-cancellation-policy-to-a-reservation__img04,how-to-add-cancellation-policy-to-a-reservation,Cancellation Policy,getting-started-settings/reservation-settings,4,images/getting-started-settings/reservation-settings/how-to-add-cancellation-policy-to-a-reservation/how-to-add-cancellation-policy-to-a-reservation__img04.png,ok,153748,https://cdn.kustomerhostedcontent.com/media/6036f66758799c770950d98d/5d80fa446f22ba19ebd443b86af72286.png,no,,https://helpdesk.resy.com/en_us/how-to-add-cancellation-policy-to-a-reservation-BkF2ZDQIu
how-to-adjust-your-base-shift-when-hosting-an-event__img01,how-to-adjust-your-base-shift-when-hosting-an-event,How do I adjust my normal shift when I'm hosting an event that changes availability?,events-virtual-experiences,1,images/events-virtual-experiences/how-to-adjust-your-base-shift-when-hosting-an-event/how-to-adjust-your-base-shift-when-hosting-an-event__img01.png,ok,108709,https://cdn.kustomerhostedcontent.com/media/6036f66758799c770950d98d/815bda39b614773464e76e1cf474af86.png,no,,https://helpdesk.resy.com/en_us/how-to-adjust-your-base-shift-when-hosting-an-event-rySYbv7Ld
how-to-adjust-your-base-shift-when-hosting-an-event__img02,how-to-adjust-your-base-shift-when-hosting-an-event,How do I adjust my normal shift when I'm hosting an event that changes availability?,events-virtual-experiences,2,images/events-virtual-experiences/how-to-adjust-your-base-shift-when-hosting-an-event/how-to-adjust-your-base-shift-when-hosting-an-event__img02.png,ok,89790,https://cdn.kustomerhostedcontent.com/media/6036f66758799c770950d98d/e2c7ff7e86f60756f84538adacb971ed.png,no,,https://helpdesk.resy.com/en_us/how-to-adjust-your-base-shift-when-hosting-an-event-rySYbv7Ld
how-to-adjust-your-base-shift-when-hosting-an-event__img03,how-to-adjust-your-base-shift-when-hosting-an-event,How do I adjust my normal shift when I'm hosting an event that changes availability?,events-virtual-experiences,3,images/events-virtual-experiences/how-to-adjust-your-base-shift-when-hosting-an-event/how-to-adjust-your-base-shift-when-hosting-an-event__img03.png,ok,59518,https://cdn.kustomerhostedcontent.com/media/6036f66758799c770950d98d/54e330cc13efb0333cdd290f95c6d707.png,no,,https://helpdesk.resy.com/en_us/how-to-adjust-your-base-shift-when-hosting-an-event-rySYbv7Ld
how-to-adjust-your-base-shift-when-hosting-an-event__img04,how-to-adjust-your-base-shift-when-hosting-an-event,How do I adjust my normal shift when I'm hosting an event that changes availability?,events-virtual-experiences,4,images/events-virtual-experiences/how-to-adjust-your-base-shift-when-hosting-an-event/how-to-adjust-your-base-shift-when-hosting-an-event__img04.png,ok,80845,https://cdn.kustomerhostedcontent.com/media/6036f66758799c770950d98d/e044911bfe25ef93ebf6b49419dae261.png,no,,https://helpdesk.resy.com/en_us/how-to-adjust-your-base-shift-when-hosting-an-event-rySYbv7Ld
how-to-adjust-your-base-shift-when-hosting-an-event__img05,how-to-adjust-your-base-shift-when-hosting-an-event,How do I adjust my normal shift when I'm hosting an event that changes availability?,events-virtual-experiences,5,images/events-virtual-experiences/how-to-adjust-your-base-shift-when-hosting-an-event/how-to-adjust-your-base-shift-when-hosting-an-event__img05.png,ok,118781,https://cdn.kustomerhostedcontent.com/media/6036f66758799c770950d98d/071443257e487788af920520eaafb9aa.png,no,,https://helpdesk.resy.com/en_us/how-to-adjust-your-base-shift-when-hosting-an-event-rySYbv7Ld
how-to-block-a-table-for-a-shift-in-resyos__img01,how-to-block-a-table-for-a-shift-in-resyos,Block and Unblock a Table in Resy OS,in-service-troubleshooting/availability,1,images/in-service-troubleshooting/availability/how-to-block-a-table-for-a-shift-in-resyos/how-to-block-a-table-for-a-shift-in-resyos__img01.gif,ok,2592856,https://cdn.kustomerhostedcontent.com/media/6036f66758799c770950d98d/eeead1592ce374181477596e5c6b66e9.gif,no,,https://helpdesk.resy.com/en_us/how-to-block-a-table-for-a-shift-in-resyos-HJQxMw78u
how-to-block-a-table-for-a-shift-in-resyos__img02,how-to-block-a-table-for-a-shift-in-resyos,Block and Unblock a Table in Resy OS,in-service-troubleshooting/availability,2,images/in-service-troubleshooting/availability/how-to-block-a-table-for-a-shift-in-resyos/how-to-block-a-table-for-a-shift-in-resyos__img02.gif,ok,2265979,https://cdn.kustomerhostedcontent.com/media/6036f66758799c770950d98d/4e51cdf9f3041fd8ed294be2810d572f.gif,no,,https://helpdesk.resy.com/en_us/how-to-block-a-table-for-a-shift-in-resyos-HJQxMw78u
how-to-block-a-table-for-a-shift-in-resyos__img03,how-to-block-a-table-for-a-shift-in-resyos,Block and Unblock a Table in Resy OS,in-service-troubleshooting/availability,3,images/in-service-troubleshooting/availability/how-to-block-a-table-for-a-shift-in-resyos/how-to-block-a-table-for-a-shift-in-resyos__img03.gif,ok,833539,https://cdn.kustomerhostedcontent.com/media/6036f66758799c770950d98d/4fec4a48df9ba69e3f2fb84c4723d944.gif,no,,https://helpdesk.resy.com/en_us/how-to-block-a-table-for-a-shift-in-resyos-HJQxMw78u
how-to-block-a-table-for-a-shift-in-resyos__img04,how-to-block-a-table-for-a-shift-in-resyos,Block and Unblock a Table in Resy OS,in-service-troubleshooting/availability,4,images/in-service-troubleshooting/availability/how-to-block-a-table-for-a-shift-in-resyos/how-to-block-a-table-for-a-shift-in-resyos__img04.gif,ok,4721756,https://cdn.kustomerhostedcontent.com/media/6036f66758799c770950d98d/98d2ddc51f54a6d39c1096a4f65393fe.gif,no,,https://helpdesk.resy.com/en_us/how-to-block-a-table-for-a-shift-in-resyos-HJQxMw78u
how-to-block-a-table-for-a-shift-in-resyos__img05,how-to-block-a-table-for-a-shift-in-resyos,Block and Unblock a Table in Resy OS,in-service-troubleshooting/availability,5,images/in-service-troubleshooting/availability/how-to-block-a-table-for-a-shift-in-resyos/how-to-block-a-table-for-a-shift-in-resyos__img05.gif,ok,3898733,https://cdn.kustomerhostedcontent.com/media/6036f66758799c770950d98d/5f066f0836935c867a00337cd7e4c79c.gif,no,,https://helpdesk.resy.com/en_us/how-to-block-a-table-for-a-shift-in-resyos-HJQxMw78u
how-to-block-a-table-for-a-shift-in-resyos__img06,how-to-block-a-table-for-a-shift-in-resyos,Block and Unblock a Table in Resy OS,in-service-troubleshooting/availability,6,images/in-service-troubleshooting/availability/how-to-block-a-table-for-a-shift-in-resyos/how-to-block-a-table-for-a-shift-in-resyos__img06.gif,ok,2389504,https://cdn.kustomerhostedcontent.com/media/6036f66758799c770950d98d/ca5a1388b824f7432f48a513ebaf2e70.gif,no,,https://helpdesk.resy.com/en_us/how-to-block-a-table-for-a-shift-in-resyos-HJQxMw78u
how-to-add-visit-notes-and-guest-notes-in-resyos__img01,how-to-add-visit-notes-and-guest-notes-in-resyos,Add Guest and Visit Notes in Resy OS,in-service-troubleshooting/guest-profile,1,images/in-service-troubleshooting/guest-profile/how-to-add-visit-notes-and-guest-notes-in-resyos/how-to-add-visit-notes-and-guest-notes-in-resyos__img01.gif,ok,7060615,https://cdn.kustomerhostedcontent.com/media/6036f66758799c770950d98d/69b5c6f970a25c9e748cb0290729b49c.gif,no,,https://helpdesk.resy.com/en_us/how-to-add-visit-notes-and-guest-notes-in-resyos-BkmZfvmI_
how-to-add-visit-notes-and-guest-notes-in-resyos__img02,how-to-add-visit-notes-and-guest-notes-in-resyos,Add Guest and Visit Notes in Resy OS,in-service-troubleshooting/guest-profile,2,images/in-service-troubleshooting/guest-profile/how-to-add-visit-notes-and-guest-notes-in-resyos/how-to-add-visit-notes-and-guest-notes-in-resyos__img02.gif,ok,6154236,https://cdn.kustomerhostedcontent.com/media/6036f66758799c770950d98d/482173395cb68615495d5b4229431bb3.gif,no,,https://helpdesk.resy.com/en_us/how-to-add-visit-notes-and-guest-notes-in-resyos-BkmZfvmI_
how-to-add-visit-notes-and-guest-notes-in-resyos__img03,how-to-add-visit-notes-and-guest-notes-in-resyos,Add Guest and Visit Notes in Resy OS,in-service-troubleshooting/guest-profile,3,images/in-service-troubleshooting/guest-profile/how-to-add-visit-notes-and-guest-notes-in-resyos/how-to-add-visit-notes-and-guest-notes-in-resyos__img03.png,ok,255035,https://cdn.kustomerhostedcontent.com/media/6036f66758799c770950d98d/4b47f31ea95ebb316609e63a8ca8956b.png,no,,https://helpdesk.resy.com/en_us/how-to-add-visit-notes-and-guest-notes-in-resyos-BkmZfvmI_
how-to-add-visit-notes-and-guest-notes-in-resyos__img04,how-to-add-visit-notes-and-guest-notes-in-resyos,Add Guest and Visit Notes in Resy OS,in-service-troubleshooting/guest-profile,4,images/in-service-troubleshooting/guest-profile/how-to-add-visit-notes-and-guest-notes-in-resyos/how-to-add-visit-notes-and-guest-notes-in-resyos__img04.png,ok,187441,https://cdn.kustomerhostedcontent.com/media/6036f66758799c770950d98d/9587c311950bc4c9aca0041453a9538e.png,no,,https://helpdesk.resy.com/en_us/how-to-add-visit-notes-and-guest-notes-in-resyos-BkmZfvmI_
how-to-add-visit-notes-and-guest-notes-in-resyos__img05,how-to-add-visit-notes-and-guest-notes-in-resyos,Add Guest and Visit Notes in Resy OS,in-service-troubleshooting/guest-profile,5,images/in-service-troubleshooting/guest-profile/how-to-add-visit-notes-and-guest-notes-in-resyos/how-to-add-visit-notes-and-guest-notes-in-resyos__img05.png,ok,136332,https://cdn.kustomerhostedcontent.com/media/6036f66758799c770950d98d/7f5242ee7213070befc0c434c4b57cea.png,no,,https://helpdesk.resy.com/en_us/how-to-add-visit-notes-and-guest-notes-in-resyos-BkmZfvmI_
how-to-add-visit-notes-and-guest-notes-in-resyos__img06,how-to-add-visit-notes-and-guest-notes-in-resyos,Add Guest and Visit Notes in Resy OS,in-service-troubleshooting/guest-profile,6,images/in-service-troubleshooting/guest-profile/how-to-add-visit-notes-and-guest-notes-in-resyos/how-to-add-visit-notes-and-guest-notes-in-resyos__img06.png,ok,245601,https://cdn.kustomerhostedcontent.com/media/6036f66758799c770950d98d/70cd6f01a15f5ab0f3881096326f7454.png,no,,https://helpdesk.resy.com/en_us/how-to-add-visit-notes-and-guest-notes-in-resyos-BkmZfvmI_
how-to-book-a-reservation-in-resyos-app__img01,how-to-book-a-reservation-in-resyos-app,Book a Reservation on the Resy OS App,in-service-troubleshooting/reservations-walk-ins,1,images/in-service-troubleshooting/reservations-walk-ins/how-to-book-a-reservation-in-resyos-app/how-to-book-a-reservation-in-resyos-app__img01.png,ok,193460,https://cdn.kustomerhostedcontent.com/media/6036f66758799c770950d98d/345b34aba7eba7548d210728f49bc478.png,no,,https://helpdesk.resy.com/en_us/how-to-book-a-reservation-in-resyos-app-rJxfGvXIu
how-to-book-a-reservation-in-resyos-app__img02,how-to-book-a-reservation-in-resyos-app,Book a Reservation on the Resy OS App,in-service-troubleshooting/reservations-walk-ins,2,images/in-service-troubleshooting/reservations-walk-ins/how-to-book-a-reservation-in-resyos-app/how-to-book-a-reservation-in-resyos-app__img02.png,ok,273286,https://cdn.kustomerhostedcontent.com/media/6036f66758799c770950d98d/cf38af814d0821efd15b40a66939f6d8.png,no,,https://helpdesk.resy.com/en_us/how-to-book-a-reservation-in-resyos-app-rJxfGvXIu
how-to-book-a-reservation-in-resyos-app__img03,how-to-book-a-reservation-in-resyos-app,Book a Reservation on the Resy OS App,in-service-troubleshooting/reservations-walk-ins,3,images/in-service-troubleshooting/reservations-walk-ins/how-to-book-a-reservation-in-resyos-app/how-to-book-a-reservation-in-resyos-app__img03.png,ok,263852,https://cdn.kustomerhostedcontent.com/media/6036f66758799c770950d98d/a31e204cd661babcc114ce309f3cddf2.png,no,,https://helpdesk.resy.com/en_us/how-to-book-a-reservation-in-resyos-app-rJxfGvXIu
how-to-book-a-reservation-in-resyos-app__img04,how-to-book-a-reservation-in-resyos-app,Book a Reservation on the Resy OS App,in-service-troubleshooting/reservations-walk-ins,4,images/in-service-troubleshooting/reservations-walk-ins/how-to-book-a-reservation-in-resyos-app/how-to-book-a-reservation-in-resyos-app__img04.gif,ok,1884982,https://cdn.kustomerhostedcontent.com/media/6036f66758799c770950d98d/e66227b96b2402db4fef0a9ddab23c72.gif,no,,https://helpdesk.resy.com/en_us/how-to-book-a-reservation-in-resyos-app-rJxfGvXIu
how-to-book-a-reservation-in-resyos-app__img05,how-to-book-a-reservation-in-resyos-app,Book a Reservation on the Resy OS App,in-service-troubleshooting/reservations-walk-ins,5,images/in-service-troubleshooting/reservations-walk-ins/how-to-book-a-reservation-in-resyos-app/how-to-book-a-reservation-in-resyos-app__img05.png,ok,171240,https://cdn.kustomerhostedcontent.com/media/6036f66758799c770950d98d/b80d7cf8a3be81638c6847c5774be4cc.png,no,,https://helpdesk.resy.com/en_us/how-to-book-a-reservation-in-resyos-app-rJxfGvXIu
how-to-book-a-reservation-in-resyos-app__img06,how-to-book-a-reservation-in-resyos-app,Book a Reservation on the Resy OS App,in-service-troubleshooting/reservations-walk-ins,6,images/in-service-troubleshooting/reservations-walk-ins/how-to-book-a-reservation-in-resyos-app/how-to-book-a-reservation-in-resyos-app__img06.png,ok,292409,https://cdn.kustomerhostedcontent.com/media/6036f66758799c770950d98d/d850d1f95fbb9a771bb26ed1879f9d88.png,no,,https://helpdesk.resy.com/en_us/how-to-book-a-reservation-in-resyos-app-rJxfGvXIu
how-to-adjust-your-booking-window__img01,how-to-adjust-your-booking-window,Booking Window,reopening-on-resy/update-your-books,1,images/reopening-on-resy/update-your-books/how-to-adjust-your-booking-window/how-to-adjust-your-booking-window__img01.png,ok,106029,https://cdn.kustomerhostedcontent.com/media/6036f66758799c770950d98d/03c9d1c5693bb92cc6bdc27cc8ee4e70.png,no,,https://helpdesk.resy.com/en_us/how-to-adjust-your-booking-window-HJpDP7U_
how-to-book-without-a-guest's-phone-number-in-resyos-app__img01,how-to-book-without-a-guest's-phone-number-in-resyos-app,Booking without Phone Number (Book on Behalf Of),in-service-troubleshooting/guest-profile,1,images/in-service-troubleshooting/guest-profile/how-to-book-without-a-guest's-phone-number-in-resyos-app/how-to-book-without-a-guest's-phone-number-in-resyos-app__img01.gif,ok,6220471,https://cdn.kustomerhostedcontent.com/media/6036f66758799c770950d98d/b6605f28e09e552e47e4227e12569455.gif,no,,https://helpdesk.resy.com/en_us/how-to-book-without-a-guest's-phone-number-in-resyos-app-Bk8fDXL_
how-to-book-without-a-guest's-phone-number-in-resyos-app__img02,how-to-book-without-a-guest's-phone-number-in-resyos-app,Booking without Phone Number (Book on Behalf Of),in-service-troubleshooting/guest-profile,2,images/in-service-troubleshooting/guest-profile/how-to-book-without-a-guest's-phone-number-in-resyos-app/how-to-book-without-a-guest's-phone-number-in-resyos-app__img02.gif,ok,8195287,https://cdn.kustomerhostedcontent.com/media/6036f66758799c770950d98d/e071c041eb4882df9d0775748733c601.gif,no,,https://helpdesk.resy.com/en_us/how-to-book-without-a-guest's-phone-number-in-resyos-app-Bk8fDXL_
how-to-book-without-a-guest's-phone-number-in-resyos-app__img03,how-to-book-without-a-guest's-phone-number-in-resyos-app,Booking without Phone Number (Book on Behalf Of),in-service-troubleshooting/guest-profile,3,images/in-service-troubleshooting/guest-profile/how-to-book-without-a-guest's-phone-number-in-resyos-app/how-to-book-without-a-guest's-phone-number-in-resyos-app__img03.png,ok,270450,,yes,,https://helpdesk.resy.com/en_us/how-to-book-without-a-guest's-phone-number-in-resyos-app-Bk8fDXL_
how-to-bypass-a-credit-card-requirement__img01,how-to-bypass-a-credit-card-requirement,Booking Without Payment,in-service-troubleshooting/cancellation-policy-and-payments,1,images/in-service-troubleshooting/cancellation-policy-and-payments/how-to-bypass-a-credit-card-requirement/how-to-bypass-a-credit-card-requirement__img01.jpg,ok,647136,https://cdn.kustomerhostedcontent.com/media/6036f66758799c770950d98d/125d43761a38baf797bafb6f85035823.jpeg,no,,https://helpdesk.resy.com/en_us/how-to-bypass-a-credit-card-requirement-BkeQMvmId
how-to-bypass-a-credit-card-requirement__img02,how-to-bypass-a-credit-card-requirement,Booking Without Payment,in-service-troubleshooting/cancellation-policy-and-payments,2,images/in-service-troubleshooting/cancellation-policy-and-payments/how-to-bypass-a-credit-card-requirement/how-to-bypass-a-credit-card-requirement__img02.jpg,ok,371933,https://cdn.kustomerhostedcontent.com/media/6036f66758799c770950d98d/074624980c61998926d39a3f478e9f6a.jpeg,no,,https://helpdesk.resy.com/en_us/how-to-bypass-a-credit-card-requirement-BkeQMvmId
how-to-close-a-shift-from-the-calendar-in-resyos__img01,how-to-close-a-shift-from-the-calendar-in-resyos,Close a Shift or Day in Resy OS,in-service-troubleshooting/availability,1,images/in-service-troubleshooting/availability/how-to-close-a-shift-from-the-calendar-in-resyos/how-to-close-a-shift-from-the-calendar-in-resyos__img01.gif,ok,4397607,https://cdn.kustomerhostedcontent.com/media/6036f66758799c770950d98d/54da897ab6ed3c00c76b5f9615f95d85.gif,no,,https://helpdesk.resy.com/en_us/how-to-close-a-shift-from-the-calendar-in-resyos-BkWlfPmIu
how-to-close-a-shift-from-the-calendar-in-resyos__img02,how-to-close-a-shift-from-the-calendar-in-resyos,Close a Shift or Day in Resy OS,in-service-troubleshooting/availability,2,images/in-service-troubleshooting/availability/how-to-close-a-shift-from-the-calendar-in-resyos/how-to-close-a-shift-from-the-calendar-in-resyos__img02.gif,ok,1552432,https://cdn.kustomerhostedcontent.com/media/6036f66758799c770950d98d/e0db95a18f1d971f00f8c3bc0204fa9f.gif,no,,https://helpdesk.resy.com/en_us/how-to-close-a-shift-from-the-calendar-in-resyos-BkWlfPmIu
how-to-change-table-assignment-in-resyos__img01,how-to-change-table-assignment-in-resyos,Change a Table Assignment in Resy OS,in-service-troubleshooting/reservations-walk-ins,1,images/in-service-troubleshooting/reservations-walk-ins/how-to-change-table-assignment-in-resyos/how-to-change-table-assignment-in-resyos__img01.gif,ok,1004290,https://cdn.kustomerhostedcontent.com/media/6036f66758799c770950d98d/638a2eb3d6fceea9ccbc2a53ff789a26.gif,no,,https://helpdesk.resy.com/en_us/how-to-change-table-assignment-in-resyos-HJpGvQ8O
how-to-change-table-assignment-in-resyos__img02,how-to-change-table-assignment-in-resyos,Change a Table Assignment in Resy OS,in-service-troubleshooting/reservations-walk-ins,2,images/in-service-troubleshooting/reservations-walk-ins/how-to-change-table-assignment-in-resyos/how-to-change-table-assignment-in-resyos__img02.gif,ok,1407895,https://cdn.kustomerhostedcontent.com/media/6036f66758799c770950d98d/270d447f376d4e9c469b967d66cf1165.gif,no,,https://helpdesk.resy.com/en_us/how-to-change-table-assignment-in-resyos-HJpGvQ8O
how-to-change-table-assignment-in-resyos__img03,how-to-change-table-assignment-in-resyos,Change a Table Assignment in Resy OS,in-service-troubleshooting/reservations-walk-ins,3,images/in-service-troubleshooting/reservations-walk-ins/how-to-change-table-assignment-in-resyos/how-to-change-table-assignment-in-resyos__img03.jpg,ok,31122,https://cdn.kustomerhostedcontent.com/media/6036f66758799c770950d98d/0acf54329cff2be150ebbd8350a8144e.jpg,no,,https://helpdesk.resy.com/en_us/how-to-change-table-assignment-in-resyos-HJpGvQ8O
how-to-change-table-assignment-in-resyos__img04,how-to-change-table-assignment-in-resyos,Change a Table Assignment in Resy OS,in-service-troubleshooting/reservations-walk-ins,4,images/in-service-troubleshooting/reservations-walk-ins/how-to-change-table-assignment-in-resyos/how-to-change-table-assignment-in-resyos__img04.jpg,ok,26137,https://cdn.kustomerhostedcontent.com/media/6036f66758799c770950d98d/c29f767984960964c20a55f62b11979d.jpg,no,,https://helpdesk.resy.com/en_us/how-to-change-table-assignment-in-resyos-HJpGvQ8O
how-to-close-days-in-dashboard__img01,how-to-close-days-in-dashboard,How to Close Days in Dashboard,general,1,images/general/how-to-close-days-in-dashboard/how-to-close-days-in-dashboard__img01.png,ok,1070651,https://cdn.kustomerhostedcontent.com/media/6036f66758799c770950d98d/8233b0653138e6d5ffdff3a1f919d1be.png,no,,https://helpdesk.resy.com/en_us/how-to-close-days-in-dashboard-ry4VzPQ8O
how-to-cancel-or-change-a-reservation__img01,how-to-cancel-or-change-a-reservation,Cancel or Change a Reservation in ResyOS,in-service-troubleshooting/reservations-walk-ins,1,images/in-service-troubleshooting/reservations-walk-ins/how-to-cancel-or-change-a-reservation/how-to-cancel-or-change-a-reservation__img01.jpg,ok,340466,https://cdn.kustomerhostedcontent.com/media/6036f66758799c770950d98d/d97581aa9e02cc5a15dc0bbb71bb7cf6.jpeg,no,,https://helpdesk.resy.com/en_us/how-to-cancel-or-change-a-reservation-SyPWGvX8_
how-to-cancel-or-change-a-reservation__img02,how-to-cancel-or-change-a-reservation,Cancel or Change a Reservation in ResyOS,in-service-troubleshooting/reservations-walk-ins,2,images/in-service-troubleshooting/reservations-walk-ins/how-to-cancel-or-change-a-reservation/how-to-cancel-or-change-a-reservation__img02.jpg,ok,311665,https://cdn.kustomerhostedcontent.com/media/6036f66758799c770950d98d/a6fa557fd5f421b6e702ddbbcb62ff4c.jpeg,no,,https://helpdesk.resy.com/en_us/how-to-cancel-or-change-a-reservation-SyPWGvX8_
how-to-cancel-or-change-a-reservation__img03,how-to-cancel-or-change-a-reservation,Cancel or Change a Reservation in ResyOS,in-service-troubleshooting/reservations-walk-ins,3,images/in-service-troubleshooting/reservations-walk-ins/how-to-cancel-or-change-a-reservation/how-to-cancel-or-change-a-reservation__img03.png,ok,176500,https://cdn.kustomerhostedcontent.com/media/6036f66758799c770950d98d/ea8fdd97a2812725c637c642d51571ab.png,no,,https://helpdesk.resy.com/en_us/how-to-cancel-or-change-a-reservation-SyPWGvX8_
how-to-cancel-or-change-a-reservation__img04,how-to-cancel-or-change-a-reservation,Cancel or Change a Reservation in ResyOS,in-service-troubleshooting/reservations-walk-ins,4,images/in-service-troubleshooting/reservations-walk-ins/how-to-cancel-or-change-a-reservation/how-to-cancel-or-change-a-reservation__img04.jpg,ok,311665,https://cdn.kustomerhostedcontent.com/media/6036f66758799c770950d98d/3fef2eb540b66f2dc4a972fa1e574616.jpeg,no,,https://helpdesk.resy.com/en_us/how-to-cancel-or-change-a-reservation-SyPWGvX8_
how-to-cancel-and-refund-a-prepaid-reservation__img01,how-to-cancel-and-refund-a-prepaid-reservation,Cancel and Refund a Prepaid Reservation,in-service-troubleshooting/cancellation-policy-and-payments,1,images/in-service-troubleshooting/cancellation-policy-and-payments/how-to-cancel-and-refund-a-prepaid-reservation/how-to-cancel-and-refund-a-prepaid-reservation__img01.png,ok,171819,,yes,,https://helpdesk.resy.com/en_us/how-to-cancel-and-refund-a-prepaid-reservation-SJRfzDXIu
how-to-cancel-and-refund-a-prepaid-reservation__img02,how-to-cancel-and-refund-a-prepaid-reservation,Cancel and Refund a Prepaid Reservation,in-service-troubleshooting/cancellation-policy-and-payments,2,images/in-service-troubleshooting/cancellation-policy-and-payments/how-to-cancel-and-refund-a-prepaid-reservation/how-to-cancel-and-refund-a-prepaid-reservation__img02.png,ok,189771,,yes,,https://helpdesk.resy.com/en_us/how-to-cancel-and-refund-a-prepaid-reservation-SJRfzDXIu
how-to-cancel-and-refund-a-prepaid-reservation__img03,how-to-cancel-and-refund-a-prepaid-reservation,Cancel and Refund a Prepaid Reservation,in-service-troubleshooting/cancellation-policy-and-payments,3,images/in-service-troubleshooting/cancellation-policy-and-payments/how-to-cancel-and-refund-a-prepaid-reservation/how-to-cancel-and-refund-a-prepaid-reservation__img03.png,ok,194489,,yes,,https://helpdesk.resy.com/en_us/how-to-cancel-and-refund-a-prepaid-reservation-SJRfzDXIu
how-to-contact-resy-support__img01,how-to-contact-resy-support,Contact Resy Support,in-service-troubleshooting,1,images/in-service-troubleshooting/how-to-contact-resy-support/how-to-contact-resy-support__img01.png,ok,90023,,yes,,https://helpdesk.resy.com/en_us/how-to-contact-resy-support-Bk_JGP7Lu
how-to-create-an-assigned-seating-event__img01,how-to-create-an-assigned-seating-event,Assigned Seating Event,events-virtual-experiences,1,images/events-virtual-experiences/how-to-create-an-assigned-seating-event/how-to-create-an-assigned-seating-event__img01.png,ok,74902,,yes,,https://helpdesk.resy.com/en_us/how-to-create-an-assigned-seating-event-rJ5FbDmUu
how-to-create-an-assigned-seating-event__img02,how-to-create-an-assigned-seating-event,Assigned Seating Event,events-virtual-experiences,2,images/events-virtual-experiences/how-to-create-an-assigned-seating-event/how-to-create-an-assigned-seating-event__img02.png,ok,86120,https://cdn.kustomerhostedcontent.com/media/6036f66758799c770950d98d/28db550eff578447c82dad606a3d392b.png,no,,https://helpdesk.resy.com/en_us/how-to-create-an-assigned-seating-event-rJ5FbDmUu
how-to-create-an-assigned-seating-event__img03,how-to-create-an-assigned-seating-event,Assigned Seating Event,events-virtual-experiences,3,images/events-virtual-experiences/how-to-create-an-assigned-seating-event/how-to-create-an-assigned-seating-event__img03.png,ok,140235,,yes,,https://helpdesk.resy.com/en_us/how-to-create-an-assigned-seating-event-rJ5FbDmUu
how-to-create-an-assigned-seating-event__img04,how-to-create-an-assigned-seating-event,Assigned Seating Event,events-virtual-experiences,4,images/events-virtual-experiences/how-to-create-an-assigned-seating-event/how-to-create-an-assigned-seating-event__img04.png,ok,59216,,yes,,https://helpdesk.resy.com/en_us/how-to-create-an-assigned-seating-event-rJ5FbDmUu
how-to-create-an-assigned-seating-event__img05,how-to-create-an-assigned-seating-event,Assigned Seating Event,events-virtual-experiences,5,images/events-virtual-experiences/how-to-create-an-assigned-seating-event/how-to-create-an-assigned-seating-event__img05.png,ok,59190,https://cdn.kustomerhostedcontent.com/media/6036f66758799c770950d98d/29d201cbf6524fef3b3f5d08aef77efb.png,no,,https://helpdesk.resy.com/en_us/how-to-create-an-assigned-seating-event-rJ5FbDmUu
how-to-create-an-assigned-seating-event__img06,how-to-create-an-assigned-seating-event,Assigned Seating Event,events-virtual-experiences,6,images/events-virtual-experiences/how-to-create-an-assigned-seating-event/how-to-create-an-assigned-seating-event__img06.png,ok,339341,https://cdn.kustomerhostedcontent.com/media/6036f66758799c770950d98d/1afa66b1af221248e0f979604b941142.png,no,,https://helpdesk.resy.com/en_us/how-to-create-an-assigned-seating-event-rJ5FbDmUu
how-to-create-an-assigned-seating-event__img07,how-to-create-an-assigned-seating-event,Assigned Seating Event,events-virtual-experiences,7,images/events-virtual-experiences/how-to-create-an-assigned-seating-event/how-to-create-an-assigned-seating-event__img07.png,ok,118589,https://cdn.kustomerhostedcontent.com/media/6036f66758799c770950d98d/c196c1ffce7f32395e03c2b70963ef7a.png,no,,https://helpdesk.resy.com/en_us/how-to-create-an-assigned-seating-event-rJ5FbDmUu
how-to-create-and-edit-floor-plans-in-the-resyos-app__img01,how-to-create-and-edit-floor-plans-in-the-resyos-app,Floor Plan Edits in ResyOS and on Web,getting-started-settings/reservation-settings,1,images/getting-started-settings/reservation-settings/how-to-create-and-edit-floor-plans-in-the-resyos-app/how-to-create-and-edit-floor-plans-in-the-resyos-app__img01.png,ok,96521,https://cdn.kustomerhostedcontent.com/media/6036f66758799c770950d98d/eacd7542c40c45e1656832144fb353ff.png,no,,https://helpdesk.resy.com/en_us/how-to-create-and-edit-floor-plans-in-the-resyos-app-Hk16bwXUO
how-to-create-and-edit-floor-plans-in-the-resyos-app__img02,how-to-create-and-edit-floor-plans-in-the-resyos-app,Floor Plan Edits in ResyOS and on Web,getting-started-settings/reservation-settings,2,images/getting-started-settings/reservation-settings/how-to-create-and-edit-floor-plans-in-the-resyos-app/how-to-create-and-edit-floor-plans-in-the-resyos-app__img02.png,ok,371305,https://cdn.kustomerhostedcontent.com/media/6036f66758799c770950d98d/6fcb723d765302c0749dcaf1fe1671f0.png,no,,https://helpdesk.resy.com/en_us/how-to-create-and-edit-floor-plans-in-the-resyos-app-Hk16bwXUO
how-to-create-and-edit-floor-plans-in-the-resyos-app__img03,how-to-create-and-edit-floor-plans-in-the-resyos-app,Floor Plan Edits in ResyOS and on Web,getting-started-settings/reservation-settings,3,images/getting-started-settings/reservation-settings/how-to-create-and-edit-floor-plans-in-the-resyos-app/how-to-create-and-edit-floor-plans-in-the-resyos-app__img03.png,ok,528267,https://cdn.kustomerhostedcontent.com/media/6036f66758799c770950d98d/cca85f72cd9efd7e4eaf52171ffe69b6.png,no,,https://helpdesk.resy.com/en_us/how-to-create-and-edit-floor-plans-in-the-resyos-app-Hk16bwXUO
how-to-create-and-edit-floor-plans-in-the-resyos-app__img04,how-to-create-and-edit-floor-plans-in-the-resyos-app,Floor Plan Edits in ResyOS and on Web,getting-started-settings/reservation-settings,4,images/getting-started-settings/reservation-settings/how-to-create-and-edit-floor-plans-in-the-resyos-app/how-to-create-and-edit-floor-plans-in-the-resyos-app__img04.png,ok,420506,https://cdn.kustomerhostedcontent.com/media/6036f66758799c770950d98d/c10dd5728cdaaaf34244a01da50ef012.png,no,,https://helpdesk.resy.com/en_us/how-to-create-and-edit-floor-plans-in-the-resyos-app-Hk16bwXUO
how-to-create-and-edit-floor-plans-in-the-resyos-app__img05,how-to-create-and-edit-floor-plans-in-the-resyos-app,Floor Plan Edits in ResyOS and on Web,getting-started-settings/reservation-settings,5,images/getting-started-settings/reservation-settings/how-to-create-and-edit-floor-plans-in-the-resyos-app/how-to-create-and-edit-floor-plans-in-the-resyos-app__img05.png,ok,519807,https://cdn.kustomerhostedcontent.com/media/6036f66758799c770950d98d/ff2b727815676201d71fc4cc7e81030a.png,no,,https://helpdesk.resy.com/en_us/how-to-create-and-edit-floor-plans-in-the-resyos-app-Hk16bwXUO
how-to-create-and-edit-floor-plans-in-the-resyos-app__img06,how-to-create-and-edit-floor-plans-in-the-resyos-app,Floor Plan Edits in ResyOS and on Web,getting-started-settings/reservation-settings,6,images/getting-started-settings/reservation-settings/how-to-create-and-edit-floor-plans-in-the-resyos-app/how-to-create-and-edit-floor-plans-in-the-resyos-app__img06.png,ok,62223,,yes,,https://helpdesk.resy.com/en_us/how-to-create-and-edit-floor-plans-in-the-resyos-app-Hk16bwXUO
how-to-create-and-edit-floor-plans-in-the-resyos-app__img07,how-to-create-and-edit-floor-plans-in-the-resyos-app,Floor Plan Edits in ResyOS and on Web,getting-started-settings/reservation-settings,7,images/getting-started-settings/reservation-settings/how-to-create-and-edit-floor-plans-in-the-resyos-app/how-to-create-and-edit-floor-plans-in-the-resyos-app__img07.png,ok,381938,,yes,,https://helpdesk.resy.com/en_us/how-to-create-and-edit-floor-plans-in-the-resyos-app-Hk16bwXUO
how-to-create-and-edit-floor-plans-in-the-resyos-app__img08,how-to-create-and-edit-floor-plans-in-the-resyos-app,Floor Plan Edits in ResyOS and on Web,getting-started-settings/reservation-settings,8,images/getting-started-settings/reservation-settings/how-to-create-and-edit-floor-plans-in-the-resyos-app/how-to-create-and-edit-floor-plans-in-the-resyos-app__img08.png,ok,115184,https://cdn.kustomerhostedcontent.com/media/6036f66758799c770950d98d/5a1728fd594842cb053f699b21d20dfc.png,no,,https://helpdesk.resy.com/en_us/how-to-create-and-edit-floor-plans-in-the-resyos-app-Hk16bwXUO
how-to-create-and-edit-floor-plans-in-the-resyos-app__img09,how-to-create-and-edit-floor-plans-in-the-resyos-app,Floor Plan Edits in ResyOS and on Web,getting-started-settings/reservation-settings,9,images/getting-started-settings/reservation-settings/how-to-create-and-edit-floor-plans-in-the-resyos-app/how-to-create-and-edit-floor-plans-in-the-resyos-app__img09.png,ok,124946,https://cdn.kustomerhostedcontent.com/media/6036f66758799c770950d98d/605946df850087d3f83bec7165c3ef73.png,no,,https://helpdesk.resy.com/en_us/how-to-create-and-edit-floor-plans-in-the-resyos-app-Hk16bwXUO
how-to-create-and-edit-floor-plans-in-the-resyos-app__img10,how-to-create-and-edit-floor-plans-in-the-resyos-app,Floor Plan Edits in ResyOS and on Web,getting-started-settings/reservation-settings,10,images/getting-started-settings/reservation-settings/how-to-create-and-edit-floor-plans-in-the-resyos-app/how-to-create-and-edit-floor-plans-in-the-resyos-app__img10.png,ok,94723,https://cdn.kustomerhostedcontent.com/media/6036f66758799c770950d98d/ebd5df88de6fa4f543edd29d6dcea7c4.png,no,,https://helpdesk.resy.com/en_us/how-to-create-and-edit-floor-plans-in-the-resyos-app-Hk16bwXUO
how-to-create-and-edit-floor-plans-in-the-resyos-app__img11,how-to-create-and-edit-floor-plans-in-the-resyos-app,Floor Plan Edits in ResyOS and on Web,getting-started-settings/reservation-settings,11,images/getting-started-settings/reservation-settings/how-to-create-and-edit-floor-plans-in-the-resyos-app/how-to-create-and-edit-floor-plans-in-the-resyos-app__img11.png,ok,103216,https://cdn.kustomerhostedcontent.com/media/6036f66758799c770950d98d/f039ccc1c9de0663c069b5586288136a.png,no,,https://helpdesk.resy.com/en_us/how-to-create-and-edit-floor-plans-in-the-resyos-app-Hk16bwXUO
how-to-create-an-event__img01,how-to-create-an-event,Event Feature,events-virtual-experiences,1,images/events-virtual-experiences/how-to-create-an-event/how-to-create-an-event__img01.png,ok,73096,https://cdn.kustomerhostedcontent.com/media/6036f66758799c770950d98d/6b348738945104efc3254a8a86cb50ff.png,no,,https://helpdesk.resy.com/en_us/how-to-create-an-event-B1dKWDQUd
how-to-create-an-event__img02,how-to-create-an-event,Event Feature,events-virtual-experiences,2,images/events-virtual-experiences/how-to-create-an-event/how-to-create-an-event__img02.png,ok,74583,,yes,,https://helpdesk.resy.com/en_us/how-to-create-an-event-B1dKWDQUd
how-to-create-an-event__img03,how-to-create-an-event,Event Feature,events-virtual-experiences,3,images/events-virtual-experiences/how-to-create-an-event/how-to-create-an-event__img03.png,ok,86442,,yes,,https://helpdesk.resy.com/en_us/how-to-create-an-event-B1dKWDQUd
how-to-create-an-event__img04,how-to-create-an-event,Event Feature,events-virtual-experiences,4,images/events-virtual-experiences/how-to-create-an-event/how-to-create-an-event__img04.png,ok,63154,https://cdn.kustomerhostedcontent.com/media/6036f66758799c770950d98d/8b91d400311d3e04dc148c65a74e5d79.png,no,,https://helpdesk.resy.com/en_us/how-to-create-an-event-B1dKWDQUd
how-to-create-an-event__img05,how-to-create-an-event,Event Feature,events-virtual-experiences,5,images/events-virtual-experiences/how-to-create-an-event/how-to-create-an-event__img05.png,ok,91586,,yes,A screenshot of a web pageDescription automatically generated,https://helpdesk.resy.com/en_us/how-to-create-an-event-B1dKWDQUd
how-to-create-an-event__img06,how-to-create-an-event,Event Feature,events-virtual-experiences,6,images/events-virtual-experiences/how-to-create-an-event/how-to-create-an-event__img06.png,ok,74003,,yes,,https://helpdesk.resy.com/en_us/how-to-create-an-event-B1dKWDQUd
how-to-create-an-event__img07,how-to-create-an-event,Event Feature,events-virtual-experiences,7,images/events-virtual-experiences/how-to-create-an-event/how-to-create-an-event__img07.png,ok,99002,,yes,,https://helpdesk.resy.com/en_us/how-to-create-an-event-B1dKWDQUd
how-to-create-an-event__img08,how-to-create-an-event,Event Feature,events-virtual-experiences,8,images/events-virtual-experiences/how-to-create-an-event/how-to-create-an-event__img08.png,ok,52250,,yes,,https://helpdesk.resy.com/en_us/how-to-create-an-event-B1dKWDQUd
how-to-customize-guest-communications-for-events__img01,how-to-customize-guest-communications-for-events,Guest Communications: Events,events-virtual-experiences,1,images/events-virtual-experiences/how-to-customize-guest-communications-for-events/how-to-customize-guest-communications-for-events__img01.png,ok,91389,https://cdn.kustomerhostedcontent.com/media/6036f66758799c770950d98d/f35274b31c618559f39d7de7f9b2c837.png,no,,https://helpdesk.resy.com/en_us/how-to-customize-guest-communications-for-events-r1vtWwm8_
how-to-customize-guest-communications-for-events__img02,how-to-customize-guest-communications-for-events,Guest Communications: Events,events-virtual-experiences,2,images/events-virtual-experiences/how-to-customize-guest-communications-for-events/how-to-customize-guest-communications-for-events__img02.png,ok,176696,https://cdn.kustomerhostedcontent.com/media/6036f66758799c770950d98d/912aebff5a0bc778843bdd00de54b659.png,no,,https://helpdesk.resy.com/en_us/how-to-customize-guest-communications-for-events-r1vtWwm8_
how-to-drag-and-drop-to-seat-in-resyos__img01,how-to-drag-and-drop-to-seat-in-resyos,Drag and Drop to Seat a Guest,getting-started-settings,1,images/getting-started-settings/how-to-drag-and-drop-to-seat-in-resyos/how-to-drag-and-drop-to-seat-in-resyos__img01.gif,ok,1256266,https://cdn.kustomerhostedcontent.com/media/6036f66758799c770950d98d/81fcddfb21cd4d8376d875f894cb3815.gif,no,,https://helpdesk.resy.com/en_us/how-to-drag-and-drop-to-seat-in-resyos-SkTCbwQ8O
how-to-drag-and-drop-to-seat-in-resyos__img02,how-to-drag-and-drop-to-seat-in-resyos,Drag and Drop to Seat a Guest,getting-started-settings,2,images/getting-started-settings/how-to-drag-and-drop-to-seat-in-resyos/how-to-drag-and-drop-to-seat-in-resyos__img02.gif,ok,1609832,https://cdn.kustomerhostedcontent.com/media/6036f66758799c770950d98d/3900334014f9d052717e9d625cc84bfa.gif,no,,https://helpdesk.resy.com/en_us/how-to-drag-and-drop-to-seat-in-resyos-SkTCbwQ8O
how-to-drag-and-drop-to-seat-in-resyos__img03,how-to-drag-and-drop-to-seat-in-resyos,Drag and Drop to Seat a Guest,getting-started-settings,3,images/getting-started-settings/how-to-drag-and-drop-to-seat-in-resyos/how-to-drag-and-drop-to-seat-in-resyos__img03.gif,ok,2124918,https://cdn.kustomerhostedcontent.com/media/6036f66758799c770950d98d/6e897baed6ab075938751ebbbbb1eaf6.gif,no,,https://helpdesk.resy.com/en_us/how-to-drag-and-drop-to-seat-in-resyos-SkTCbwQ8O
how-to-drag-and-drop-to-seat-in-resyos__img04,how-to-drag-and-drop-to-seat-in-resyos,Drag and Drop to Seat a Guest,getting-started-settings,4,images/getting-started-settings/how-to-drag-and-drop-to-seat-in-resyos/how-to-drag-and-drop-to-seat-in-resyos__img04.png,ok,286136,https://cdn.kustomerhostedcontent.com/media/6036f66758799c770950d98d/1433409a0377e50f3e6bf1079ab53b32.png,no,,https://helpdesk.resy.com/en_us/how-to-drag-and-drop-to-seat-in-resyos-SkTCbwQ8O
how-to-edit-a-guest's-name__img01,how-to-edit-a-guest's-name,Guest Profile Updates,in-service-troubleshooting/guest-profile,1,images/in-service-troubleshooting/guest-profile/how-to-edit-a-guest's-name/how-to-edit-a-guest's-name__img01.png,ok,333355,,yes,,https://helpdesk.resy.com/en_us/how-to-edit-a-guest's-name-SyDeGvQId
how-to-edit-a-guest's-name__img02,how-to-edit-a-guest's-name,Guest Profile Updates,in-service-troubleshooting/guest-profile,2,images/in-service-troubleshooting/guest-profile/how-to-edit-a-guest's-name/how-to-edit-a-guest's-name__img02.png,ok,267227,,yes,,https://helpdesk.resy.com/en_us/how-to-edit-a-guest's-name-SyDeGvQId
how-to-edit-a-guest's-name__img03,how-to-edit-a-guest's-name,Guest Profile Updates,in-service-troubleshooting/guest-profile,3,images/in-service-troubleshooting/guest-profile/how-to-edit-a-guest's-name/how-to-edit-a-guest's-name__img03.png,ok,197579,https://cdn.kustomerhostedcontent.com/media/6036f66758799c770950d98d/589768a20af69c373cc7d1f84e7088ac.png,no,,https://helpdesk.resy.com/en_us/how-to-edit-a-guest's-name-SyDeGvQId
how-to-edit-a-guest's-name__img04,how-to-edit-a-guest's-name,Guest Profile Updates,in-service-troubleshooting/guest-profile,4,images/in-service-troubleshooting/guest-profile/how-to-edit-a-guest's-name/how-to-edit-a-guest's-name__img04.png,ok,294715,https://cdn.kustomerhostedcontent.com/media/6036f66758799c770950d98d/498d70d2ab090fd537ce3096eb6afb41.png,no,,https://helpdesk.resy.com/en_us/how-to-edit-a-guest's-name-SyDeGvQId
how-to-edit-a-guest's-name__img05,how-to-edit-a-guest's-name,Guest Profile Updates,in-service-troubleshooting/guest-profile,5,images/in-service-troubleshooting/guest-profile/how-to-edit-a-guest's-name/how-to-edit-a-guest's-name__img05.png,ok,220767,https://cdn.kustomerhostedcontent.com/media/6036f66758799c770950d98d/864e4c64f045b822b10ecbd04cbbd0f2.png,no,,https://helpdesk.resy.com/en_us/how-to-edit-a-guest's-name-SyDeGvQId
how-to-find-guest-history__img01,how-to-find-guest-history,View Guest Visit History in Resy OS,in-service-troubleshooting/guest-profile,1,images/in-service-troubleshooting/guest-profile/how-to-find-guest-history/how-to-find-guest-history__img01.png,ok,169546,,yes,,https://helpdesk.resy.com/en_us/how-to-find-guest-history-ry8lGPQUd
how-to-find-guest-history__img02,how-to-find-guest-history,View Guest Visit History in Resy OS,in-service-troubleshooting/guest-profile,2,images/in-service-troubleshooting/guest-profile/how-to-find-guest-history/how-to-find-guest-history__img02.png,ok,214771,,yes,,https://helpdesk.resy.com/en_us/how-to-find-guest-history-ry8lGPQUd
how-to-enabledisable-reservation-overlap-alerts-in-your-resyos-settings__img01,how-to-enabledisable-reservation-overlap-alerts-in-your-resyos-settings,Enable or Disable Reservation Overlap Alerts in Resy OS,getting-started-settings/ipad-settings,1,images/getting-started-settings/ipad-settings/how-to-enabledisable-reservation-overlap-alerts-in-your-resyos-settings/how-to-enabledisable-reservation-overlap-alerts-in-your-resyos-settings__img01.png,ok,230311,https://cdn.kustomerhostedcontent.com/media/6036f66758799c770950d98d/12bd3bd45c6c72419271366af58bf8da.png,no,,https://helpdesk.resy.com/en_us/how-to-enabledisable-reservation-overlap-alerts-in-your-resyos-settings-BJDAZwX8d
how-to-enabledisable-reservation-overlap-alerts-in-your-resyos-settings__img02,how-to-enabledisable-reservation-overlap-alerts-in-your-resyos-settings,Enable or Disable Reservation Overlap Alerts in Resy OS,getting-started-settings/ipad-settings,2,images/getting-started-settings/ipad-settings/how-to-enabledisable-reservation-overlap-alerts-in-your-resyos-settings/how-to-enabledisable-reservation-overlap-alerts-in-your-resyos-settings__img02.png,ok,418361,https://cdn.kustomerhostedcontent.com/media/6036f66758799c770950d98d/f08ea6670dbed58e3aa69c4827121b28.png,no,,https://helpdesk.resy.com/en_us/how-to-enabledisable-reservation-overlap-alerts-in-your-resyos-settings-BJDAZwX8d
how-to-know-if-a-reservation-was-automatically-or-manually-assigned__img01,how-to-know-if-a-reservation-was-automatically-or-manually-assigned,Difference Between Automatic and Manual Assignment,getting-started-settings/ipad-settings,1,images/getting-started-settings/ipad-settings/how-to-know-if-a-reservation-was-automatically-or-manually-assigned/how-to-know-if-a-reservation-was-automatically-or-manually-assigned__img01.png,ok,285152,,yes,,https://helpdesk.resy.com/en_us/how-to-know-if-a-reservation-was-automatically-or-manually-assigned-rkrgzwmUO
how-to-know-if-a-reservation-was-automatically-or-manually-assigned__img02,how-to-know-if-a-reservation-was-automatically-or-manually-assigned,Difference Between Automatic and Manual Assignment,getting-started-settings/ipad-settings,2,images/getting-started-settings/ipad-settings/how-to-know-if-a-reservation-was-automatically-or-manually-assigned/how-to-know-if-a-reservation-was-automatically-or-manually-assigned__img02.png,ok,299560,https://cdn.kustomerhostedcontent.com/media/6036f66758799c770950d98d/c155bce258a612065ec7d6b132cb41de.png,no,,https://helpdesk.resy.com/en_us/how-to-know-if-a-reservation-was-automatically-or-manually-assigned-rkrgzwmUO
how-to-know-if-a-reservation-was-automatically-or-manually-assigned__img03,how-to-know-if-a-reservation-was-automatically-or-manually-assigned,Difference Between Automatic and Manual Assignment,getting-started-settings/ipad-settings,3,images/getting-started-settings/ipad-settings/how-to-know-if-a-reservation-was-automatically-or-manually-assigned/how-to-know-if-a-reservation-was-automatically-or-manually-assigned__img03.png,ok,303862,https://cdn.kustomerhostedcontent.com/media/6036f66758799c770950d98d/4ac9bc89657c340c130879f555c0d061.png,no,,https://helpdesk.resy.com/en_us/how-to-know-if-a-reservation-was-automatically-or-manually-assigned-rkrgzwmUO
how-to-handle-closures__img01,how-to-handle-closures,Emergency Closures: How to Update Settings and inform Guests,reopening-on-resy,1,images/reopening-on-resy/how-to-handle-closures/how-to-handle-closures__img01.png,ok,89318,,yes,,https://helpdesk.resy.com/en_us/how-to-handle-closures-H1fdbwXU_
how-to-handle-closures__img02,how-to-handle-closures,Emergency Closures: How to Update Settings and inform Guests,reopening-on-resy,2,images/reopening-on-resy/how-to-handle-closures/how-to-handle-closures__img02.png,ok,178158,,yes,,https://helpdesk.resy.com/en_us/how-to-handle-closures-H1fdbwXU_
how-to-make-a-single-day-edit-in-the-dashboard-service-settings__img01,how-to-make-a-single-day-edit-in-the-dashboard-service-settings,Single Day Shift Updates in the Resy OS Portal,getting-started-settings/single-day-edits,1,images/getting-started-settings/single-day-edits/how-to-make-a-single-day-edit-in-the-dashboard-service-settings/how-to-make-a-single-day-edit-in-the-dashboard-service-settings__img01.png,ok,20198,https://cdn.kustomerhostedcontent.com/media/6036f66758799c770950d98d/4647e164db0dd820f26633a28ea52917.png,no,,https://helpdesk.resy.com/en_us/how-to-make-a-single-day-edit-in-the-dashboard-service-settings-rJf6bD7IO
how-to-make-a-single-day-edit-in-the-dashboard-service-settings__img02,how-to-make-a-single-day-edit-in-the-dashboard-service-settings,Single Day Shift Updates in the Resy OS Portal,getting-started-settings/single-day-edits,2,images/getting-started-settings/single-day-edits/how-to-make-a-single-day-edit-in-the-dashboard-service-settings/how-to-make-a-single-day-edit-in-the-dashboard-service-settings__img02.png,ok,120527,https://cdn.kustomerhostedcontent.com/media/6036f66758799c770950d98d/265ab4d2e7d9e52f2ee9984d3befd2e2.png,no,,https://helpdesk.resy.com/en_us/how-to-make-a-single-day-edit-in-the-dashboard-service-settings-rJf6bD7IO
how-to-make-a-single-day-edit-in-the-dashboard-service-settings__img03,how-to-make-a-single-day-edit-in-the-dashboard-service-settings,Single Day Shift Updates in the Resy OS Portal,getting-started-settings/single-day-edits,3,images/getting-started-settings/single-day-edits/how-to-make-a-single-day-edit-in-the-dashboard-service-settings/how-to-make-a-single-day-edit-in-the-dashboard-service-settings__img03.png,ok,70097,https://cdn.kustomerhostedcontent.com/media/6036f66758799c770950d98d/97f58e84dfdb76eb33e748af4edee465.png,no,,https://helpdesk.resy.com/en_us/how-to-make-a-single-day-edit-in-the-dashboard-service-settings-rJf6bD7IO
how-to-make-changes-to-a-prepaid-reservation__img01,how-to-make-changes-to-a-prepaid-reservation,Prepaid Reservation Changes,in-service-troubleshooting,1,images/in-service-troubleshooting/how-to-make-changes-to-a-prepaid-reservation/how-to-make-changes-to-a-prepaid-reservation__img01.png,ok,932014,https://cdn.kustomerhostedcontent.com/media/6036f66758799c770950d98d/66e2f5e7dea6602b6b832ef9b55e006d.png,no,,https://helpdesk.resy.com/en_us/how-to-make-changes-to-a-prepaid-reservation-SkAXGPQUO
how-to-make-changes-to-a-prepaid-reservation__img02,how-to-make-changes-to-a-prepaid-reservation,Prepaid Reservation Changes,in-service-troubleshooting,2,images/in-service-troubleshooting/how-to-make-changes-to-a-prepaid-reservation/how-to-make-changes-to-a-prepaid-reservation__img02.png,ok,930323,https://cdn.kustomerhostedcontent.com/media/6036f66758799c770950d98d/3962421d0c069818bd06be19f935c716.png,no,,https://helpdesk.resy.com/en_us/how-to-make-changes-to-a-prepaid-reservation-SkAXGPQUO
how-to-make-changes-to-a-prepaid-reservation__img03,how-to-make-changes-to-a-prepaid-reservation,Prepaid Reservation Changes,in-service-troubleshooting,3,images/in-service-troubleshooting/how-to-make-changes-to-a-prepaid-reservation/how-to-make-changes-to-a-prepaid-reservation__img03.png,ok,844096,https://cdn.kustomerhostedcontent.com/media/6036f66758799c770950d98d/a43a963c4d07d58d53dcd17ede03748e.png,no,,https://helpdesk.resy.com/en_us/how-to-make-changes-to-a-prepaid-reservation-SkAXGPQUO
how-to-make-single-day-edits-to-slots-in-resyos__img01,how-to-make-single-day-edits-to-slots-in-resyos,Single Day Slots Updates in Resy OS,in-service-troubleshooting/availability,1,images/in-service-troubleshooting/availability/how-to-make-single-day-edits-to-slots-in-resyos/how-to-make-single-day-edits-to-slots-in-resyos__img01.png,ok,449950,,yes,,https://helpdesk.resy.com/en_us/how-to-make-single-day-edits-to-slots-in-resyos-H161zDmL_
how-to-make-single-day-edits-to-slots-in-resyos__img02,how-to-make-single-day-edits-to-slots-in-resyos,Single Day Slots Updates in Resy OS,in-service-troubleshooting/availability,2,images/in-service-troubleshooting/availability/how-to-make-single-day-edits-to-slots-in-resyos/how-to-make-single-day-edits-to-slots-in-resyos__img02.png,ok,200182,https://cdn.kustomerhostedcontent.com/media/6036f66758799c770950d98d/5137904543d7e4734ffee4d44f0eaf52.png,no,,https://helpdesk.resy.com/en_us/how-to-make-single-day-edits-to-slots-in-resyos-H161zDmL_
how-to-make-single-day-edits-to-slots-in-resyos__img03,how-to-make-single-day-edits-to-slots-in-resyos,Single Day Slots Updates in Resy OS,in-service-troubleshooting/availability,3,images/in-service-troubleshooting/availability/how-to-make-single-day-edits-to-slots-in-resyos/how-to-make-single-day-edits-to-slots-in-resyos__img03.png,ok,178671,https://cdn.kustomerhostedcontent.com/media/6036f66758799c770950d98d/6b6e92978d6061205296cbac8bf2e7f0.png,no,,https://helpdesk.resy.com/en_us/how-to-make-single-day-edits-to-slots-in-resyos-H161zDmL_
how-to-make-single-day-edits-to-table-availability-in-resyos-app__img01,how-to-make-single-day-edits-to-table-availability-in-resyos-app,Single Day Table Availability Updates in Resy OS,in-service-troubleshooting/availability,1,images/in-service-troubleshooting/availability/how-to-make-single-day-edits-to-table-availability-in-resyos-app/how-to-make-single-day-edits-to-table-availability-in-resyos-app__img01.png,ok,200776,https://cdn.kustomerhostedcontent.com/media/6036f66758799c770950d98d/ec3dcbffaa54ea09f05d1ec00b28ae17.png,no,,https://helpdesk.resy.com/en_us/how-to-make-single-day-edits-to-table-availability-in-resyos-app-r1nkGP7Ud
how-to-make-single-day-edits-to-table-availability-in-resyos-app__img02,how-to-make-single-day-edits-to-table-availability-in-resyos-app,Single Day Table Availability Updates in Resy OS,in-service-troubleshooting/availability,2,images/in-service-troubleshooting/availability/how-to-make-single-day-edits-to-table-availability-in-resyos-app/how-to-make-single-day-edits-to-table-availability-in-resyos-app__img02.png,ok,174883,https://cdn.kustomerhostedcontent.com/media/6036f66758799c770950d98d/d4bc6ff748e3a79ae4c10689a761a3b2.png,no,,https://helpdesk.resy.com/en_us/how-to-make-single-day-edits-to-table-availability-in-resyos-app-r1nkGP7Ud
how-to-make-single-day-edits-to-table-availability-in-resyos-app__img03,how-to-make-single-day-edits-to-table-availability-in-resyos-app,Single Day Table Availability Updates in Resy OS,in-service-troubleshooting/availability,3,images/in-service-troubleshooting/availability/how-to-make-single-day-edits-to-table-availability-in-resyos-app/how-to-make-single-day-edits-to-table-availability-in-resyos-app__img03.png,ok,233111,https://cdn.kustomerhostedcontent.com/media/6036f66758799c770950d98d/721f6a5fcda981cecd0b84b56018e4da.png,no,,https://helpdesk.resy.com/en_us/how-to-make-single-day-edits-to-table-availability-in-resyos-app-r1nkGP7Ud
how-to-make-single-day-edits-to-table-availability-in-resyos-app__img04,how-to-make-single-day-edits-to-table-availability-in-resyos-app,Single Day Table Availability Updates in Resy OS,in-service-troubleshooting/availability,4,images/in-service-troubleshooting/availability/how-to-make-single-day-edits-to-table-availability-in-resyos-app/how-to-make-single-day-edits-to-table-availability-in-resyos-app__img04.png,ok,187486,https://cdn.kustomerhostedcontent.com/media/6036f66758799c770950d98d/a4bfa6e08f85acce259245a9fb1eb100.png,no,,https://helpdesk.resy.com/en_us/how-to-make-single-day-edits-to-table-availability-in-resyos-app-r1nkGP7Ud
how-to-make-single-day-edits-to-table-availability-in-resyos-app__img05,how-to-make-single-day-edits-to-table-availability-in-resyos-app,Single Day Table Availability Updates in Resy OS,in-service-troubleshooting/availability,5,images/in-service-troubleshooting/availability/how-to-make-single-day-edits-to-table-availability-in-resyos-app/how-to-make-single-day-edits-to-table-availability-in-resyos-app__img05.png,ok,173611,https://cdn.kustomerhostedcontent.com/media/6036f66758799c770950d98d/28173e6f9fc850ee095ecba865db6b3d.png,no,,https://helpdesk.resy.com/en_us/how-to-make-single-day-edits-to-table-availability-in-resyos-app-r1nkGP7Ud
how-to-manage-your-waitlist:-adding-messaging-and-seating-guests__img01,how-to-manage-your-waitlist:-adding-messaging-and-seating-guests,Waitlist,in-service-troubleshooting/waitlist,1,images/in-service-troubleshooting/waitlist/how-to-manage-your-waitlist:-adding-messaging-and-seating-guests/how-to-manage-your-waitlist:-adding-messaging-and-seating-guests__img01.gif,ok,5016670,https://cdn.kustomerhostedcontent.com/media/6036f66758799c770950d98d/8575f67b66c269a570259287033897e0.gif,no,,https://helpdesk.resy.com/en_us/how-to-manage-your-waitlist:-adding-messaging-and-seating-guests-BJHGGvmId
how-to-manage-your-waitlist:-adding-messaging-and-seating-guests__img02,how-to-manage-your-waitlist:-adding-messaging-and-seating-guests,Waitlist,in-service-troubleshooting/waitlist,2,images/in-service-troubleshooting/waitlist/how-to-manage-your-waitlist:-adding-messaging-and-seating-guests/how-to-manage-your-waitlist:-adding-messaging-and-seating-guests__img02.gif,ok,1775134,https://cdn.kustomerhostedcontent.com/media/6036f66758799c770950d98d/eb7a04b299c6bff3c0654c73a25e7083.gif,no,,https://helpdesk.resy.com/en_us/how-to-manage-your-waitlist:-adding-messaging-and-seating-guests-BJHGGvmId
how-to-manage-your-waitlist:-adding-messaging-and-seating-guests__img03,how-to-manage-your-waitlist:-adding-messaging-and-seating-guests,Waitlist,in-service-troubleshooting/waitlist,3,images/in-service-troubleshooting/waitlist/how-to-manage-your-waitlist:-adding-messaging-and-seating-guests/how-to-manage-your-waitlist:-adding-messaging-and-seating-guests__img03.gif,ok,2876230,https://cdn.kustomerhostedcontent.com/media/6036f66758799c770950d98d/9f122254f3dfdb83e814e4a60b9a9be5.gif,no,,https://helpdesk.resy.com/en_us/how-to-manage-your-waitlist:-adding-messaging-and-seating-guests-BJHGGvmId
how-to-merge-guest-profiles__img01,how-to-merge-guest-profiles,How to Merge Guest Profiles,getting-started-settings/guest-communications,1,images/getting-started-settings/guest-communications/how-to-merge-guest-profiles/how-to-merge-guest-profiles__img01.gif,ok,1949993,https://cdn.kustomerhostedcontent.com/media/6036f66758799c770950d98d/4e976ce5404d7dfba9735b01ff118d45.gif,no,,https://helpdesk.resy.com/en_us/how-to-merge-guest-profiles-H1Qq89cbt
how-to-merge-guest-profiles__img02,how-to-merge-guest-profiles,How to Merge Guest Profiles,getting-started-settings/guest-communications,2,images/getting-started-settings/guest-communications/how-to-merge-guest-profiles/how-to-merge-guest-profiles__img02.png,ok,128102,https://cdn.kustomerhostedcontent.com/media/6036f66758799c770950d98d/f4a1761ba64c4724391602c6c7587268.png,no,,https://helpdesk.resy.com/en_us/how-to-merge-guest-profiles-H1Qq89cbt
how-to-merge-guest-profiles__img03,how-to-merge-guest-profiles,How to Merge Guest Profiles,getting-started-settings/guest-communications,3,images/getting-started-settings/guest-communications/how-to-merge-guest-profiles/how-to-merge-guest-profiles__img03.gif,ok,2432287,https://cdn.kustomerhostedcontent.com/media/6036f66758799c770950d98d/d95a0b82f5e56448690922f9bf6addb6.gif,no,,https://helpdesk.resy.com/en_us/how-to-merge-guest-profiles-H1Qq89cbt
how-to-manually-send-a-text-message-to-your-guests.__img01,how-to-manually-send-a-text-message-to-your-guests.,Manual Text Messages,in-service-troubleshooting/resy-2-way-texting,1,images/in-service-troubleshooting/resy-2-way-texting/how-to-manually-send-a-text-message-to-your-guests./how-to-manually-send-a-text-message-to-your-guests.__img01.gif,ok,3329186,https://cdn.kustomerhostedcontent.com/media/6036f66758799c770950d98d/d52b045e2b3bbacc7b727395dfb48ddc.gif,no,,https://helpdesk.resy.com/en_us/how-to-manually-send-a-text-message-to-your-guests.-ry9GMPmLd
how-to-manually-send-a-text-message-to-your-guests.__img02,how-to-manually-send-a-text-message-to-your-guests.,Manual Text Messages,in-service-troubleshooting/resy-2-way-texting,2,images/in-service-troubleshooting/resy-2-way-texting/how-to-manually-send-a-text-message-to-your-guests./how-to-manually-send-a-text-message-to-your-guests.__img02.png,ok,185282,https://cdn.kustomerhostedcontent.com/media/6036f66758799c770950d98d/c08eab47845b571865460c895e084e1e.png,no,,https://helpdesk.resy.com/en_us/how-to-manually-send-a-text-message-to-your-guests.-ry9GMPmLd
how-to-optimize-seating-times-for-maximum-event-ticket-sales__img01,how-to-optimize-seating-times-for-maximum-event-ticket-sales,Using Pacing and Availability to Maximize Sales for My Event,events-virtual-experiences,1,images/events-virtual-experiences/how-to-optimize-seating-times-for-maximum-event-ticket-sales/how-to-optimize-seating-times-for-maximum-event-ticket-sales__img01.png,ok,671233,https://cdn.kustomerhostedcontent.com/media/6036f66758799c770950d98d/047b9e25b68f0ceffa48073c257b9f76.png,no,,https://helpdesk.resy.com/en_us/how-to-optimize-seating-times-for-maximum-event-ticket-sales-ry1cP7Id
how-to-optimize-seating-times-for-maximum-event-ticket-sales__img02,how-to-optimize-seating-times-for-maximum-event-ticket-sales,Using Pacing and Availability to Maximize Sales for My Event,events-virtual-experiences,2,images/events-virtual-experiences/how-to-optimize-seating-times-for-maximum-event-ticket-sales/how-to-optimize-seating-times-for-maximum-event-ticket-sales__img02.png,ok,164550,https://cdn.kustomerhostedcontent.com/media/6036f66758799c770950d98d/614b1e9985c2bc470b319153672bdf54.png,no,,https://helpdesk.resy.com/en_us/how-to-optimize-seating-times-for-maximum-event-ticket-sales-ry1cP7Id
how-to-optimize-seating-times-for-maximum-event-ticket-sales__img03,how-to-optimize-seating-times-for-maximum-event-ticket-sales,Using Pacing and Availability to Maximize Sales for My Event,events-virtual-experiences,3,images/events-virtual-experiences/how-to-optimize-seating-times-for-maximum-event-ticket-sales/how-to-optimize-seating-times-for-maximum-event-ticket-sales__img03.png,ok,136560,https://cdn.kustomerhostedcontent.com/media/6036f66758799c770950d98d/e85ec9ae1f74fc0442d0439047364921.png,no,,https://helpdesk.resy.com/en_us/how-to-optimize-seating-times-for-maximum-event-ticket-sales-ry1cP7Id
how-to-optimize-seating-times-for-maximum-event-ticket-sales__img04,how-to-optimize-seating-times-for-maximum-event-ticket-sales,Using Pacing and Availability to Maximize Sales for My Event,events-virtual-experiences,4,images/events-virtual-experiences/how-to-optimize-seating-times-for-maximum-event-ticket-sales/how-to-optimize-seating-times-for-maximum-event-ticket-sales__img04.png,ok,197992,https://cdn.kustomerhostedcontent.com/media/6036f66758799c770950d98d/5629d5219fe76c7d7691177b57a42337.png,no,,https://helpdesk.resy.com/en_us/how-to-optimize-seating-times-for-maximum-event-ticket-sales-ry1cP7Id
how-to-reset-your-password__img01,how-to-reset-your-password,Password Reset for Resy OS,getting-started-settings,1,images/getting-started-settings/how-to-reset-your-password/how-to-reset-your-password__img01.png,ok,64337,,yes,,https://helpdesk.resy.com/en_us/how-to-reset-your-password-SJbAbDX8O
how-to-reset-your-password__img02,how-to-reset-your-password,Password Reset for Resy OS,getting-started-settings,2,images/getting-started-settings/how-to-reset-your-password/how-to-reset-your-password__img02.png,ok,104657,,yes,,https://helpdesk.resy.com/en_us/how-to-reset-your-password-SJbAbDX8O
how-to-resend-a-booking-confirmation-email-to-a-guest__img01,how-to-resend-a-booking-confirmation-email-to-a-guest,Resend a Booking Confirmation Email,in-service-troubleshooting/guest-profile,1,images/in-service-troubleshooting/guest-profile/how-to-resend-a-booking-confirmation-email-to-a-guest/how-to-resend-a-booking-confirmation-email-to-a-guest__img01.png,ok,310247,https://cdn.kustomerhostedcontent.com/media/6036f66758799c770950d98d/0df510d17cca9a1b845de073c997f4a4.png,no,,https://helpdesk.resy.com/en_us/how-to-resend-a-booking-confirmation-email-to-a-guest-Bk2gfDmUO
how-to-organize-items-in-categories__img01,how-to-organize-items-in-categories,How do I organize my Add-on Items in Categories?,resy-40/add-on-items,1,images/resy-40/add-on-items/how-to-organize-items-in-categories/how-to-organize-items-in-categories__img01.png,ok,80426,https://cdn.kustomerhostedcontent.com/media/6036f66758799c770950d98d/ac8bacaa7544db36f1359b20c717a27d.png,no,,https://helpdesk.resy.com/en_us/how-to-organize-items-in-categories-SkXoWDQUu
how-to-seat-a-guest-in-resyos__img01,how-to-seat-a-guest-in-resyos,Seat a Guest in Resy OS,in-service-troubleshooting/reservations-walk-ins,1,images/in-service-troubleshooting/reservations-walk-ins/how-to-seat-a-guest-in-resyos/how-to-seat-a-guest-in-resyos__img01.gif,ok,1256266,https://cdn.kustomerhostedcontent.com/media/6036f66758799c770950d98d/81fcddfb21cd4d8376d875f894cb3815.gif,no,,https://helpdesk.resy.com/en_us/how-to-seat-a-guest-in-resyos-Hk3bzP7Id
how-to-seat-a-guest-in-resyos__img02,how-to-seat-a-guest-in-resyos,Seat a Guest in Resy OS,in-service-troubleshooting/reservations-walk-ins,2,images/in-service-troubleshooting/reservations-walk-ins/how-to-seat-a-guest-in-resyos/how-to-seat-a-guest-in-resyos__img02.gif,ok,1609832,https://cdn.kustomerhostedcontent.com/media/6036f66758799c770950d98d/3900334014f9d052717e9d625cc84bfa.gif,no,,https://helpdesk.resy.com/en_us/how-to-seat-a-guest-in-resyos-Hk3bzP7Id
how-to-send-an-email-blast__img01,how-to-send-an-email-blast,Marketing Emails with Mailchimp,marketing-and-promotion,1,images/marketing-and-promotion/how-to-send-an-email-blast/how-to-send-an-email-blast__img01.png,ok,53393,,yes,,https://helpdesk.resy.com/en_us/how-to-send-an-email-blast-BJGSDmUd
how-to-send-an-email-blast__img02,how-to-send-an-email-blast,Marketing Emails with Mailchimp,marketing-and-promotion,2,images/marketing-and-promotion/how-to-send-an-email-blast/how-to-send-an-email-blast__img02.png,ok,65471,,yes,,https://helpdesk.resy.com/en_us/how-to-send-an-email-blast-BJGSDmUd
how-to-send-an-email-blast__img03,how-to-send-an-email-blast,Marketing Emails with Mailchimp,marketing-and-promotion,3,images/marketing-and-promotion/how-to-send-an-email-blast/how-to-send-an-email-blast__img03.png,ok,45628,,yes,,https://helpdesk.resy.com/en_us/how-to-send-an-email-blast-BJGSDmUd
how-to-send-an-email-blast__img04,how-to-send-an-email-blast,Marketing Emails with Mailchimp,marketing-and-promotion,4,images/marketing-and-promotion/how-to-send-an-email-blast/how-to-send-an-email-blast__img04.png,ok,175517,,yes,,https://helpdesk.resy.com/en_us/how-to-send-an-email-blast-BJGSDmUd
how-to-send-an-email-blast__img05,how-to-send-an-email-blast,Marketing Emails with Mailchimp,marketing-and-promotion,5,images/marketing-and-promotion/how-to-send-an-email-blast/how-to-send-an-email-blast__img05.png,ok,57997,,yes,,https://helpdesk.resy.com/en_us/how-to-send-an-email-blast-BJGSDmUd
how-to-seat-a-walk-in-in-resyos__img01,how-to-seat-a-walk-in-in-resyos,Seat a Walk-in in Resy OS,in-service-troubleshooting/reservations-walk-ins,1,images/in-service-troubleshooting/reservations-walk-ins/how-to-seat-a-walk-in-in-resyos/how-to-seat-a-walk-in-in-resyos__img01.gif,ok,1711795,https://cdn.kustomerhostedcontent.com/media/6036f66758799c770950d98d/80ca665d265ecffbe0e1646779abb0c4.gif,no,,https://helpdesk.resy.com/en_us/how-to-seat-a-walk-in-in-resyos-SkqZfvX8d
how-to-setup-fixed-seating-times-for-your-shifts__img01,how-to-setup-fixed-seating-times-for-your-shifts,Fixed Seating Times,getting-started-settings/reservation-settings,1,images/getting-started-settings/reservation-settings/how-to-setup-fixed-seating-times-for-your-shifts/how-to-setup-fixed-seating-times-for-your-shifts__img01.png,ok,105822,https://cdn.kustomerhostedcontent.com/media/6036f66758799c770950d98d/98154ff61d9f54b6681c1d5370a77ef0.png,no,,https://helpdesk.resy.com/en_us/how-to-setup-fixed-seating-times-for-your-shifts-H1v2ZPm8O
how-to-setup-fixed-seating-times-for-your-shifts__img02,how-to-setup-fixed-seating-times-for-your-shifts,Fixed Seating Times,getting-started-settings/reservation-settings,2,images/getting-started-settings/reservation-settings/how-to-setup-fixed-seating-times-for-your-shifts/how-to-setup-fixed-seating-times-for-your-shifts__img02.png,ok,58412,https://cdn.kustomerhostedcontent.com/media/6036f66758799c770950d98d/f0f63a6d441b8d8f3b2b94541bc20b9a.png,no,,https://helpdesk.resy.com/en_us/how-to-setup-fixed-seating-times-for-your-shifts-H1v2ZPm8O
how-to-setup-fixed-seating-times-for-your-shifts__img03,how-to-setup-fixed-seating-times-for-your-shifts,Fixed Seating Times,getting-started-settings/reservation-settings,3,images/getting-started-settings/reservation-settings/how-to-setup-fixed-seating-times-for-your-shifts/how-to-setup-fixed-seating-times-for-your-shifts__img03.png,ok,197910,https://cdn.kustomerhostedcontent.com/media/6036f66758799c770950d98d/3b20f738ec3c993809e72f76273d9a41.png,no,,https://helpdesk.resy.com/en_us/how-to-setup-fixed-seating-times-for-your-shifts-H1v2ZPm8O
how-to-setup-slots-in-the-resy-dashboard__img01,how-to-setup-slots-in-the-resy-dashboard,Setting up Slots,getting-started-settings/reservation-settings,1,images/getting-started-settings/reservation-settings/how-to-setup-slots-in-the-resy-dashboard/how-to-setup-slots-in-the-resy-dashboard__img01.png,ok,36821,,yes,,https://helpdesk.resy.com/en_us/how-to-setup-slots-in-the-resy-dashboard-H1c3bvQ8d
how-to-setup-slots-in-the-resy-dashboard__img02,how-to-setup-slots-in-the-resy-dashboard,Setting up Slots,getting-started-settings/reservation-settings,2,images/getting-started-settings/reservation-settings/how-to-setup-slots-in-the-resy-dashboard/how-to-setup-slots-in-the-resy-dashboard__img02.png,ok,51021,,yes,,https://helpdesk.resy.com/en_us/how-to-setup-slots-in-the-resy-dashboard-H1c3bvQ8d
how-to-setup-slots-in-the-resy-dashboard__img03,how-to-setup-slots-in-the-resy-dashboard,Setting up Slots,getting-started-settings/reservation-settings,3,images/getting-started-settings/reservation-settings/how-to-setup-slots-in-the-resy-dashboard/how-to-setup-slots-in-the-resy-dashboard__img03.png,ok,125392,,yes,,https://helpdesk.resy.com/en_us/how-to-setup-slots-in-the-resy-dashboard-H1c3bvQ8d
how-to-setup-slots-in-the-resy-dashboard__img04,how-to-setup-slots-in-the-resy-dashboard,Setting up Slots,getting-started-settings/reservation-settings,4,images/getting-started-settings/reservation-settings/how-to-setup-slots-in-the-resy-dashboard/how-to-setup-slots-in-the-resy-dashboard__img04.png,ok,49378,,yes,,https://helpdesk.resy.com/en_us/how-to-setup-slots-in-the-resy-dashboard-H1c3bvQ8d
how-to-setup-slots-in-the-resy-dashboard__img05,how-to-setup-slots-in-the-resy-dashboard,Setting up Slots,getting-started-settings/reservation-settings,5,images/getting-started-settings/reservation-settings/how-to-setup-slots-in-the-resy-dashboard/how-to-setup-slots-in-the-resy-dashboard__img05.png,ok,171590,https://cdn.kustomerhostedcontent.com/media/6036f66758799c770950d98d/8b85c72fbd21520ca9fe441de7dc8694.png,no,,https://helpdesk.resy.com/en_us/how-to-setup-slots-in-the-resy-dashboard-H1c3bvQ8d
how-to-setup-slots-in-the-resy-dashboard__img06,how-to-setup-slots-in-the-resy-dashboard,Setting up Slots,getting-started-settings/reservation-settings,6,images/getting-started-settings/reservation-settings/how-to-setup-slots-in-the-resy-dashboard/how-to-setup-slots-in-the-resy-dashboard__img06.png,ok,37847,,yes,,https://helpdesk.resy.com/en_us/how-to-setup-slots-in-the-resy-dashboard-H1c3bvQ8d
how-to-setup-slots-in-the-resy-dashboard__img07,how-to-setup-slots-in-the-resy-dashboard,Setting up Slots,getting-started-settings/reservation-settings,7,images/getting-started-settings/reservation-settings/how-to-setup-slots-in-the-resy-dashboard/how-to-setup-slots-in-the-resy-dashboard__img07.png,ok,49167,,yes,,https://helpdesk.resy.com/en_us/how-to-setup-slots-in-the-resy-dashboard-H1c3bvQ8d
how-to-setup-slots-in-the-resy-dashboard__img08,how-to-setup-slots-in-the-resy-dashboard,Setting up Slots,getting-started-settings/reservation-settings,8,images/getting-started-settings/reservation-settings/how-to-setup-slots-in-the-resy-dashboard/how-to-setup-slots-in-the-resy-dashboard__img08.png,ok,88080,,yes,,https://helpdesk.resy.com/en_us/how-to-setup-slots-in-the-resy-dashboard-H1c3bvQ8d
how-to-setup-flexible-seating-to-maximize-covers__img01,how-to-setup-flexible-seating-to-maximize-covers,Turn Times,getting-started-settings/reservation-settings,1,images/getting-started-settings/reservation-settings/how-to-setup-flexible-seating-to-maximize-covers/how-to-setup-flexible-seating-to-maximize-covers__img01.png,ok,118814,https://cdn.kustomerhostedcontent.com/media/6036f66758799c770950d98d/f845f7b8f457ed496d22be805316190f.png,no,,https://helpdesk.resy.com/en_us/how-to-setup-flexible-seating-to-maximize-covers-BkL3bvQLO
how-to-setup-flexible-seating-to-maximize-covers__img02,how-to-setup-flexible-seating-to-maximize-covers,Turn Times,getting-started-settings/reservation-settings,2,images/getting-started-settings/reservation-settings/how-to-setup-flexible-seating-to-maximize-covers/how-to-setup-flexible-seating-to-maximize-covers__img02.png,ok,194617,https://cdn.kustomerhostedcontent.com/media/6036f66758799c770950d98d/138b872d2dc7cffc36eb8c5f6074f073.png,no,,https://helpdesk.resy.com/en_us/how-to-setup-flexible-seating-to-maximize-covers-BkL3bvQLO
how-to-setup-flexible-seating-to-maximize-covers__img03,how-to-setup-flexible-seating-to-maximize-covers,Turn Times,getting-started-settings/reservation-settings,3,images/getting-started-settings/reservation-settings/how-to-setup-flexible-seating-to-maximize-covers/how-to-setup-flexible-seating-to-maximize-covers__img03.png,ok,135701,https://cdn.kustomerhostedcontent.com/media/6036f66758799c770950d98d/2e3d296467c8922f57c852ed5487474c.png,no,,https://helpdesk.resy.com/en_us/how-to-setup-flexible-seating-to-maximize-covers-BkL3bvQLO
how-to-setup-flexible-seating-to-maximize-covers__img04,how-to-setup-flexible-seating-to-maximize-covers,Turn Times,getting-started-settings/reservation-settings,4,images/getting-started-settings/reservation-settings/how-to-setup-flexible-seating-to-maximize-covers/how-to-setup-flexible-seating-to-maximize-covers__img04.png,ok,158046,https://cdn.kustomerhostedcontent.com/media/6036f66758799c770950d98d/a59947b2cf500f776ef789794f1091b2.png,no,,https://helpdesk.resy.com/en_us/how-to-setup-flexible-seating-to-maximize-covers-BkL3bvQLO
how-to-show-table-combinations-on-the-timeline-view-in-resyos__img01,how-to-show-table-combinations-on-the-timeline-view-in-resyos,How do I show my Table Combinations in the Timeline View in the Resy OS App?,getting-started-settings/ipad-settings,1,images/getting-started-settings/ipad-settings/how-to-show-table-combinations-on-the-timeline-view-in-resyos/how-to-show-table-combinations-on-the-timeline-view-in-resyos__img01.png,ok,282566,https://cdn.kustomerhostedcontent.com/media/6036f66758799c770950d98d/98850a32678f4cd4f816cb2043db0c15.png,no,,https://helpdesk.resy.com/en_us/how-to-show-table-combinations-on-the-timeline-view-in-resyos-SkORbDXI_
how-to-show-table-combinations-on-the-timeline-view-in-resyos__img02,how-to-show-table-combinations-on-the-timeline-view-in-resyos,How do I show my Table Combinations in the Timeline View in the Resy OS App?,getting-started-settings/ipad-settings,2,images/getting-started-settings/ipad-settings/how-to-show-table-combinations-on-the-timeline-view-in-resyos/how-to-show-table-combinations-on-the-timeline-view-in-resyos__img02.png,ok,283338,https://cdn.kustomerhostedcontent.com/media/6036f66758799c770950d98d/01fe248ace0b6267b67d4dbb7bc00e5f.png,no,,https://helpdesk.resy.com/en_us/how-to-show-table-combinations-on-the-timeline-view-in-resyos-SkORbDXI_
how-to-start-a-shift-on-a-specific-date__img01,how-to-start-a-shift-on-a-specific-date,Start a New Shift on a Specific Date,reopening-on-resy/update-your-books,1,images/reopening-on-resy/update-your-books/how-to-start-a-shift-on-a-specific-date/how-to-start-a-shift-on-a-specific-date__img01.png,ok,47371,https://cdn.kustomerhostedcontent.com/media/6036f66758799c770950d98d/87d9b26b24efcea3fc76bd9d9899aea5.png,no,,https://helpdesk.resy.com/en_us/how-to-start-a-shift-on-a-specific-date-HycIbwmI_
how-to-turn-off-online-reservations-for-a-shift-or-period-of-time-in-resyos__img01,how-to-turn-off-online-reservations-for-a-shift-or-period-of-time-in-resyos,Disable and Re-enable Online Bookings,in-service-troubleshooting,1,images/in-service-troubleshooting/how-to-turn-off-online-reservations-for-a-shift-or-period-of-time-in-resyos/how-to-turn-off-online-reservations-for-a-shift-or-period-of-time-in-resyos__img01.gif,ok,2648948,https://cdn.kustomerhostedcontent.com/media/6036f66758799c770950d98d/b91bc4f9195dbe19da992a8fbd75034f.gif,no,,https://helpdesk.resy.com/en_us/how-to-turn-off-online-reservations-for-a-shift-or-period-of-time-in-resyos-H1jkzwmLu
how-to-turn-off-online-reservations-for-a-shift-or-period-of-time-in-resyos__img02,how-to-turn-off-online-reservations-for-a-shift-or-period-of-time-in-resyos,Disable and Re-enable Online Bookings,in-service-troubleshooting,2,images/in-service-troubleshooting/how-to-turn-off-online-reservations-for-a-shift-or-period-of-time-in-resyos/how-to-turn-off-online-reservations-for-a-shift-or-period-of-time-in-resyos__img02.gif,ok,8692599,https://cdn.kustomerhostedcontent.com/media/6036f66758799c770950d98d/df09000bfe84786d7b687193b5aca52f.gif,no,,https://helpdesk.resy.com/en_us/how-to-turn-off-online-reservations-for-a-shift-or-period-of-time-in-resyos-H1jkzwmLu
how-to-turn-off-online-reservations-for-a-shift-or-period-of-time-in-resyos__img03,how-to-turn-off-online-reservations-for-a-shift-or-period-of-time-in-resyos,Disable and Re-enable Online Bookings,in-service-troubleshooting,3,images/in-service-troubleshooting/how-to-turn-off-online-reservations-for-a-shift-or-period-of-time-in-resyos/how-to-turn-off-online-reservations-for-a-shift-or-period-of-time-in-resyos__img03.gif,ok,1690492,https://cdn.kustomerhostedcontent.com/media/6036f66758799c770950d98d/32c2cc48b427ae501a29bde040058247.gif,no,,https://helpdesk.resy.com/en_us/how-to-turn-off-online-reservations-for-a-shift-or-period-of-time-in-resyos-H1jkzwmLu
how-to-turn-off-online-reservations-for-a-shift-or-period-of-time-in-resyos__img04,how-to-turn-off-online-reservations-for-a-shift-or-period-of-time-in-resyos,Disable and Re-enable Online Bookings,in-service-troubleshooting,4,images/in-service-troubleshooting/how-to-turn-off-online-reservations-for-a-shift-or-period-of-time-in-resyos/how-to-turn-off-online-reservations-for-a-shift-or-period-of-time-in-resyos__img04.gif,ok,2130221,https://cdn.kustomerhostedcontent.com/media/6036f66758799c770950d98d/76215a0d5e00c38ce8da99da14b45392.gif,no,,https://helpdesk.resy.com/en_us/how-to-turn-off-online-reservations-for-a-shift-or-period-of-time-in-resyos-H1jkzwmLu
how-to-update-your-venue-listing-info__img01,how-to-update-your-venue-listing-info,Venue Profile,reopening-on-resy,1,images/reopening-on-resy/how-to-update-your-venue-listing-info/how-to-update-your-venue-listing-info__img01.png,ok,48042,https://cdn.kustomerhostedcontent.com/media/6036f66758799c770950d98d/9162b56e5208794828f9a525742b85d2.png,no,,https://helpdesk.resy.com/en_us/how-to-update-your-venue-listing-info-Hk1_ZvX8_
how-to-update-your-venue-listing-info__img02,how-to-update-your-venue-listing-info,Venue Profile,reopening-on-resy,2,images/reopening-on-resy/how-to-update-your-venue-listing-info/how-to-update-your-venue-listing-info__img02.png,ok,82263,https://cdn.kustomerhostedcontent.com/media/6036f66758799c770950d98d/ec8bd4e1fbd893e3996fcb49edb2551f.png,no,,https://helpdesk.resy.com/en_us/how-to-update-your-venue-listing-info-Hk1_ZvX8_
how-to-update-your-venue-listing-info__img03,how-to-update-your-venue-listing-info,Venue Profile,reopening-on-resy,3,images/reopening-on-resy/how-to-update-your-venue-listing-info/how-to-update-your-venue-listing-info__img03.png,ok,373425,https://cdn.kustomerhostedcontent.com/media/6036f66758799c770950d98d/8c86d0e6b5ebcb7a2fbf30acc13f5882.png,no,,https://helpdesk.resy.com/en_us/how-to-update-your-venue-listing-info-Hk1_ZvX8_
how-to-update-your-venue-listing-info__img04,how-to-update-your-venue-listing-info,Venue Profile,reopening-on-resy,4,images/reopening-on-resy/how-to-update-your-venue-listing-info/how-to-update-your-venue-listing-info__img04.png,ok,171909,https://cdn.kustomerhostedcontent.com/media/6036f66758799c770950d98d/cb1b71612104247729f4e78f9060cce4.png,no,,https://helpdesk.resy.com/en_us/how-to-update-your-venue-listing-info-Hk1_ZvX8_
how-to-update-your-venue-listing-info__img05,how-to-update-your-venue-listing-info,Venue Profile,reopening-on-resy,5,images/reopening-on-resy/how-to-update-your-venue-listing-info/how-to-update-your-venue-listing-info__img05.png,ok,42488,https://cdn.kustomerhostedcontent.com/media/6036f66758799c770950d98d/003899062a51f638f087f05cbfa65a8b.png,no,,https://helpdesk.resy.com/en_us/how-to-update-your-venue-listing-info-Hk1_ZvX8_
how-to-update-your-venue-listing-info__img06,how-to-update-your-venue-listing-info,Venue Profile,reopening-on-resy,6,images/reopening-on-resy/how-to-update-your-venue-listing-info/how-to-update-your-venue-listing-info__img06.png,ok,39416,,yes,,https://helpdesk.resy.com/en_us/how-to-update-your-venue-listing-info-Hk1_ZvX8_
how-to-update-your-venue-listing-info__img07,how-to-update-your-venue-listing-info,Venue Profile,reopening-on-resy,7,images/reopening-on-resy/how-to-update-your-venue-listing-info/how-to-update-your-venue-listing-info__img07.png,ok,13052,,yes,,https://helpdesk.resy.com/en_us/how-to-update-your-venue-listing-info-Hk1_ZvX8_
how-to-use-automated-waitlist-sms-in-resyos__img01,how-to-use-automated-waitlist-sms-in-resyos,Automated Waitlist Text Messages,in-service-troubleshooting/waitlist,1,images/in-service-troubleshooting/waitlist/how-to-use-automated-waitlist-sms-in-resyos/how-to-use-automated-waitlist-sms-in-resyos__img01.png,ok,539376,,yes,,https://helpdesk.resy.com/en_us/how-to-use-automated-waitlist-sms-in-resyos-SJXzGPQIO
how-to-use-automated-waitlist-sms-in-resyos__img02,how-to-use-automated-waitlist-sms-in-resyos,Automated Waitlist Text Messages,in-service-troubleshooting/waitlist,2,images/in-service-troubleshooting/waitlist/how-to-use-automated-waitlist-sms-in-resyos/how-to-use-automated-waitlist-sms-in-resyos__img02.png,ok,196036,https://cdn.kustomerhostedcontent.com/media/6036f66758799c770950d98d/ce65e3bcc9aba1a58711d5b9f64b10c5.png,no,,https://helpdesk.resy.com/en_us/how-to-use-automated-waitlist-sms-in-resyos-SJXzGPQIO
how-to-use-automated-waitlist-sms-in-resyos__img03,how-to-use-automated-waitlist-sms-in-resyos,Automated Waitlist Text Messages,in-service-troubleshooting/waitlist,3,images/in-service-troubleshooting/waitlist/how-to-use-automated-waitlist-sms-in-resyos/how-to-use-automated-waitlist-sms-in-resyos__img03.png,ok,193325,https://cdn.kustomerhostedcontent.com/media/6036f66758799c770950d98d/e0d1f906aff1b1250b8435d0330e620f.png,no,,https://helpdesk.resy.com/en_us/how-to-use-automated-waitlist-sms-in-resyos-SJXzGPQIO
how-to-update-a-reservation-status__img01,how-to-update-a-reservation-status,Update Waitlist and Reservation Status,in-service-troubleshooting/reservations-walk-ins,1,images/in-service-troubleshooting/reservations-walk-ins/how-to-update-a-reservation-status/how-to-update-a-reservation-status__img01.png,ok,771180,,yes,,https://helpdesk.resy.com/en_us/how-to-update-a-reservation-status-ByYbzvQLd
how-to-update-a-reservation-status__img02,how-to-update-a-reservation-status,Update Waitlist and Reservation Status,in-service-troubleshooting/reservations-walk-ins,2,images/in-service-troubleshooting/reservations-walk-ins/how-to-update-a-reservation-status/how-to-update-a-reservation-status__img02.png,ok,190863,https://cdn.kustomerhostedcontent.com/media/6036f66758799c770950d98d/f94f38947c7e51452a5725144a0e3e02.png,no,,https://helpdesk.resy.com/en_us/how-to-update-a-reservation-status-ByYbzvQLd
how-to-update-a-reservation-status__img03,how-to-update-a-reservation-status,Update Waitlist and Reservation Status,in-service-troubleshooting/reservations-walk-ins,3,images/in-service-troubleshooting/reservations-walk-ins/how-to-update-a-reservation-status/how-to-update-a-reservation-status__img03.gif,ok,1114809,https://cdn.kustomerhostedcontent.com/media/6036f66758799c770950d98d/311559753fae740345632b631d7aeb1a.gif,no,,https://helpdesk.resy.com/en_us/how-to-update-a-reservation-status-ByYbzvQLd
how-to-update-a-reservation-status__img04,how-to-update-a-reservation-status,Update Waitlist and Reservation Status,in-service-troubleshooting/reservations-walk-ins,4,images/in-service-troubleshooting/reservations-walk-ins/how-to-update-a-reservation-status/how-to-update-a-reservation-status__img04.gif,ok,2146776,https://cdn.kustomerhostedcontent.com/media/6036f66758799c770950d98d/9d7f14411bfddc115e968b8b73068be5.gif,no,,https://helpdesk.resy.com/en_us/how-to-update-a-reservation-status-ByYbzvQLd
how-to-use-concierge-tags-in-resy-os__img01,how-to-use-concierge-tags-in-resy-os,Concierge Tags,getting-started-settings/concierge-,1,images/getting-started-settings/concierge-/how-to-use-concierge-tags-in-resy-os/how-to-use-concierge-tags-in-resy-os__img01.png,ok,93379,https://cdn.kustomerhostedcontent.com/media/6036f66758799c770950d98d/5b7d1c32ea7969c2ff67df0217995898.png,no,,https://helpdesk.resy.com/en_us/how-to-use-concierge-tags-in-resy-os-HycRDm8O
how-to-use-concierge-tags-in-resy-os__img02,how-to-use-concierge-tags-in-resy-os,Concierge Tags,getting-started-settings/concierge-,2,images/getting-started-settings/concierge-/how-to-use-concierge-tags-in-resy-os/how-to-use-concierge-tags-in-resy-os__img02.png,ok,291152,,yes,,https://helpdesk.resy.com/en_us/how-to-use-concierge-tags-in-resy-os-HycRDm8O
how-to-use-mobile-waitlist__img01,how-to-use-mobile-waitlist,Mobile Waitlist Feature (Remote Waitlist),in-service-troubleshooting/waitlist,1,images/in-service-troubleshooting/waitlist/how-to-use-mobile-waitlist/how-to-use-mobile-waitlist__img01.png,ok,312421,,yes,,https://helpdesk.resy.com/en_us/how-to-use-mobile-waitlist-rkj_bD7Iu
how-to-use-mobile-waitlist__img02,how-to-use-mobile-waitlist,Mobile Waitlist Feature (Remote Waitlist),in-service-troubleshooting/waitlist,2,images/in-service-troubleshooting/waitlist/how-to-use-mobile-waitlist/how-to-use-mobile-waitlist__img02.png,ok,337296,,yes,,https://helpdesk.resy.com/en_us/how-to-use-mobile-waitlist-rkj_bD7Iu
how-to-use-mobile-waitlist__img03,how-to-use-mobile-waitlist,Mobile Waitlist Feature (Remote Waitlist),in-service-troubleshooting/waitlist,3,images/in-service-troubleshooting/waitlist/how-to-use-mobile-waitlist/how-to-use-mobile-waitlist__img03.png,ok,442439,https://cdn.kustomerhostedcontent.com/media/6036f66758799c770950d98d/c6ab9cf6a50bb81554afe1d006539afe.png,no,,https://helpdesk.resy.com/en_us/how-to-use-mobile-waitlist-rkj_bD7Iu
how-to-use-resy-for-contactless-payment__img01,how-to-use-resy-for-contactless-payment,Contactless Payment Options,reopening-on-resy/update-your-books,1,images/reopening-on-resy/update-your-books/how-to-use-resy-for-contactless-payment/how-to-use-resy-for-contactless-payment__img01.png,ok,137113,https://cdn.kustomerhostedcontent.com/media/6036f66758799c770950d98d/c3e672e045cb3de263ff8821932f1b2d.png,no,,https://helpdesk.resy.com/en_us/how-to-use-resy-for-contactless-payment-SJKdwmLO
how-to-use-resy-for-contactless-payment__img02,how-to-use-resy-for-contactless-payment,Contactless Payment Options,reopening-on-resy/update-your-books,2,images/reopening-on-resy/update-your-books/how-to-use-resy-for-contactless-payment/how-to-use-resy-for-contactless-payment__img02.png,ok,98782,https://cdn.kustomerhostedcontent.com/media/6036f66758799c770950d98d/2562facd253ce9e1348da1d07626e4f1.png,no,,https://helpdesk.resy.com/en_us/how-to-use-resy-for-contactless-payment-SJKdwmLO
how-to-view-text-message-conversations-in-resyos__img01,how-to-view-text-message-conversations-in-resyos,Text Message History,in-service-troubleshooting/resy-2-way-texting,1,images/in-service-troubleshooting/resy-2-way-texting/how-to-view-text-message-conversations-in-resyos/how-to-view-text-message-conversations-in-resyos__img01.png,ok,204686,https://cdn.kustomerhostedcontent.com/media/6036f66758799c770950d98d/1562787294f01c00f5053575b232a874.png,no,,https://helpdesk.resy.com/en_us/how-to-view-text-message-conversations-in-resyos-HyYzMDX8u
how-to-view-text-message-conversations-in-resyos__img02,how-to-view-text-message-conversations-in-resyos,Text Message History,in-service-troubleshooting/resy-2-way-texting,2,images/in-service-troubleshooting/resy-2-way-texting/how-to-view-text-message-conversations-in-resyos/how-to-view-text-message-conversations-in-resyos__img02.png,ok,195633,https://cdn.kustomerhostedcontent.com/media/6036f66758799c770950d98d/992fab1005d4635b73fee6db308a48f5.png,no,,https://helpdesk.resy.com/en_us/how-to-view-text-message-conversations-in-resyos-HyYzMDX8u
how-to-use-resy-prepay-feature-in-resyos__img01,how-to-use-resy-prepay-feature-in-resyos,Using Prepay in ResyOS,in-service-troubleshooting/cancellation-policy-and-payments,1,images/in-service-troubleshooting/cancellation-policy-and-payments/how-to-use-resy-prepay-feature-in-resyos/how-to-use-resy-prepay-feature-in-resyos__img01.png,ok,272931,,yes,,https://helpdesk.resy.com/en_us/how-to-use-resy-prepay-feature-in-resyos-rJTzMvXLu
how-to-use-resy-prepay-feature-in-resyos__img02,how-to-use-resy-prepay-feature-in-resyos,Using Prepay in ResyOS,in-service-troubleshooting/cancellation-policy-and-payments,2,images/in-service-troubleshooting/cancellation-policy-and-payments/how-to-use-resy-prepay-feature-in-resyos/how-to-use-resy-prepay-feature-in-resyos__img02.png,ok,216554,https://cdn.kustomerhostedcontent.com/media/6036f66758799c770950d98d/5f43e13e96e82d073ba34de1b49bd9f4.png,no,,https://helpdesk.resy.com/en_us/how-to-use-resy-prepay-feature-in-resyos-rJTzMvXLu
how-to-use-resy-prepay-feature-in-resyos__img03,how-to-use-resy-prepay-feature-in-resyos,Using Prepay in ResyOS,in-service-troubleshooting/cancellation-policy-and-payments,3,images/in-service-troubleshooting/cancellation-policy-and-payments/how-to-use-resy-prepay-feature-in-resyos/how-to-use-resy-prepay-feature-in-resyos__img03.png,ok,170417,,yes,,https://helpdesk.resy.com/en_us/how-to-use-resy-prepay-feature-in-resyos-rJTzMvXLu
how-to-use-resy-prepay-feature-in-resyos__img04,how-to-use-resy-prepay-feature-in-resyos,Using Prepay in ResyOS,in-service-troubleshooting/cancellation-policy-and-payments,4,images/in-service-troubleshooting/cancellation-policy-and-payments/how-to-use-resy-prepay-feature-in-resyos/how-to-use-resy-prepay-feature-in-resyos__img04.png,ok,119655,,yes,,https://helpdesk.resy.com/en_us/how-to-use-resy-prepay-feature-in-resyos-rJTzMvXLu
how-to-use-resy-prepay-feature-in-resyos__img05,how-to-use-resy-prepay-feature-in-resyos,Using Prepay in ResyOS,in-service-troubleshooting/cancellation-policy-and-payments,5,images/in-service-troubleshooting/cancellation-policy-and-payments/how-to-use-resy-prepay-feature-in-resyos/how-to-use-resy-prepay-feature-in-resyos__img05.png,ok,117301,,yes,,https://helpdesk.resy.com/en_us/how-to-use-resy-prepay-feature-in-resyos-rJTzMvXLu
how-to-use-resy-prepay-feature-in-resyos__img06,how-to-use-resy-prepay-feature-in-resyos,Using Prepay in ResyOS,in-service-troubleshooting/cancellation-policy-and-payments,6,images/in-service-troubleshooting/cancellation-policy-and-payments/how-to-use-resy-prepay-feature-in-resyos/how-to-use-resy-prepay-feature-in-resyos__img06.png,ok,112775,https://cdn.kustomerhostedcontent.com/media/6036f66758799c770950d98d/a04be18eb019775ddf041d40a7755321.png,no,,https://helpdesk.resy.com/en_us/how-to-use-resy-prepay-feature-in-resyos-rJTzMvXLu
loyalist-integration__img01,loyalist-integration,Loyalist Integration,general,1,images/general/loyalist-integration/loyalist-integration__img01.png,ok,71921,,yes,,https://helpdesk.resy.com/en_us/loyalist-integration-HJSe1Spagl
loyalist-integration__img02,loyalist-integration,Loyalist Integration,general,2,images/general/loyalist-integration/loyalist-integration__img02.png,ok,82879,,yes,,https://helpdesk.resy.com/en_us/loyalist-integration-HJSe1Spagl
loyalist-integration__img03,loyalist-integration,Loyalist Integration,general,3,images/general/loyalist-integration/loyalist-integration__img03.png,ok,67316,,yes,,https://helpdesk.resy.com/en_us/loyalist-integration-HJSe1Spagl
managing-global-dining-access-availability__img01,managing-global-dining-access-availability,Managing Global Dining Access Availability,general,1,images/general/managing-global-dining-access-availability/managing-global-dining-access-availability__img01.png,ok,99124,https://cdn.kustomerhostedcontent.com/media/6036f66758799c770950d98d/0b59319a91e030f5d94fc42dba7fa7d4.png,no,,https://helpdesk.resy.com/en_us/managing-global-dining-access-availability-H1EI4fDwyg
managing-global-dining-access-availability__img02,managing-global-dining-access-availability,Managing Global Dining Access Availability,general,2,images/general/managing-global-dining-access-availability/managing-global-dining-access-availability__img02.png,ok,396179,https://cdn.kustomerhostedcontent.com/media/6036f66758799c770950d98d/1855454378e2de2b497300885a10ca17.png,no,,https://helpdesk.resy.com/en_us/managing-global-dining-access-availability-H1EI4fDwyg
managing-global-dining-access-availability__img03,managing-global-dining-access-availability,Managing Global Dining Access Availability,general,3,images/general/managing-global-dining-access-availability/managing-global-dining-access-availability__img03.png,ok,448331,https://cdn.kustomerhostedcontent.com/media/6036f66758799c770950d98d/3e1d793990d80dedb9fb40dc74f1cd13.png,no,,https://helpdesk.resy.com/en_us/managing-global-dining-access-availability-H1EI4fDwyg
managing-global-dining-access-availability__img04,managing-global-dining-access-availability,Managing Global Dining Access Availability,general,4,images/general/managing-global-dining-access-availability/managing-global-dining-access-availability__img04.png,ok,211509,https://cdn.kustomerhostedcontent.com/media/6036f66758799c770950d98d/6a5529035edc1d93fb28d3fe56e9ed16.png,no,,https://helpdesk.resy.com/en_us/managing-global-dining-access-availability-H1EI4fDwyg
managing-global-dining-access-availability__img05,managing-global-dining-access-availability,Managing Global Dining Access Availability,general,5,images/general/managing-global-dining-access-availability/managing-global-dining-access-availability__img05.png,ok,147990,https://cdn.kustomerhostedcontent.com/media/6036f66758799c770950d98d/0368513eb963d49aa89a90422754214c.png,no,,https://helpdesk.resy.com/en_us/managing-global-dining-access-availability-H1EI4fDwyg
managing-global-dining-access-availability__img06,managing-global-dining-access-availability,Managing Global Dining Access Availability,general,6,images/general/managing-global-dining-access-availability/managing-global-dining-access-availability__img06.png,ok,58030,https://cdn.kustomerhostedcontent.com/media/6036f66758799c770950d98d/8fc87f9f24a7c55fa0f0d3cd7809a795.png,no,,https://helpdesk.resy.com/en_us/managing-global-dining-access-availability-H1EI4fDwyg
managing-global-dining-access-availability__img07,managing-global-dining-access-availability,Managing Global Dining Access Availability,general,7,images/general/managing-global-dining-access-availability/managing-global-dining-access-availability__img07.png,ok,227923,https://cdn.kustomerhostedcontent.com/media/6036f66758799c770950d98d/2172549689adde096b61b210f987d3fb.png,no,,https://helpdesk.resy.com/en_us/managing-global-dining-access-availability-H1EI4fDwyg
managing-transactions-settings-for-us-partners__img01,managing-transactions-settings-for-us-partners,Transactions Settings (US),transactions,1,images/transactions/managing-transactions-settings-for-us-partners/managing-transactions-settings-for-us-partners__img01.jpg,ok,37715,,yes,,https://helpdesk.resy.com/en_us/managing-transactions-settings-for-us-partners-BJIGq7ju_
managing-transactions-settings-for-us-partners__img02,managing-transactions-settings-for-us-partners,Transactions Settings (US),transactions,2,images/transactions/managing-transactions-settings-for-us-partners/managing-transactions-settings-for-us-partners__img02.png,ok,102363,,yes,,https://helpdesk.resy.com/en_us/managing-transactions-settings-for-us-partners-BJIGq7ju_
managing-transactions-settings-for-us-partners__img03,managing-transactions-settings-for-us-partners,Transactions Settings (US),transactions,3,images/transactions/managing-transactions-settings-for-us-partners/managing-transactions-settings-for-us-partners__img03.png,ok,90163,,yes,,https://helpdesk.resy.com/en_us/managing-transactions-settings-for-us-partners-BJIGq7ju_
managing-transactions-settings-for-us-partners__img04,managing-transactions-settings-for-us-partners,Transactions Settings (US),transactions,4,images/transactions/managing-transactions-settings-for-us-partners/managing-transactions-settings-for-us-partners__img04.png,ok,69782,,yes,,https://helpdesk.resy.com/en_us/managing-transactions-settings-for-us-partners-BJIGq7ju_
managing-transactions-settings-for-us-partners__img05,managing-transactions-settings-for-us-partners,Transactions Settings (US),transactions,5,images/transactions/managing-transactions-settings-for-us-partners/managing-transactions-settings-for-us-partners__img05.png,ok,86743,,yes,,https://helpdesk.resy.com/en_us/managing-transactions-settings-for-us-partners-BJIGq7ju_
managing-transactions-settings-for-us-partners__img06,managing-transactions-settings-for-us-partners,Transactions Settings (US),transactions,6,images/transactions/managing-transactions-settings-for-us-partners/managing-transactions-settings-for-us-partners__img06.png,ok,188019,,yes,,https://helpdesk.resy.com/en_us/managing-transactions-settings-for-us-partners-BJIGq7ju_
manual-ach-stripe-process__img01,manual-ach-stripe-process,Manual ACH Stripe Process,general,1,images/general/manual-ach-stripe-process/manual-ach-stripe-process__img01.png,ok,61133,,yes,,https://helpdesk.resy.com/en_us/manual-ach-stripe-process-HkZ6wz7Jg
manual-ach-stripe-process__img02,manual-ach-stripe-process,Manual ACH Stripe Process,general,2,images/general/manual-ach-stripe-process/manual-ach-stripe-process__img02.png,ok,79848,,yes,,https://helpdesk.resy.com/en_us/manual-ach-stripe-process-HkZ6wz7Jg
manual-ach-stripe-process__img03,manual-ach-stripe-process,Manual ACH Stripe Process,general,3,images/general/manual-ach-stripe-process/manual-ach-stripe-process__img03.png,ok,83218,,yes,,https://helpdesk.resy.com/en_us/manual-ach-stripe-process-HkZ6wz7Jg
manual-ach-stripe-process__img04,manual-ach-stripe-process,Manual ACH Stripe Process,general,4,images/general/manual-ach-stripe-process/manual-ach-stripe-process__img04.png,ok,8585,,yes,,https://helpdesk.resy.com/en_us/manual-ach-stripe-process-HkZ6wz7Jg
manual-ach-stripe-process__img05,manual-ach-stripe-process,Manual ACH Stripe Process,general,5,images/general/manual-ach-stripe-process/manual-ach-stripe-process__img05.png,ok,91171,,yes,,https://helpdesk.resy.com/en_us/manual-ach-stripe-process-HkZ6wz7Jg
manual-ach-stripe-process__img06,manual-ach-stripe-process,Manual ACH Stripe Process,general,6,images/general/manual-ach-stripe-process/manual-ach-stripe-process__img06.png,ok,337531,,yes,,https://helpdesk.resy.com/en_us/manual-ach-stripe-process-HkZ6wz7Jg
marketing-the-transition-to-resy:-pre-live-go-live-post-live-checklists__img01,marketing-the-transition-to-resy:-pre-live-go-live-post-live-checklists,Marketing: Transition to Resy,marketing-and-promotion,1,images/marketing-and-promotion/marketing-the-transition-to-resy:-pre-live-go-live-post-live-checklists/marketing-the-transition-to-resy:-pre-live-go-live-post-live-checklists__img01.png,ok,56642,,yes,,https://helpdesk.resy.com/en_us/marketing-the-transition-to-resy:-pre-live-go-live-post-live-checklists-rJwrPQ8O
marketing-the-transition-to-resy:-pre-live-go-live-post-live-checklists__img02,marketing-the-transition-to-resy:-pre-live-go-live-post-live-checklists,Marketing: Transition to Resy,marketing-and-promotion,2,images/marketing-and-promotion/marketing-the-transition-to-resy:-pre-live-go-live-post-live-checklists/marketing-the-transition-to-resy:-pre-live-go-live-post-live-checklists__img02.png,ok,540977,https://cdn.kustomerhostedcontent.com/media/6036f66758799c770950d98d/1d6ad16e806545a8812c1ba9a1c9e8c3.png,no,,https://helpdesk.resy.com/en_us/marketing-the-transition-to-resy:-pre-live-go-live-post-live-checklists-rJwrPQ8O
my-restaurant-last-5-weeks__img01,my-restaurant-last-5-weeks,Advanced Analytics - My Restaurant: Last 5 Weeks,reporting-analytics/advanced-analytics,1,images/reporting-analytics/advanced-analytics/my-restaurant-last-5-weeks/my-restaurant-last-5-weeks__img01.png,ok,58062,https://cdn.kustomerhostedcontent.com/media/6036f66758799c770950d98d/9bddc18231efd2a28348186c70d33dec.png,no,,https://helpdesk.resy.com/en_us/my-restaurant-last-5-weeks-HyWnESghT
my-restaurant-last-5-weeks__img02,my-restaurant-last-5-weeks,Advanced Analytics - My Restaurant: Last 5 Weeks,reporting-analytics/advanced-analytics,2,images/reporting-analytics/advanced-analytics/my-restaurant-last-5-weeks/my-restaurant-last-5-weeks__img02.png,ok,14267,https://cdn.kustomerhostedcontent.com/media/6036f66758799c770950d98d/d624d54f495de251f4d192aa27764e57.png,no,,https://helpdesk.resy.com/en_us/my-restaurant-last-5-weeks-HyWnESghT
my-restaurant-last-5-weeks__img03,my-restaurant-last-5-weeks,Advanced Analytics - My Restaurant: Last 5 Weeks,reporting-analytics/advanced-analytics,3,images/reporting-analytics/advanced-analytics/my-restaurant-last-5-weeks/my-restaurant-last-5-weeks__img03.png,ok,30122,https://cdn.kustomerhostedcontent.com/media/6036f66758799c770950d98d/07fc1fb805876f929cab185558df7168.png,no,,https://helpdesk.resy.com/en_us/my-restaurant-last-5-weeks-HyWnESghT
my-restaurant-last-5-weeks__img04,my-restaurant-last-5-weeks,Advanced Analytics - My Restaurant: Last 5 Weeks,reporting-analytics/advanced-analytics,4,images/reporting-analytics/advanced-analytics/my-restaurant-last-5-weeks/my-restaurant-last-5-weeks__img04.png,ok,31732,https://cdn.kustomerhostedcontent.com/media/6036f66758799c770950d98d/af511bb5ad63522c362da19716b29ae9.png,no,,https://helpdesk.resy.com/en_us/my-restaurant-last-5-weeks-HyWnESghT
my-restaurant-last-5-weeks__img05,my-restaurant-last-5-weeks,Advanced Analytics - My Restaurant: Last 5 Weeks,reporting-analytics/advanced-analytics,5,images/reporting-analytics/advanced-analytics/my-restaurant-last-5-weeks/my-restaurant-last-5-weeks__img05.png,ok,25553,https://cdn.kustomerhostedcontent.com/media/6036f66758799c770950d98d/71a1474a29622c53d7b58881867a86a9.png,no,,https://helpdesk.resy.com/en_us/my-restaurant-last-5-weeks-HyWnESghT
my-restaurant-last-5-weeks__img06,my-restaurant-last-5-weeks,Advanced Analytics - My Restaurant: Last 5 Weeks,reporting-analytics/advanced-analytics,6,images/reporting-analytics/advanced-analytics/my-restaurant-last-5-weeks/my-restaurant-last-5-weeks__img06.png,ok,32539,https://cdn.kustomerhostedcontent.com/media/6036f66758799c770950d98d/95cebb7ff2ff635151ea90f99438e8d3.png,no,,https://helpdesk.resy.com/en_us/my-restaurant-last-5-weeks-HyWnESghT
my-restaurant-last-5-weeks__img07,my-restaurant-last-5-weeks,Advanced Analytics - My Restaurant: Last 5 Weeks,reporting-analytics/advanced-analytics,7,images/reporting-analytics/advanced-analytics/my-restaurant-last-5-weeks/my-restaurant-last-5-weeks__img07.png,ok,26032,https://cdn.kustomerhostedcontent.com/media/6036f66758799c770950d98d/f7416ad48d7a78047b3b08f3a018014d.png,no,,https://helpdesk.resy.com/en_us/my-restaurant-last-5-weeks-HyWnESghT
my-restaurant-cover-details__img01,my-restaurant-cover-details,Advanced Analytics - My Restaurant: Cover Details,reporting-analytics/advanced-analytics,1,images/reporting-analytics/advanced-analytics/my-restaurant-cover-details/my-restaurant-cover-details__img01.png,ok,164401,https://cdn.kustomerhostedcontent.com/media/6036f66758799c770950d98d/fb859d7934ec49639c16259be30c7370.png,no,,https://helpdesk.resy.com/en_us/my-restaurant-cover-details-SJ0kbrxh6
my-restaurant-cover-details__img02,my-restaurant-cover-details,Advanced Analytics - My Restaurant: Cover Details,reporting-analytics/advanced-analytics,2,images/reporting-analytics/advanced-analytics/my-restaurant-cover-details/my-restaurant-cover-details__img02.png,ok,15946,https://cdn.kustomerhostedcontent.com/media/6036f66758799c770950d98d/944869e53cf0371597d198430f382897.png,no,,https://helpdesk.resy.com/en_us/my-restaurant-cover-details-SJ0kbrxh6
my-restaurant-cover-details__img03,my-restaurant-cover-details,Advanced Analytics - My Restaurant: Cover Details,reporting-analytics/advanced-analytics,3,images/reporting-analytics/advanced-analytics/my-restaurant-cover-details/my-restaurant-cover-details__img03.png,ok,14303,https://cdn.kustomerhostedcontent.com/media/6036f66758799c770950d98d/29c69e72c3736416bca09c597280950c.png,no,,https://helpdesk.resy.com/en_us/my-restaurant-cover-details-SJ0kbrxh6
my-restaurant-cover-details__img04,my-restaurant-cover-details,Advanced Analytics - My Restaurant: Cover Details,reporting-analytics/advanced-analytics,4,images/reporting-analytics/advanced-analytics/my-restaurant-cover-details/my-restaurant-cover-details__img04.png,ok,39827,https://cdn.kustomerhostedcontent.com/media/6036f66758799c770950d98d/1f549de4c9a60b69191726406fd7a816.png,no,,https://helpdesk.resy.com/en_us/my-restaurant-cover-details-SJ0kbrxh6
my-restaurant-cover-details__img05,my-restaurant-cover-details,Advanced Analytics - My Restaurant: Cover Details,reporting-analytics/advanced-analytics,5,images/reporting-analytics/advanced-analytics/my-restaurant-cover-details/my-restaurant-cover-details__img05.png,ok,11627,https://cdn.kustomerhostedcontent.com/media/6036f66758799c770950d98d/13d986c7dd4cae70aa19b7dcf7348800.png,no,,https://helpdesk.resy.com/en_us/my-restaurant-cover-details-SJ0kbrxh6
my-restaurant-cover-details__img06,my-restaurant-cover-details,Advanced Analytics - My Restaurant: Cover Details,reporting-analytics/advanced-analytics,6,images/reporting-analytics/advanced-analytics/my-restaurant-cover-details/my-restaurant-cover-details__img06.png,ok,27392,https://cdn.kustomerhostedcontent.com/media/6036f66758799c770950d98d/76efd4af38cd8fe5cc9fadce91ced2e5.png,no,,https://helpdesk.resy.com/en_us/my-restaurant-cover-details-SJ0kbrxh6
my-restaurant-cover-details__img07,my-restaurant-cover-details,Advanced Analytics - My Restaurant: Cover Details,reporting-analytics/advanced-analytics,7,images/reporting-analytics/advanced-analytics/my-restaurant-cover-details/my-restaurant-cover-details__img07.png,ok,42221,https://cdn.kustomerhostedcontent.com/media/6036f66758799c770950d98d/09e5d808d26bfac5324c0970f1a9b8fb.png,no,,https://helpdesk.resy.com/en_us/my-restaurant-cover-details-SJ0kbrxh6
my-restaurant-cover-details__img08,my-restaurant-cover-details,Advanced Analytics - My Restaurant: Cover Details,reporting-analytics/advanced-analytics,8,images/reporting-analytics/advanced-analytics/my-restaurant-cover-details/my-restaurant-cover-details__img08.png,ok,35772,https://cdn.kustomerhostedcontent.com/media/6036f66758799c770950d98d/35a36ee38b59aadc584f03ad6b88ee82.png,no,,https://helpdesk.resy.com/en_us/my-restaurant-cover-details-SJ0kbrxh6
my-restaurant-ratings__img01,my-restaurant-ratings,Advanced Analytics - My Restaurant: Ratings,reporting-analytics/advanced-analytics,1,images/reporting-analytics/advanced-analytics/my-restaurant-ratings/my-restaurant-ratings__img01.png,ok,51692,https://cdn.kustomerhostedcontent.com/media/6036f66758799c770950d98d/88810bc80cca447f91392c58eb368594.png,no,,https://helpdesk.resy.com/en_us/my-restaurant-ratings-BkdeNHln6
opening-a-shift-on-a-day-you-are-normally-closed__img01,opening-a-shift-on-a-day-you-are-normally-closed,Open a Shift on a Day you are Normally Closed,general,1,images/general/opening-a-shift-on-a-day-you-are-normally-closed/opening-a-shift-on-a-day-you-are-normally-closed__img01.png,ok,75643,https://cdn.kustomerhostedcontent.com/media/6036f66758799c770950d98d/dcf294f8cbb6eaa1a45921320d7653f3.png,no,,https://helpdesk.resy.com/en_us/opening-a-shift-on-a-day-you-are-normally-closed-rJp51n6h9
opening-a-shift-on-a-day-you-are-normally-closed__img02,opening-a-shift-on-a-day-you-are-normally-closed,Open a Shift on a Day you are Normally Closed,general,2,images/general/opening-a-shift-on-a-day-you-are-normally-closed/opening-a-shift-on-a-day-you-are-normally-closed__img02.png,ok,82898,https://cdn.kustomerhostedcontent.com/media/6036f66758799c770950d98d/06c98dee02089ecb40c076c719570478.png,no,,https://helpdesk.resy.com/en_us/opening-a-shift-on-a-day-you-are-normally-closed-rJp51n6h9
opening-a-shift-on-a-day-you-are-normally-closed__img03,opening-a-shift-on-a-day-you-are-normally-closed,Open a Shift on a Day you are Normally Closed,general,3,images/general/opening-a-shift-on-a-day-you-are-normally-closed/opening-a-shift-on-a-day-you-are-normally-closed__img03.png,ok,253146,,yes,,https://helpdesk.resy.com/en_us/opening-a-shift-on-a-day-you-are-normally-closed-rJp51n6h9
pos-integration-automatic-course-status__img01,pos-integration-automatic-course-status,POS Integration: Real Time Course Status,general,1,images/general/pos-integration-automatic-course-status/pos-integration-automatic-course-status__img01.gif,ok,3417837,https://cdn.kustomerhostedcontent.com/media/6036f66758799c770950d98d/b740989b1a1113de47dce37dd549800d.gif,no,,https://helpdesk.resy.com/en_us/pos-integration-automatic-course-status-BkqVQL0n
pos-integrations-BJ4QMDQLd__img01,pos-integrations-BJ4QMDQLd,POS Integrations FAQ,reporting-analytics,1,images/reporting-analytics/pos-integrations-BJ4QMDQLd/pos-integrations-BJ4QMDQLd__img01.png,ok,275634,,yes,,https://helpdesk.resy.com/en_us/pos-integrations-BJ4QMDQLd
pos-integrations-BJ4QMDQLd__img02,pos-integrations-BJ4QMDQLd,POS Integrations FAQ,reporting-analytics,2,images/reporting-analytics/pos-integrations-BJ4QMDQLd/pos-integrations-BJ4QMDQLd__img02.png,ok,220338,,yes,,https://helpdesk.resy.com/en_us/pos-integrations-BJ4QMDQLd
pos-integrations-HkUQN3s5u__img01,pos-integrations-HkUQN3s5u,POS Integrations,reporting-analytics,1,images/reporting-analytics/pos-integrations-HkUQN3s5u/pos-integrations-HkUQN3s5u__img01.png,ok,275634,https://cdn.kustomerhostedcontent.com/media/6036f66758799c770950d98d/b36684e35da5711674aabfd797e9ad53.png,no,,https://helpdesk.resy.com/en_us/pos-integrations-HkUQN3s5u
pos-integrations-HkUQN3s5u__img02,pos-integrations-HkUQN3s5u,POS Integrations,reporting-analytics,2,images/reporting-analytics/pos-integrations-HkUQN3s5u/pos-integrations-HkUQN3s5u__img02.png,ok,290767,https://cdn.kustomerhostedcontent.com/media/6036f66758799c770950d98d/c6b8b398016ba2e3dcdc49745e31dd72.png,no,,https://helpdesk.resy.com/en_us/pos-integrations-HkUQN3s5u
pos-integration-digital-chits-feature__img01,pos-integration-digital-chits-feature,POS Integration: Digital Chits Feature,general,1,images/general/pos-integration-digital-chits-feature/pos-integration-digital-chits-feature__img01.png,ok,110304,,yes,,https://helpdesk.resy.com/en_us/pos-integration-digital-chits-feature-HJmUi_YmGe
pos-integration-digital-chits-feature__img02,pos-integration-digital-chits-feature,POS Integration: Digital Chits Feature,general,2,images/general/pos-integration-digital-chits-feature/pos-integration-digital-chits-feature__img02.png,ok,32213,https://cdn.kustomerhostedcontent.com/media/6036f66758799c770950d98d/2c4a8a9577aaefe0ac4cb07ec040cda5.png,no,,https://helpdesk.resy.com/en_us/pos-integration-digital-chits-feature-HJmUi_YmGe
pos-integration-digital-chits-feature__img03,pos-integration-digital-chits-feature,POS Integration: Digital Chits Feature,general,3,images/general/pos-integration-digital-chits-feature/pos-integration-digital-chits-feature__img03.png,ok,138427,,yes,,https://helpdesk.resy.com/en_us/pos-integration-digital-chits-feature-HJmUi_YmGe
pos-integrations-toast__img01,pos-integrations-toast,POS Integrations: Toast,general,1,images/general/pos-integrations-toast/pos-integrations-toast__img01.png,ok,13763,,yes,,https://helpdesk.resy.com/en_us/pos-integrations-toast-Hyvj9cpKZx
pos-per-person-average-ppa__img01,pos-per-person-average-ppa,Advanced Analytics - POS: Per Person Average (PPA),reporting-analytics/advanced-analytics,1,images/reporting-analytics/advanced-analytics/pos-per-person-average-ppa/pos-per-person-average-ppa__img01.png,ok,109070,https://cdn.kustomerhostedcontent.com/media/6036f66758799c770950d98d/0ea0435fc1d254daaeeb2c63f6b3bac8.png,no,,https://helpdesk.resy.com/en_us/pos-per-person-average-ppa-r1cg2Hl26
pos-per-person-average-ppa__img02,pos-per-person-average-ppa,Advanced Analytics - POS: Per Person Average (PPA),reporting-analytics/advanced-analytics,2,images/reporting-analytics/advanced-analytics/pos-per-person-average-ppa/pos-per-person-average-ppa__img02.png,ok,11475,https://cdn.kustomerhostedcontent.com/media/6036f66758799c770950d98d/633b463bb0acc4159276a097fb9540a0.png,no,,https://helpdesk.resy.com/en_us/pos-per-person-average-ppa-r1cg2Hl26
pos-per-person-average-ppa__img03,pos-per-person-average-ppa,Advanced Analytics - POS: Per Person Average (PPA),reporting-analytics/advanced-analytics,3,images/reporting-analytics/advanced-analytics/pos-per-person-average-ppa/pos-per-person-average-ppa__img03.png,ok,24870,https://cdn.kustomerhostedcontent.com/media/6036f66758799c770950d98d/a95cb51c1eda986564459bcc17cf1510.png,no,,https://helpdesk.resy.com/en_us/pos-per-person-average-ppa-r1cg2Hl26
pos-per-person-average-ppa__img04,pos-per-person-average-ppa,Advanced Analytics - POS: Per Person Average (PPA),reporting-analytics/advanced-analytics,4,images/reporting-analytics/advanced-analytics/pos-per-person-average-ppa/pos-per-person-average-ppa__img04.png,ok,39831,https://cdn.kustomerhostedcontent.com/media/6036f66758799c770950d98d/75052455075fe3331d1086ccd990acee.png,no,,https://helpdesk.resy.com/en_us/pos-per-person-average-ppa-r1cg2Hl26
pos-per-person-average-ppa__img05,pos-per-person-average-ppa,Advanced Analytics - POS: Per Person Average (PPA),reporting-analytics/advanced-analytics,5,images/reporting-analytics/advanced-analytics/pos-per-person-average-ppa/pos-per-person-average-ppa__img05.png,ok,23413,https://cdn.kustomerhostedcontent.com/media/6036f66758799c770950d98d/823bb34514890a9f944ab60681141eb5.png,no,,https://helpdesk.resy.com/en_us/pos-per-person-average-ppa-r1cg2Hl26
pos-per-person-average-ppa__img06,pos-per-person-average-ppa,Advanced Analytics - POS: Per Person Average (PPA),reporting-analytics/advanced-analytics,6,images/reporting-analytics/advanced-analytics/pos-per-person-average-ppa/pos-per-person-average-ppa__img06.png,ok,24148,https://cdn.kustomerhostedcontent.com/media/6036f66758799c770950d98d/a07819a8a310b22a63b3446f10d948f1.png,no,,https://helpdesk.resy.com/en_us/pos-per-person-average-ppa-r1cg2Hl26
pos-product-mix__img01,pos-product-mix,Advanced Analytics - POS: Product Mix,reporting-analytics/advanced-analytics,1,images/reporting-analytics/advanced-analytics/pos-product-mix/pos-product-mix__img01.png,ok,142236,https://cdn.kustomerhostedcontent.com/media/6036f66758799c770950d98d/7417bcf669ecf4a5255eacf02eebe8f8.png,no,,https://helpdesk.resy.com/en_us/pos-product-mix-BkRm18xn6
pos-product-mix__img02,pos-product-mix,Advanced Analytics - POS: Product Mix,reporting-analytics/advanced-analytics,2,images/reporting-analytics/advanced-analytics/pos-product-mix/pos-product-mix__img02.png,ok,173362,https://cdn.kustomerhostedcontent.com/media/6036f66758799c770950d98d/8a5e7c22b2d6b42845c92c3e87b56a92.png,no,,https://helpdesk.resy.com/en_us/pos-product-mix-BkRm18xn6
pos-product-mix__img03,pos-product-mix,Advanced Analytics - POS: Product Mix,reporting-analytics/advanced-analytics,3,images/reporting-analytics/advanced-analytics/pos-product-mix/pos-product-mix__img03.png,ok,18211,https://cdn.kustomerhostedcontent.com/media/6036f66758799c770950d98d/dcb0d2eac59d9887e95b53623054b963.png,no,,https://helpdesk.resy.com/en_us/pos-product-mix-BkRm18xn6
pos-product-mix__img04,pos-product-mix,Advanced Analytics - POS: Product Mix,reporting-analytics/advanced-analytics,4,images/reporting-analytics/advanced-analytics/pos-product-mix/pos-product-mix__img04.png,ok,45051,https://cdn.kustomerhostedcontent.com/media/6036f66758799c770950d98d/3443c48b9a56e85416c6ad315d050d85.png,no,,https://helpdesk.resy.com/en_us/pos-product-mix-BkRm18xn6
pos-product-mix__img05,pos-product-mix,Advanced Analytics - POS: Product Mix,reporting-analytics/advanced-analytics,5,images/reporting-analytics/advanced-analytics/pos-product-mix/pos-product-mix__img05.png,ok,211897,https://cdn.kustomerhostedcontent.com/media/6036f66758799c770950d98d/7dd018ac5b7cce9e1ac2a37d4269af53.png,no,,https://helpdesk.resy.com/en_us/pos-product-mix-BkRm18xn6
pos-product-mix__img06,pos-product-mix,Advanced Analytics - POS: Product Mix,reporting-analytics/advanced-analytics,6,images/reporting-analytics/advanced-analytics/pos-product-mix/pos-product-mix__img06.png,ok,38875,https://cdn.kustomerhostedcontent.com/media/6036f66758799c770950d98d/8f6c970d467d428399206a6695c217fe.png,no,,https://helpdesk.resy.com/en_us/pos-product-mix-BkRm18xn6
pos-product-mix__img07,pos-product-mix,Advanced Analytics - POS: Product Mix,reporting-analytics/advanced-analytics,7,images/reporting-analytics/advanced-analytics/pos-product-mix/pos-product-mix__img07.png,ok,217784,https://cdn.kustomerhostedcontent.com/media/6036f66758799c770950d98d/98d3dfe8e0ced7e4eb87c6d84d8dc7f1.png,no,,https://helpdesk.resy.com/en_us/pos-product-mix-BkRm18xn6
pos-product-mix__img08,pos-product-mix,Advanced Analytics - POS: Product Mix,reporting-analytics/advanced-analytics,8,images/reporting-analytics/advanced-analytics/pos-product-mix/pos-product-mix__img08.png,ok,70268,https://cdn.kustomerhostedcontent.com/media/6036f66758799c770950d98d/a9d5f20e2b0777471ee4631d962e01ef.png,no,,https://helpdesk.resy.com/en_us/pos-product-mix-BkRm18xn6
pos-product-mix__img09,pos-product-mix,Advanced Analytics - POS: Product Mix,reporting-analytics/advanced-analytics,9,images/reporting-analytics/advanced-analytics/pos-product-mix/pos-product-mix__img09.png,ok,214569,https://cdn.kustomerhostedcontent.com/media/6036f66758799c770950d98d/d978c188f31a42fcc1b35af532afed89.png,no,,https://helpdesk.resy.com/en_us/pos-product-mix-BkRm18xn6
pos-top-spenders__img01,pos-top-spenders,Advanced Analytics - POS: Top Spenders,reporting-analytics/advanced-analytics,1,images/reporting-analytics/advanced-analytics/pos-top-spenders/pos-top-spenders__img01.png,ok,173707,https://cdn.kustomerhostedcontent.com/media/6036f66758799c770950d98d/224ac836f71560ad692bead38900075e.png,no,,https://helpdesk.resy.com/en_us/pos-top-spenders-S1yNjHg3a
pos-top-spenders__img02,pos-top-spenders,Advanced Analytics - POS: Top Spenders,reporting-analytics/advanced-analytics,2,images/reporting-analytics/advanced-analytics/pos-top-spenders/pos-top-spenders__img02.png,ok,19002,https://cdn.kustomerhostedcontent.com/media/6036f66758799c770950d98d/cdaef50f1b8fd419f4cd770cb2540868.png,no,,https://helpdesk.resy.com/en_us/pos-top-spenders-S1yNjHg3a
reservation-names__img01,reservation-names,Reservation Names vs Table Type,general,1,images/general/reservation-names/reservation-names__img01.png,ok,87103,https://cdn.kustomerhostedcontent.com/media/6036f66758799c770950d98d/e69c470e47f3c50ab51b72a2f0dce524.png,no,,https://helpdesk.resy.com/en_us/reservation-names-r1fd_spaY
reservation-names__img02,reservation-names,Reservation Names vs Table Type,general,2,images/general/reservation-names/reservation-names__img02.png,ok,101182,https://cdn.kustomerhostedcontent.com/media/6036f66758799c770950d98d/6edf9d0d447d0dca47856ec3df2a65e6.png,no,,https://helpdesk.resy.com/en_us/reservation-names-r1fd_spaY
reservation-names__img03,reservation-names,Reservation Names vs Table Type,general,3,images/general/reservation-names/reservation-names__img03.png,ok,387315,,yes,A map with blue dots and white textAI-generated content may be incorrect.,https://helpdesk.resy.com/en_us/reservation-names-r1fd_spaY
reservation-names__img04,reservation-names,Reservation Names vs Table Type,general,4,images/general/reservation-names/reservation-names__img04.png,ok,240161,,yes,A screenshot of a mapAI-generated content may be incorrect.,https://helpdesk.resy.com/en_us/reservation-names-r1fd_spaY
reservation-names__img05,reservation-names,Reservation Names vs Table Type,general,5,images/general/reservation-names/reservation-names__img05.png,ok,286774,https://cdn.kustomerhostedcontent.com/media/6036f66758799c770950d98d/dc3fd1e2367a2a96681de1e49558dc46.png,no,,https://helpdesk.resy.com/en_us/reservation-names-r1fd_spaY
pos-spend-turn-times__img01,pos-spend-turn-times,Advanced Analytics - POS: Spend & Turn Times,reporting-analytics/advanced-analytics,1,images/reporting-analytics/advanced-analytics/pos-spend-turn-times/pos-spend-turn-times__img01.png,ok,289706,https://cdn.kustomerhostedcontent.com/media/6036f66758799c770950d98d/40c6078e043acd151b26c7e6131670c7.png,no,,https://helpdesk.resy.com/en_us/pos-spend-turn-times-SJF3X8e3T
pos-spend-turn-times__img02,pos-spend-turn-times,Advanced Analytics - POS: Spend & Turn Times,reporting-analytics/advanced-analytics,2,images/reporting-analytics/advanced-analytics/pos-spend-turn-times/pos-spend-turn-times__img02.png,ok,42218,https://cdn.kustomerhostedcontent.com/media/6036f66758799c770950d98d/17c32544389eccba7e21c91acc1b7323.png,no,,https://helpdesk.resy.com/en_us/pos-spend-turn-times-SJF3X8e3T
pos-spend-turn-times__img03,pos-spend-turn-times,Advanced Analytics - POS: Spend & Turn Times,reporting-analytics/advanced-analytics,3,images/reporting-analytics/advanced-analytics/pos-spend-turn-times/pos-spend-turn-times__img03.png,ok,55975,https://cdn.kustomerhostedcontent.com/media/6036f66758799c770950d98d/d4436269657f8e9fc37517fa3d1b495b.png,no,,https://helpdesk.resy.com/en_us/pos-spend-turn-times-SJF3X8e3T
pos-spend-turn-times__img04,pos-spend-turn-times,Advanced Analytics - POS: Spend & Turn Times,reporting-analytics/advanced-analytics,4,images/reporting-analytics/advanced-analytics/pos-spend-turn-times/pos-spend-turn-times__img04.png,ok,54038,https://cdn.kustomerhostedcontent.com/media/6036f66758799c770950d98d/ab134b7b7784c0b38d96ba66a6148165.png,no,,https://helpdesk.resy.com/en_us/pos-spend-turn-times-SJF3X8e3T
pos-spend-turn-times__img05,pos-spend-turn-times,Advanced Analytics - POS: Spend & Turn Times,reporting-analytics/advanced-analytics,5,images/reporting-analytics/advanced-analytics/pos-spend-turn-times/pos-spend-turn-times__img05.png,ok,140995,https://cdn.kustomerhostedcontent.com/media/6036f66758799c770950d98d/b7ab73f02c0abd1eceeba438933b75df.png,no,,https://helpdesk.resy.com/en_us/pos-spend-turn-times-SJF3X8e3T
restaurant-social-media-tips-+-tricks__img01,restaurant-social-media-tips-+-tricks,Promote on Social Media,marketing-and-promotion,1,images/marketing-and-promotion/restaurant-social-media-tips-+-tricks/restaurant-social-media-tips-+-tricks__img01.png,ok,1585905,https://cdn.kustomerhostedcontent.com/media/6036f66758799c770950d98d/d6ffccf918a07080f9a7ec142be37173.png,no,,https://helpdesk.resy.com/en_us/restaurant-social-media-tips-+-tricks-HyYHvm8u
restaurant-social-media-tips-+-tricks__img02,restaurant-social-media-tips-+-tricks,Promote on Social Media,marketing-and-promotion,2,images/marketing-and-promotion/restaurant-social-media-tips-+-tricks/restaurant-social-media-tips-+-tricks__img02.png,ok,837139,https://cdn.kustomerhostedcontent.com/media/6036f66758799c770950d98d/78d0d74814d5038085f1c2f8262c261f.png,no,,https://helpdesk.resy.com/en_us/restaurant-social-media-tips-+-tricks-HyYHvm8u
restaurant-social-media-tips-+-tricks__img03,restaurant-social-media-tips-+-tricks,Promote on Social Media,marketing-and-promotion,3,images/marketing-and-promotion/restaurant-social-media-tips-+-tricks/restaurant-social-media-tips-+-tricks__img03.png,ok,737661,https://cdn.kustomerhostedcontent.com/media/6036f66758799c770950d98d/8f894c141ba07331905a646ad65d0a41.png,no,,https://helpdesk.resy.com/en_us/restaurant-social-media-tips-+-tricks-HyYHvm8u
restaurant-social-media-tips-+-tricks__img04,restaurant-social-media-tips-+-tricks,Promote on Social Media,marketing-and-promotion,4,images/marketing-and-promotion/restaurant-social-media-tips-+-tricks/restaurant-social-media-tips-+-tricks__img04.png,ok,1622641,https://cdn.kustomerhostedcontent.com/media/6036f66758799c770950d98d/32a404d6d581adf582f3f87e29dd024d.png,no,,https://helpdesk.resy.com/en_us/restaurant-social-media-tips-+-tricks-HyYHvm8u
restaurant-social-media-tips-+-tricks__img05,restaurant-social-media-tips-+-tricks,Promote on Social Media,marketing-and-promotion,5,images/marketing-and-promotion/restaurant-social-media-tips-+-tricks/restaurant-social-media-tips-+-tricks__img05.png,ok,1012265,https://cdn.kustomerhostedcontent.com/media/6036f66758799c770950d98d/c882a8df4d079474d851e0535a27e88a.png,no,,https://helpdesk.resy.com/en_us/restaurant-social-media-tips-+-tricks-HyYHvm8u
resy-analytics__img01,resy-analytics,Reporting and Analytics,reporting-analytics,1,images/reporting-analytics/resy-analytics/resy-analytics__img01.png,ok,79376,,yes,,https://helpdesk.resy.com/en_us/resy-analytics-BJdQMvX8_
resy-analytics__img02,resy-analytics,Reporting and Analytics,reporting-analytics,2,images/reporting-analytics/resy-analytics/resy-analytics__img02.png,ok,272242,https://cdn.kustomerhostedcontent.com/media/6036f66758799c770950d98d/5ace742dd16f84b49262291031d2dff8.png,no,,https://helpdesk.resy.com/en_us/resy-analytics-BJdQMvX8_
resy-analytics__img03,resy-analytics,Reporting and Analytics,reporting-analytics,3,images/reporting-analytics/resy-analytics/resy-analytics__img03.png,ok,163081,https://cdn.kustomerhostedcontent.com/media/6036f66758799c770950d98d/0b4a1362c2d67d4248c834c9e27af846.png,no,,https://helpdesk.resy.com/en_us/resy-analytics-BJdQMvX8_
resy-analytics__img04,resy-analytics,Reporting and Analytics,reporting-analytics,4,images/reporting-analytics/resy-analytics/resy-analytics__img04.png,ok,344176,https://cdn.kustomerhostedcontent.com/media/6036f66758799c770950d98d/52b07abc24f062f23b6097894fefb0fa.png,no,,https://helpdesk.resy.com/en_us/resy-analytics-BJdQMvX8_
resy-analytics__img05,resy-analytics,Reporting and Analytics,reporting-analytics,5,images/reporting-analytics/resy-analytics/resy-analytics__img05.png,ok,104417,,yes,,https://helpdesk.resy.com/en_us/resy-analytics-BJdQMvX8_
resy-analytics__img06,resy-analytics,Reporting and Analytics,reporting-analytics,6,images/reporting-analytics/resy-analytics/resy-analytics__img06.png,ok,431593,https://cdn.kustomerhostedcontent.com/media/6036f66758799c770950d98d/1a766c3c24c11f4d49f7a8e9f96466ab.png,no,,https://helpdesk.resy.com/en_us/resy-analytics-BJdQMvX8_
resy-analytics__img07,resy-analytics,Reporting and Analytics,reporting-analytics,7,images/reporting-analytics/resy-analytics/resy-analytics__img07.png,ok,362654,https://cdn.kustomerhostedcontent.com/media/6036f66758799c770950d98d/f59eef4d39d16b704197d7239a590b66.png,no,,https://helpdesk.resy.com/en_us/resy-analytics-BJdQMvX8_
resy-analytics__img08,resy-analytics,Reporting and Analytics,reporting-analytics,8,images/reporting-analytics/resy-analytics/resy-analytics__img08.png,ok,204043,https://cdn.kustomerhostedcontent.com/media/6036f66758799c770950d98d/908e8b61276d3f160dc0525068aa48c1.png,no,,https://helpdesk.resy.com/en_us/resy-analytics-BJdQMvX8_
resy-analytics__img09,resy-analytics,Reporting and Analytics,reporting-analytics,9,images/reporting-analytics/resy-analytics/resy-analytics__img09.png,ok,130764,,yes,,https://helpdesk.resy.com/en_us/resy-analytics-BJdQMvX8_
resy-billing-portal__img01,resy-billing-portal,Billing Portal,billing,1,images/billing/resy-billing-portal/resy-billing-portal__img01.png,ok,98676,,yes,,https://helpdesk.resy.com/en_us/resy-billing-portal-HyaQfDQL_
resy-billing-portal__img02,resy-billing-portal,Billing Portal,billing,2,images/billing/resy-billing-portal/resy-billing-portal__img02.png,ok,84123,,yes,,https://helpdesk.resy.com/en_us/resy-billing-portal-HyaQfDQL_
resy-billing-portal__img03,resy-billing-portal,Billing Portal,billing,3,images/billing/resy-billing-portal/resy-billing-portal__img03.png,ok,31471,,yes,,https://helpdesk.resy.com/en_us/resy-billing-portal-HyaQfDQL_
resy-billing-portal__img04,resy-billing-portal,Billing Portal,billing,4,images/billing/resy-billing-portal/resy-billing-portal__img04.png,ok,49744,,yes,,https://helpdesk.resy.com/en_us/resy-billing-portal-HyaQfDQL_
resy-billing-portal__img05,resy-billing-portal,Billing Portal,billing,5,images/billing/resy-billing-portal/resy-billing-portal__img05.png,ok,23280,,yes,,https://helpdesk.resy.com/en_us/resy-billing-portal-HyaQfDQL_
resy-billing-portal__img06,resy-billing-portal,Billing Portal,billing,6,images/billing/resy-billing-portal/resy-billing-portal__img06.png,ok,25490,,yes,,https://helpdesk.resy.com/en_us/resy-billing-portal-HyaQfDQL_
resy-billing-portal__img07,resy-billing-portal,Billing Portal,billing,7,images/billing/resy-billing-portal/resy-billing-portal__img07.png,ok,44220,,yes,,https://helpdesk.resy.com/en_us/resy-billing-portal-HyaQfDQL_
resy-billing-portal__img08,resy-billing-portal,Billing Portal,billing,8,images/billing/resy-billing-portal/resy-billing-portal__img08.png,ok,64872,,yes,,https://helpdesk.resy.com/en_us/resy-billing-portal-HyaQfDQL_
resy-billing-portal__img09,resy-billing-portal,Billing Portal,billing,9,images/billing/resy-billing-portal/resy-billing-portal__img09.png,ok,24090,,yes,,https://helpdesk.resy.com/en_us/resy-billing-portal-HyaQfDQL_
resy-billing-portal__img10,resy-billing-portal,Billing Portal,billing,10,images/billing/resy-billing-portal/resy-billing-portal__img10.png,ok,132255,,yes,,https://helpdesk.resy.com/en_us/resy-billing-portal-HyaQfDQL_
resy-billing-portal__img11,resy-billing-portal,Billing Portal,billing,11,images/billing/resy-billing-portal/resy-billing-portal__img11.png,ok,81495,,yes,,https://helpdesk.resy.com/en_us/resy-billing-portal-HyaQfDQL_
resy-billing-portal__img12,resy-billing-portal,Billing Portal,billing,12,images/billing/resy-billing-portal/resy-billing-portal__img12.png,ok,80794,,yes,,https://helpdesk.resy.com/en_us/resy-billing-portal-HyaQfDQL_
resy-billing-portal__img13,resy-billing-portal,Billing Portal,billing,13,images/billing/resy-billing-portal/resy-billing-portal__img13.png,ok,28959,,yes,,https://helpdesk.resy.com/en_us/resy-billing-portal-HyaQfDQL_
resy-pay__img01,resy-pay,Resy Pay,general,1,images/general/resy-pay/resy-pay__img01.png,ok,99308,https://cdn.kustomerhostedcontent.com/media/6036f66758799c770950d98d/3d93a3f8a1431608237a10f2e7c6ae1a.png,no,,https://helpdesk.resy.com/en_us/resy-pay-BJUK2y65
resy-reward-card__img01,resy-reward-card,American Express® Reward Card FAQ,general,1,images/general/resy-reward-card/resy-reward-card__img01.jpg,ok,477710,https://cdn.kustomerhostedcontent.com/media/6036f66758799c770950d98d/369b857dffcb7332f759c38805965977.jpg,no,,https://helpdesk.resy.com/en_us/resy-reward-card-By0nZ_3Qo
resy-surveys__img01,resy-surveys,Use Resy Surveys to Get Feedback From Guests,reporting-analytics,1,images/reporting-analytics/resy-surveys/resy-surveys__img01.jpg,ok,345855,https://cdn.kustomerhostedcontent.com/media/6036f66758799c770950d98d/aa775466ca0732b24087cb7766023d16.jpeg,no,,https://helpdesk.resy.com/en_us/resy-surveys-S1qQMwX8u
resy-surveys__img02,resy-surveys,Use Resy Surveys to Get Feedback From Guests,reporting-analytics,2,images/reporting-analytics/resy-surveys/resy-surveys__img02.jpg,ok,368493,https://cdn.kustomerhostedcontent.com/media/6036f66758799c770950d98d/3bb00466d49b8440f34c7661876dae22.jpeg,no,,https://helpdesk.resy.com/en_us/resy-surveys-S1qQMwX8u
resy-surveys__img03,resy-surveys,Use Resy Surveys to Get Feedback From Guests,reporting-analytics,3,images/reporting-analytics/resy-surveys/resy-surveys__img03.jpg,ok,391029,https://cdn.kustomerhostedcontent.com/media/6036f66758799c770950d98d/24197ced165653c6090f1ed1a66735c6.jpeg,no,,https://helpdesk.resy.com/en_us/resy-surveys-S1qQMwX8u
resy-pre-pay-best-practices__img01,resy-pre-pay-best-practices,What are some best practices for using Resy PrePay?,in-service-troubleshooting/cancellation-policy-and-payments,1,images/in-service-troubleshooting/cancellation-policy-and-payments/resy-pre-pay-best-practices/resy-pre-pay-best-practices__img01.png,ok,72487,,yes,,https://helpdesk.resy.com/en_us/resy-pre-pay-best-practices-HyoMMDmUu
resy-x-instagram-integration__img01,resy-x-instagram-integration,Resy x Instagram Integration,marketing-and-promotion,1,images/marketing-and-promotion/resy-x-instagram-integration/resy-x-instagram-integration__img01.gif,ok,3873163,https://cdn.kustomerhostedcontent.com/media/6036f66758799c770950d98d/7dc677d7436ff1b0531fd8a84a439b8e.gif,no,,https://helpdesk.resy.com/en_us/resy-x-instagram-integration-BJsrZPmLd
resy-x-facebook-integration:__img01,resy-x-facebook-integration:,Resy x Facebook Integration,marketing-and-promotion,1,images/marketing-and-promotion/resy-x-facebook-integration:/resy-x-facebook-integration:__img01.png,ok,8821,,yes,,https://helpdesk.resy.com/en_us/resy-x-facebook-integration:-S1nHZPm8u
resy-x-facebook-integration:__img02,resy-x-facebook-integration:,Resy x Facebook Integration,marketing-and-promotion,2,images/marketing-and-promotion/resy-x-facebook-integration:/resy-x-facebook-integration:__img02.png,ok,229645,https://cdn.kustomerhostedcontent.com/media/6036f66758799c770950d98d/cd2d10318c5b425df3c6765cc82d8c3e.png,no,,https://helpdesk.resy.com/en_us/resy-x-facebook-integration:-S1nHZPm8u
resy-x-facebook-integration:__img03,resy-x-facebook-integration:,Resy x Facebook Integration,marketing-and-promotion,3,images/marketing-and-promotion/resy-x-facebook-integration:/resy-x-facebook-integration:__img03.png,ok,121707,https://cdn.kustomerhostedcontent.com/media/6036f66758799c770950d98d/e785802fc7e632125213cad0be6ba7ca.png,no,,https://helpdesk.resy.com/en_us/resy-x-facebook-integration:-S1nHZPm8u
resy-x-facebook-integration:__img04,resy-x-facebook-integration:,Resy x Facebook Integration,marketing-and-promotion,4,images/marketing-and-promotion/resy-x-facebook-integration:/resy-x-facebook-integration:__img04.png,ok,137315,https://cdn.kustomerhostedcontent.com/media/6036f66758799c770950d98d/d63c890d64c632bfb779a9710c4e33ac.png,no,,https://helpdesk.resy.com/en_us/resy-x-facebook-integration:-S1nHZPm8u
resy-x-facebook-integration:__img05,resy-x-facebook-integration:,Resy x Facebook Integration,marketing-and-promotion,5,images/marketing-and-promotion/resy-x-facebook-integration:/resy-x-facebook-integration:__img05.png,ok,162949,,yes,,https://helpdesk.resy.com/en_us/resy-x-facebook-integration:-S1nHZPm8u
resy-x-facebook-integration:__img06,resy-x-facebook-integration:,Resy x Facebook Integration,marketing-and-promotion,6,images/marketing-and-promotion/resy-x-facebook-integration:/resy-x-facebook-integration:__img06.png,ok,125762,,yes,,https://helpdesk.resy.com/en_us/resy-x-facebook-integration:-S1nHZPm8u
resy-x-facebook-integration:__img07,resy-x-facebook-integration:,Resy x Facebook Integration,marketing-and-promotion,7,images/marketing-and-promotion/resy-x-facebook-integration:/resy-x-facebook-integration:__img07.png,ok,236047,,yes,,https://helpdesk.resy.com/en_us/resy-x-facebook-integration:-S1nHZPm8u
resy-x-facebook-integration:__img08,resy-x-facebook-integration:,Resy x Facebook Integration,marketing-and-promotion,8,images/marketing-and-promotion/resy-x-facebook-integration:/resy-x-facebook-integration:__img08.png,ok,239136,,yes,,https://helpdesk.resy.com/en_us/resy-x-facebook-integration:-S1nHZPm8u
resy-x-facebook-integration:__img09,resy-x-facebook-integration:,Resy x Facebook Integration,marketing-and-promotion,9,images/marketing-and-promotion/resy-x-facebook-integration:/resy-x-facebook-integration:__img09.png,ok,30988,https://cdn.kustomerhostedcontent.com/media/6036f66758799c770950d98d/722de7a779406e047e26d6079ef30bfa.png,no,,https://helpdesk.resy.com/en_us/resy-x-facebook-integration:-S1nHZPm8u
resyos-apps-reports__img01,resyos-apps-reports,Reports in the ResyOS App,general,1,images/general/resyos-apps-reports/resyos-apps-reports__img01.jpg,ok,134116,https://cdn.kustomerhostedcontent.com/media/6036f66758799c770950d98d/cc234c02ea33a1c9849d5f1415e5c549.jpg,no,,https://helpdesk.resy.com/en_us/resyos-apps-reports-BkgyABIP3
resyos-apps-reports__img02,resyos-apps-reports,Reports in the ResyOS App,general,2,images/general/resyos-apps-reports/resyos-apps-reports__img02.jpg,ok,142577,https://cdn.kustomerhostedcontent.com/media/6036f66758799c770950d98d/61c7c693f69c68b8b58671c2894e9f8b.jpg,no,,https://helpdesk.resy.com/en_us/resyos-apps-reports-BkgyABIP3
resyos-apps-reports__img03,resyos-apps-reports,Reports in the ResyOS App,general,3,images/general/resyos-apps-reports/resyos-apps-reports__img03.jpg,ok,102848,https://cdn.kustomerhostedcontent.com/media/6036f66758799c770950d98d/d2618de0cbcc61ec20f7d23014bb768e.jpg,no,,https://helpdesk.resy.com/en_us/resyos-apps-reports-BkgyABIP3
resyos-apps-reports__img04,resyos-apps-reports,Reports in the ResyOS App,general,4,images/general/resyos-apps-reports/resyos-apps-reports__img04.jpg,ok,80753,https://cdn.kustomerhostedcontent.com/media/6036f66758799c770950d98d/46320ae96a308a566c13a752539cd1c9.jpg,no,,https://helpdesk.resy.com/en_us/resyos-apps-reports-BkgyABIP3
resyos-apps-reports__img05,resyos-apps-reports,Reports in the ResyOS App,general,5,images/general/resyos-apps-reports/resyos-apps-reports__img05.jpg,ok,114355,https://cdn.kustomerhostedcontent.com/media/6036f66758799c770950d98d/fdeb0bfc9216d50a7493e0438ae31243.jpg,no,,https://helpdesk.resy.com/en_us/resyos-apps-reports-BkgyABIP3
resyos-app-settings__img01,resyos-app-settings,ResyOS App Settings,general,1,images/general/resyos-app-settings/resyos-app-settings__img01.png,ok,561495,https://cdn.kustomerhostedcontent.com/media/6036f66758799c770950d98d/19b33d29633e1ae5e902a9c3d1053d69.png,no,,https://helpdesk.resy.com/en_us/resyos-app-settings-r1dXii2Gs
resyos-app-settings__img02,resyos-app-settings,ResyOS App Settings,general,2,images/general/resyos-app-settings/resyos-app-settings__img02.jpg,ok,158672,https://cdn.kustomerhostedcontent.com/media/6036f66758799c770950d98d/b26ee369403090c84746cc0c8380c7e1.jpg,no,,https://helpdesk.resy.com/en_us/resyos-app-settings-r1dXii2Gs
resyos-app-settings__img03,resyos-app-settings,ResyOS App Settings,general,3,images/general/resyos-app-settings/resyos-app-settings__img03.jpg,ok,58902,https://cdn.kustomerhostedcontent.com/media/6036f66758799c770950d98d/4f7dcb3fc0ecf772fdf0ed1c2ae63e0b.jpg,no,,https://helpdesk.resy.com/en_us/resyos-app-settings-r1dXii2Gs
resyos-app-settings__img04,resyos-app-settings,ResyOS App Settings,general,4,images/general/resyos-app-settings/resyos-app-settings__img04.jpg,ok,61594,https://cdn.kustomerhostedcontent.com/media/6036f66758799c770950d98d/23b7b6b7720492e097383cd8fb5589b0.jpg,no,,https://helpdesk.resy.com/en_us/resyos-app-settings-r1dXii2Gs
resyos-app-settings__img05,resyos-app-settings,ResyOS App Settings,general,5,images/general/resyos-app-settings/resyos-app-settings__img05.jpg,ok,47293,https://cdn.kustomerhostedcontent.com/media/6036f66758799c770950d98d/89071b6dc699c46f9b91473ede943d99.jpg,no,,https://helpdesk.resy.com/en_us/resyos-app-settings-r1dXii2Gs
resyos-app-settings__img06,resyos-app-settings,ResyOS App Settings,general,6,images/general/resyos-app-settings/resyos-app-settings__img06.jpg,ok,29959,https://cdn.kustomerhostedcontent.com/media/6036f66758799c770950d98d/5c773a9d0b9224dbf46febc931b1c985.jpg,no,,https://helpdesk.resy.com/en_us/resyos-app-settings-r1dXii2Gs
resyos-app-settings__img07,resyos-app-settings,ResyOS App Settings,general,7,images/general/resyos-app-settings/resyos-app-settings__img07.jpg,ok,55158,https://cdn.kustomerhostedcontent.com/media/6036f66758799c770950d98d/aac13e2d320c333908ce43d6e1ccb011.jpg,no,,https://helpdesk.resy.com/en_us/resyos-app-settings-r1dXii2Gs
resyos-app-settings__img08,resyos-app-settings,ResyOS App Settings,general,8,images/general/resyos-app-settings/resyos-app-settings__img08.jpg,ok,230942,https://cdn.kustomerhostedcontent.com/media/6036f66758799c770950d98d/c5ca725601d4882434e2121057b39981.jpg,no,,https://helpdesk.resy.com/en_us/resyos-app-settings-r1dXii2Gs
resyos-and-pos-reporting__img01,resyos-and-pos-reporting,ResyOS and POS Reporting,reporting-analytics,1,images/reporting-analytics/resyos-and-pos-reporting/resyos-and-pos-reporting__img01.jpg,ok,2080518,https://cdn.kustomerhostedcontent.com/media/6036f66758799c770950d98d/148169f68ce401338df43c5cca0e4cad.jpg,no,,https://helpdesk.resy.com/en_us/resyos-and-pos-reporting-SJRv9oy2O
resyos-and-pos-reporting__img02,resyos-and-pos-reporting,ResyOS and POS Reporting,reporting-analytics,2,images/reporting-analytics/resyos-and-pos-reporting/resyos-and-pos-reporting__img02.jpg,ok,3789406,https://cdn.kustomerhostedcontent.com/media/6036f66758799c770950d98d/07b7e0d3b531c5ed0cbff94f947bf219.jpg,no,,https://helpdesk.resy.com/en_us/resyos-and-pos-reporting-SJRv9oy2O
resyos-and-pos-reporting__img03,resyos-and-pos-reporting,ResyOS and POS Reporting,reporting-analytics,3,images/reporting-analytics/resyos-and-pos-reporting/resyos-and-pos-reporting__img03.jpg,ok,2264512,https://cdn.kustomerhostedcontent.com/media/6036f66758799c770950d98d/fa6cbbae8e866baaf2af5b98e465d0d8.jpg,no,,https://helpdesk.resy.com/en_us/resyos-and-pos-reporting-SJRv9oy2O
resyos-and-pos-reporting__img04,resyos-and-pos-reporting,ResyOS and POS Reporting,reporting-analytics,4,images/reporting-analytics/resyos-and-pos-reporting/resyos-and-pos-reporting__img04.png,ok,290767,https://cdn.kustomerhostedcontent.com/media/6036f66758799c770950d98d/92799cce7f3cf972f56950302b0a094a.png,no,,https://helpdesk.resy.com/en_us/resyos-and-pos-reporting-SJRv9oy2O
resyos-features-summary__img01,resyos-features-summary,Resy OS Features Summary,getting-started-settings,1,images/getting-started-settings/resyos-features-summary/resyos-features-summary__img01.png,ok,639520,,yes,,https://helpdesk.resy.com/en_us/resyos-features-summary-rJ_oZDQIO
resyos-features-summary__img02,resyos-features-summary,Resy OS Features Summary,getting-started-settings,2,images/getting-started-settings/resyos-features-summary/resyos-features-summary__img02.png,ok,589041,https://cdn.kustomerhostedcontent.com/media/6036f66758799c770950d98d/68b2a0cd3b8ded56910ea85f547fb950.png,no,,https://helpdesk.resy.com/en_us/resyos-features-summary-rJ_oZDQIO
resyos-ipad-set-up__img01,resyos-ipad-set-up,Setting Up Resy OS on an iPad,onboarding-materials,1,images/onboarding-materials/resyos-ipad-set-up/resyos-ipad-set-up__img01.png,ok,299845,,yes,,https://helpdesk.resy.com/en_us/resyos-ipad-set-up-rkrbv7L_
resyos-ipad-set-up__img02,resyos-ipad-set-up,Setting Up Resy OS on an iPad,onboarding-materials,2,images/onboarding-materials/resyos-ipad-set-up/resyos-ipad-set-up__img02.png,ok,103328,,yes,,https://helpdesk.resy.com/en_us/resyos-ipad-set-up-rkrbv7L_
resyos-ipad-set-up__img03,resyos-ipad-set-up,Setting Up Resy OS on an iPad,onboarding-materials,3,images/onboarding-materials/resyos-ipad-set-up/resyos-ipad-set-up__img03.png,ok,155518,https://cdn.kustomerhostedcontent.com/media/6036f66758799c770950d98d/380b12a436f96725b6635df7ced3cdee.png,no,,https://helpdesk.resy.com/en_us/resyos-ipad-set-up-rkrbv7L_
resyos-ipad-set-up__img04,resyos-ipad-set-up,Setting Up Resy OS on an iPad,onboarding-materials,4,images/onboarding-materials/resyos-ipad-set-up/resyos-ipad-set-up__img04.jpg,ok,115255,https://cdn.kustomerhostedcontent.com/media/6036f66758799c770950d98d/46e3a069ff2e69c4f4e14702a3ddaf9a.jpg,no,,https://helpdesk.resy.com/en_us/resyos-ipad-set-up-rkrbv7L_
resyos-ipad-set-up__img05,resyos-ipad-set-up,Setting Up Resy OS on an iPad,onboarding-materials,5,images/onboarding-materials/resyos-ipad-set-up/resyos-ipad-set-up__img05.jpg,ok,119022,https://cdn.kustomerhostedcontent.com/media/6036f66758799c770950d98d/b44961c8861ef2ebf268120d8dbf8338.jpg,no,,https://helpdesk.resy.com/en_us/resyos-ipad-set-up-rkrbv7L_
right-number-wrong-guest__img01,right-number-wrong-guest,"Right Phone Number, Wrong Guest?",in-service-troubleshooting/guest-profile,1,images/in-service-troubleshooting/guest-profile/right-number-wrong-guest/right-number-wrong-guest__img01.png,ok,13620,https://cdn.kustomerhostedcontent.com/media/6036f66758799c770950d98d/f951c13e0952711f2e960ea547fd862e.png,no,,https://helpdesk.resy.com/en_us/right-number-wrong-guest-BJEu43r3c
right-number-wrong-guest__img02,right-number-wrong-guest,"Right Phone Number, Wrong Guest?",in-service-troubleshooting/guest-profile,2,images/in-service-troubleshooting/guest-profile/right-number-wrong-guest/right-number-wrong-guest__img02.png,ok,35736,https://cdn.kustomerhostedcontent.com/media/6036f66758799c770950d98d/22bb5ba9f75242fca2b291703e4e1a75.png,no,,https://helpdesk.resy.com/en_us/right-number-wrong-guest-BJEu43r3c
standard-resy-automated-email-content__img01,standard-resy-automated-email-content,Automated Reservation Emails,getting-started-settings/guest-communications,1,images/getting-started-settings/guest-communications/standard-resy-automated-email-content/standard-resy-automated-email-content__img01.png,ok,174402,,yes,,https://helpdesk.resy.com/en_us/standard-resy-automated-email-content-HyaaWvXId
standard-resy-automated-email-content__img02,standard-resy-automated-email-content,Automated Reservation Emails,getting-started-settings/guest-communications,2,images/getting-started-settings/guest-communications/standard-resy-automated-email-content/standard-resy-automated-email-content__img02.png,ok,182863,,yes,,https://helpdesk.resy.com/en_us/standard-resy-automated-email-content-HyaaWvXId
standard-resy-automated-email-content__img03,standard-resy-automated-email-content,Automated Reservation Emails,getting-started-settings/guest-communications,3,images/getting-started-settings/guest-communications/standard-resy-automated-email-content/standard-resy-automated-email-content__img03.png,ok,128241,,yes,,https://helpdesk.resy.com/en_us/standard-resy-automated-email-content-HyaaWvXId
service-snapshot__img01,service-snapshot,Service Snapshot,reporting-analytics,1,images/reporting-analytics/service-snapshot/service-snapshot__img01.png,ok,262242,,yes,"A screenshot of a graph

Description automatically generated with medium confidence",https://helpdesk.resy.com/en_us/service-snapshot-B1mYYABLt
service-snapshot__img02,service-snapshot,Service Snapshot,reporting-analytics,2,images/reporting-analytics/service-snapshot/service-snapshot__img02.png,ok,165961,,yes,"A screenshot of a web page

Description automatically generated with low confidence",https://helpdesk.resy.com/en_us/service-snapshot-B1mYYABLt
service-snapshot__img03,service-snapshot,Service Snapshot,reporting-analytics,3,images/reporting-analytics/service-snapshot/service-snapshot__img03.png,ok,98484,,yes,,https://helpdesk.resy.com/en_us/service-snapshot-B1mYYABLt
stripe-faq__img01,stripe-faq,Stripe FAQs,general,1,images/general/stripe-faq/stripe-faq__img01.png,ok,68276,,yes,,https://helpdesk.resy.com/en_us/stripe-faq-H1nSP4X5j
stripe-faq__img02,stripe-faq,Stripe FAQs,general,2,images/general/stripe-faq/stripe-faq__img02.png,ok,156708,,yes,,https://helpdesk.resy.com/en_us/stripe-faq-H1nSP4X5j
stripe-faq__img03,stripe-faq,Stripe FAQs,general,3,images/general/stripe-faq/stripe-faq__img03.png,ok,49393,,yes,,https://helpdesk.resy.com/en_us/stripe-faq-H1nSP4X5j
stripe-faq__img04,stripe-faq,Stripe FAQs,general,4,images/general/stripe-faq/stripe-faq__img04.png,ok,119492,,yes,,https://helpdesk.resy.com/en_us/stripe-faq-H1nSP4X5j
stripe-faq__img05,stripe-faq,Stripe FAQs,general,5,images/general/stripe-faq/stripe-faq__img05.png,ok,115856,,yes,,https://helpdesk.resy.com/en_us/stripe-faq-H1nSP4X5j
stripe-faq__img06,stripe-faq,Stripe FAQs,general,6,images/general/stripe-faq/stripe-faq__img06.png,ok,44072,,yes,,https://helpdesk.resy.com/en_us/stripe-faq-H1nSP4X5j
stripe-faq__img07,stripe-faq,Stripe FAQs,general,7,images/general/stripe-faq/stripe-faq__img07.png,ok,43454,https://cdn.kustomerhostedcontent.com/media/6036f66758799c770950d98d/655b41b6521e42c21dca1de7d990fd0f.png,no,,https://helpdesk.resy.com/en_us/stripe-faq-H1nSP4X5j
stripe-faq__img08,stripe-faq,Stripe FAQs,general,8,images/general/stripe-faq/stripe-faq__img08.jpg,ok,31317,https://cdn.kustomerhostedcontent.com/media/6036f66758799c770950d98d/81a538e444a42b6fa655e65474c0b5f7.jpg,no,,https://helpdesk.resy.com/en_us/stripe-faq-H1nSP4X5j
standard-resy-automated-sms-content__img01,standard-resy-automated-sms-content,Text Message Automation,getting-started-settings/guest-communications,1,images/getting-started-settings/guest-communications/standard-resy-automated-sms-content/standard-resy-automated-sms-content__img01.jpg,ok,180613,,yes,"A screenshot of a phone

Description automatically generated with medium confidence",https://helpdesk.resy.com/en_us/standard-resy-automated-sms-content-S110vQIu
standard-resy-automated-sms-content__img02,standard-resy-automated-sms-content,Text Message Automation,getting-started-settings/guest-communications,2,images/getting-started-settings/guest-communications/standard-resy-automated-sms-content/standard-resy-automated-sms-content__img02.jpg,ok,83789,,yes,,https://helpdesk.resy.com/en_us/standard-resy-automated-sms-content-S110vQIu
stripe-refunds__img01,stripe-refunds,Stripe Refunds,general,1,images/general/stripe-refunds/stripe-refunds__img01.png,ok,49393,,yes,,https://helpdesk.resy.com/en_us/stripe-refunds-SkOy9nSMh
stripe-disputes__img01,stripe-disputes,Stripe Disputes,general,1,images/general/stripe-disputes/stripe-disputes__img01.png,ok,32725,,yes,,https://helpdesk.resy.com/en_us/stripe-disputes-Bk_1FaFco
stripe-reporting__img01,stripe-reporting,Stripe Reporting,general,1,images/general/stripe-reporting/stripe-reporting__img01.png,ok,43570,,yes,,https://helpdesk.resy.com/en_us/stripe-reporting-ryXldKN9o
stripe-reporting__img02,stripe-reporting,Stripe Reporting,general,2,images/general/stripe-reporting/stripe-reporting__img02.png,ok,41882,,yes,,https://helpdesk.resy.com/en_us/stripe-reporting-ryXldKN9o
text-message-quick-replies__img01,text-message-quick-replies,Quick Replies Feature,in-service-troubleshooting/resy-2-way-texting,1,images/in-service-troubleshooting/resy-2-way-texting/text-message-quick-replies/text-message-quick-replies__img01.png,ok,256039,https://cdn.kustomerhostedcontent.com/media/6036f66758799c770950d98d/b0c07cef3ba1c98ae50499552e065ff5.png,no,,https://helpdesk.resy.com/en_us/text-message-quick-replies-SywMGDm8d
text-message-quick-replies__img02,text-message-quick-replies,Quick Replies Feature,in-service-troubleshooting/resy-2-way-texting,2,images/in-service-troubleshooting/resy-2-way-texting/text-message-quick-replies/text-message-quick-replies__img02.png,ok,337443,,yes,,https://helpdesk.resy.com/en_us/text-message-quick-replies-SywMGDm8d
text-message-quick-replies__img03,text-message-quick-replies,Quick Replies Feature,in-service-troubleshooting/resy-2-way-texting,3,images/in-service-troubleshooting/resy-2-way-texting/text-message-quick-replies/text-message-quick-replies__img03.png,ok,94271,,yes,,https://helpdesk.resy.com/en_us/text-message-quick-replies-SywMGDm8d
text-message-statuses-in-resyos__img01,text-message-statuses-in-resyos,Text Message Icons,in-service-troubleshooting/resy-2-way-texting,1,images/in-service-troubleshooting/resy-2-way-texting/text-message-statuses-in-resyos/text-message-statuses-in-resyos__img01.png,ok,242084,,yes,,https://helpdesk.resy.com/en_us/text-message-statuses-in-resyos-S1LzMPX8u
text-message-statuses-in-resyos__img02,text-message-statuses-in-resyos,Text Message Icons,in-service-troubleshooting/resy-2-way-texting,2,images/in-service-troubleshooting/resy-2-way-texting/text-message-statuses-in-resyos/text-message-statuses-in-resyos__img02.png,ok,222786,,yes,,https://helpdesk.resy.com/en_us/text-message-statuses-in-resyos-S1LzMPX8u
stripe-transaction-reports__img01,stripe-transaction-reports,Export Stripe Reports,general,1,images/general/stripe-transaction-reports/stripe-transaction-reports__img01.png,ok,19457,https://cdn.kustomerhostedcontent.com/media/6036f66758799c770950d98d/711be212d91c746340bf1a704853f3e6.png,no,,https://helpdesk.resy.com/en_us/stripe-transaction-reports-HJYL7AJ7T
today-overview__img01,today-overview,Advanced Analytics - Today:Overview,reporting-analytics/advanced-analytics,1,images/reporting-analytics/advanced-analytics/today-overview/today-overview__img01.png,ok,54752,,yes,"A screenshot of a web page

Description automatically generated",https://helpdesk.resy.com/en_us/today-overview-B1gyazx3T
today-overview__img02,today-overview,Advanced Analytics - Today:Overview,reporting-analytics/advanced-analytics,2,images/reporting-analytics/advanced-analytics/today-overview/today-overview__img02.png,ok,23496,https://cdn.kustomerhostedcontent.com/media/6036f66758799c770950d98d/4d48c08fb13cbe400a7f65e91a1c3ad9.png,no,,https://helpdesk.resy.com/en_us/today-overview-B1gyazx3T
today-overview__img03,today-overview,Advanced Analytics - Today:Overview,reporting-analytics/advanced-analytics,3,images/reporting-analytics/advanced-analytics/today-overview/today-overview__img03.png,ok,81741,https://cdn.kustomerhostedcontent.com/media/6036f66758799c770950d98d/8fabb9180425a80c6a9d865ad10a8b61.png,no,,https://helpdesk.resy.com/en_us/today-overview-B1gyazx3T
today-overview__img04,today-overview,Advanced Analytics - Today:Overview,reporting-analytics/advanced-analytics,4,images/reporting-analytics/advanced-analytics/today-overview/today-overview__img04.png,ok,109600,https://cdn.kustomerhostedcontent.com/media/6036f66758799c770950d98d/050e012c9d8bc83817e5414983bd5eb1.png,no,,https://helpdesk.resy.com/en_us/today-overview-B1gyazx3T
today-overview__img05,today-overview,Advanced Analytics - Today:Overview,reporting-analytics/advanced-analytics,5,images/reporting-analytics/advanced-analytics/today-overview/today-overview__img05.png,ok,80478,https://cdn.kustomerhostedcontent.com/media/6036f66758799c770950d98d/5c99116e25130fd307742e80d14e317a.png,no,,https://helpdesk.resy.com/en_us/today-overview-B1gyazx3T
transaction-settings-can__img01,transaction-settings-can,Transaction Settings (CAN),transactions,1,images/transactions/transaction-settings-can/transaction-settings-can__img01.png,ok,54907,,yes,A screenshot of a social media accountAI-generated content may be incorrect.,https://helpdesk.resy.com/en_us/transaction-settings-can-SJQBooEHt
transaction-settings-can__img02,transaction-settings-can,Transaction Settings (CAN),transactions,2,images/transactions/transaction-settings-can/transaction-settings-can__img02.png,ok,61117,,yes,A screenshot of a websiteAI-generated content may be incorrect.,https://helpdesk.resy.com/en_us/transaction-settings-can-SJQBooEHt
transaction-settings-can__img03,transaction-settings-can,Transaction Settings (CAN),transactions,3,images/transactions/transaction-settings-can/transaction-settings-can__img03.png,ok,289618,,yes,A screenshot of a computerAI-generated content may be incorrect.,https://helpdesk.resy.com/en_us/transaction-settings-can-SJQBooEHt
transaction-settings-can__img04,transaction-settings-can,Transaction Settings (CAN),transactions,4,images/transactions/transaction-settings-can/transaction-settings-can__img04.png,ok,461249,https://cdn.kustomerhostedcontent.com/media/6036f66758799c770950d98d/b09fd7ea199fa7af7f1ee557a022c46a.png,no,,https://helpdesk.resy.com/en_us/transaction-settings-can-SJQBooEHt
today-spread-of-shift__img01,today-spread-of-shift,Advanced Analytics - Today: Spread of Shift,reporting-analytics/advanced-analytics,1,images/reporting-analytics/advanced-analytics/today-spread-of-shift/today-spread-of-shift__img01.png,ok,660066,https://cdn.kustomerhostedcontent.com/media/6036f66758799c770950d98d/033c05e643ab489627b16ce39937d7d8.png,no,,https://helpdesk.resy.com/en_us/today-spread-of-shift-S1NBXXx2T
today-spread-of-shift__img02,today-spread-of-shift,Advanced Analytics - Today: Spread of Shift,reporting-analytics/advanced-analytics,2,images/reporting-analytics/advanced-analytics/today-spread-of-shift/today-spread-of-shift__img02.png,ok,56390,https://cdn.kustomerhostedcontent.com/media/6036f66758799c770950d98d/b135877f126b66c156435e7c4f70435b.png,no,,https://helpdesk.resy.com/en_us/today-spread-of-shift-S1NBXXx2T
today-spread-of-shift__img03,today-spread-of-shift,Advanced Analytics - Today: Spread of Shift,reporting-analytics/advanced-analytics,3,images/reporting-analytics/advanced-analytics/today-spread-of-shift/today-spread-of-shift__img03.png,ok,306231,https://cdn.kustomerhostedcontent.com/media/6036f66758799c770950d98d/f28b3feae69118c37c204641c83fd0b2.png,no,,https://helpdesk.resy.com/en_us/today-spread-of-shift-S1NBXXx2T
today-spread-of-shift__img04,today-spread-of-shift,Advanced Analytics - Today: Spread of Shift,reporting-analytics/advanced-analytics,4,images/reporting-analytics/advanced-analytics/today-spread-of-shift/today-spread-of-shift__img04.png,ok,349098,https://cdn.kustomerhostedcontent.com/media/6036f66758799c770950d98d/0cefb722435fe7678d26786afa06ede8.png,no,,https://helpdesk.resy.com/en_us/today-spread-of-shift-S1NBXXx2T
training-exercises__img01,training-exercises,Training Exercises,training-resources,1,images/training-resources/training-exercises/training-exercises__img01.png,ok,180,,yes,,https://helpdesk.resy.com/en_us/training-exercises-r1WUwmI_
transitioning-to-stripe__img01,transitioning-to-stripe,Transitioning to Stripe,general,1,images/general/transitioning-to-stripe/transitioning-to-stripe__img01.png,ok,26713,https://cdn.kustomerhostedcontent.com/media/6036f66758799c770950d98d/e6d3adc4e416afb009e5d7c98afe175b.png,no,,https://helpdesk.resy.com/en_us/transitioning-to-stripe-HJSX11JCc
transitioning-to-stripe__img02,transitioning-to-stripe,Transitioning to Stripe,general,2,images/general/transitioning-to-stripe/transitioning-to-stripe__img02.png,ok,74267,,yes,,https://helpdesk.resy.com/en_us/transitioning-to-stripe-HJSX11JCc
transitioning-to-stripe__img03,transitioning-to-stripe,Transitioning to Stripe,general,3,images/general/transitioning-to-stripe/transitioning-to-stripe__img03.png,ok,48405,https://cdn.kustomerhostedcontent.com/media/6036f66758799c770950d98d/d5dae943100e04ac2bf38ba9daef23d8.png,no,,https://helpdesk.resy.com/en_us/transitioning-to-stripe-HJSX11JCc
transitioning-to-stripe__img04,transitioning-to-stripe,Transitioning to Stripe,general,4,images/general/transitioning-to-stripe/transitioning-to-stripe__img04.png,ok,43241,,yes,,https://helpdesk.resy.com/en_us/transitioning-to-stripe-HJSX11JCc
troubleshooting-for-bluetooth-chit-printers__img01,troubleshooting-for-bluetooth-chit-printers,Chit Printing in the ResyOS App,in-service-troubleshooting,1,images/in-service-troubleshooting/troubleshooting-for-bluetooth-chit-printers/troubleshooting-for-bluetooth-chit-printers__img01.png,ok,803255,https://cdn.kustomerhostedcontent.com/media/6036f66758799c770950d98d/6266640a88c0e8282170c54200bb02df.png,no,,https://helpdesk.resy.com/en_us/troubleshooting-for-bluetooth-chit-printers-rycyGwXId
troubleshooting-for-bluetooth-chit-printers__img02,troubleshooting-for-bluetooth-chit-printers,Chit Printing in the ResyOS App,in-service-troubleshooting,2,images/in-service-troubleshooting/troubleshooting-for-bluetooth-chit-printers/troubleshooting-for-bluetooth-chit-printers__img02.jpg,ok,1032912,https://cdn.kustomerhostedcontent.com/media/6036f66758799c770950d98d/9bb397998919973b19b843b633cf22a5.jpg,no,,https://helpdesk.resy.com/en_us/troubleshooting-for-bluetooth-chit-printers-rycyGwXId
unique-table-setups-in-resy-os__img01,unique-table-setups-in-resy-os,Unique Seating Setups in Resy OS,general,1,images/general/unique-table-setups-in-resy-os/unique-table-setups-in-resy-os__img01.png,ok,355439,,yes,,https://helpdesk.resy.com/en_us/unique-table-setups-in-resy-os-HyHECGSap
use-slots-to-create-unique-experiences-for-each-seating-time-of-your-event__img01,use-slots-to-create-unique-experiences-for-each-seating-time-of-your-event,How do I use Slots to create unique experiences at different times during my Event?,events-virtual-experiences,1,images/events-virtual-experiences/use-slots-to-create-unique-experiences-for-each-seating-time-of-your-event/use-slots-to-create-unique-experiences-for-each-seating-time-of-your-event__img01.png,ok,513298,https://cdn.kustomerhostedcontent.com/media/6036f66758799c770950d98d/262eaf05134f3238ae7aa3ea765e82b0.png,no,,https://helpdesk.resy.com/en_us/use-slots-to-create-unique-experiences-for-each-seating-time-of-your-event-ry3tWv78_
use-slots-to-create-unique-experiences-for-each-seating-time-of-your-event__img02,use-slots-to-create-unique-experiences-for-each-seating-time-of-your-event,How do I use Slots to create unique experiences at different times during my Event?,events-virtual-experiences,2,images/events-virtual-experiences/use-slots-to-create-unique-experiences-for-each-seating-time-of-your-event/use-slots-to-create-unique-experiences-for-each-seating-time-of-your-event__img02.png,ok,124662,https://cdn.kustomerhostedcontent.com/media/6036f66758799c770950d98d/ab81c340677cc5373264306a4bb55376.png,no,,https://helpdesk.resy.com/en_us/use-slots-to-create-unique-experiences-for-each-seating-time-of-your-event-ry3tWv78_
use-slots-to-create-unique-experiences-for-each-seating-time-of-your-event__img03,use-slots-to-create-unique-experiences-for-each-seating-time-of-your-event,How do I use Slots to create unique experiences at different times during my Event?,events-virtual-experiences,3,images/events-virtual-experiences/use-slots-to-create-unique-experiences-for-each-seating-time-of-your-event/use-slots-to-create-unique-experiences-for-each-seating-time-of-your-event__img03.png,ok,162911,https://cdn.kustomerhostedcontent.com/media/6036f66758799c770950d98d/1ceef5f16ccd1800261a3f948d63becb.png,no,,https://helpdesk.resy.com/en_us/use-slots-to-create-unique-experiences-for-each-seating-time-of-your-event-ry3tWv78_
use-slots-to-create-unique-experiences-for-each-seating-time-of-your-event__img04,use-slots-to-create-unique-experiences-for-each-seating-time-of-your-event,How do I use Slots to create unique experiences at different times during my Event?,events-virtual-experiences,4,images/events-virtual-experiences/use-slots-to-create-unique-experiences-for-each-seating-time-of-your-event/use-slots-to-create-unique-experiences-for-each-seating-time-of-your-event__img04.png,ok,131712,https://cdn.kustomerhostedcontent.com/media/6036f66758799c770950d98d/1ea4a87fbb41e2f4851831883f7a4855.png,no,,https://helpdesk.resy.com/en_us/use-slots-to-create-unique-experiences-for-each-seating-time-of-your-event-ry3tWv78_
use-slots-to-create-unique-experiences-for-each-seating-time-of-your-event__img05,use-slots-to-create-unique-experiences-for-each-seating-time-of-your-event,How do I use Slots to create unique experiences at different times during my Event?,events-virtual-experiences,5,images/events-virtual-experiences/use-slots-to-create-unique-experiences-for-each-seating-time-of-your-event/use-slots-to-create-unique-experiences-for-each-seating-time-of-your-event__img05.png,ok,138604,https://cdn.kustomerhostedcontent.com/media/6036f66758799c770950d98d/749924fdddee88009d05fad16b11f83c.png,no,,https://helpdesk.resy.com/en_us/use-slots-to-create-unique-experiences-for-each-seating-time-of-your-event-ry3tWv78_
use-slots-to-create-unique-experiences-for-each-seating-time-of-your-event__img06,use-slots-to-create-unique-experiences-for-each-seating-time-of-your-event,How do I use Slots to create unique experiences at different times during my Event?,events-virtual-experiences,6,images/events-virtual-experiences/use-slots-to-create-unique-experiences-for-each-seating-time-of-your-event/use-slots-to-create-unique-experiences-for-each-seating-time-of-your-event__img06.png,ok,171829,https://cdn.kustomerhostedcontent.com/media/6036f66758799c770950d98d/f6d5ab7554dc10d885a140d54571e4c7.png,no,,https://helpdesk.resy.com/en_us/use-slots-to-create-unique-experiences-for-each-seating-time-of-your-event-ry3tWv78_
use-slots-to-create-unique-experiences-for-each-seating-time-of-your-event__img07,use-slots-to-create-unique-experiences-for-each-seating-time-of-your-event,How do I use Slots to create unique experiences at different times during my Event?,events-virtual-experiences,7,images/events-virtual-experiences/use-slots-to-create-unique-experiences-for-each-seating-time-of-your-event/use-slots-to-create-unique-experiences-for-each-seating-time-of-your-event__img07.png,ok,65517,https://cdn.kustomerhostedcontent.com/media/6036f66758799c770950d98d/e2b1fc4e190d85130fd031806a5318ea.png,no,,https://helpdesk.resy.com/en_us/use-slots-to-create-unique-experiences-for-each-seating-time-of-your-event-ry3tWv78_
use-slots-to-create-unique-experiences-for-each-seating-time-of-your-event__img08,use-slots-to-create-unique-experiences-for-each-seating-time-of-your-event,How do I use Slots to create unique experiences at different times during my Event?,events-virtual-experiences,8,images/events-virtual-experiences/use-slots-to-create-unique-experiences-for-each-seating-time-of-your-event/use-slots-to-create-unique-experiences-for-each-seating-time-of-your-event__img08.png,ok,98797,https://cdn.kustomerhostedcontent.com/media/6036f66758799c770950d98d/e8f0b9f665cecf8b1eb3f9c5e648299c.png,no,,https://helpdesk.resy.com/en_us/use-slots-to-create-unique-experiences-for-each-seating-time-of-your-event-ry3tWv78_
use-slots-to-create-unique-experiences-for-each-seating-time-of-your-event__img09,use-slots-to-create-unique-experiences-for-each-seating-time-of-your-event,How do I use Slots to create unique experiences at different times during my Event?,events-virtual-experiences,9,images/events-virtual-experiences/use-slots-to-create-unique-experiences-for-each-seating-time-of-your-event/use-slots-to-create-unique-experiences-for-each-seating-time-of-your-event__img09.png,ok,122155,https://cdn.kustomerhostedcontent.com/media/6036f66758799c770950d98d/8659867c54dc61686519d35e5a3f4815.png,no,,https://helpdesk.resy.com/en_us/use-slots-to-create-unique-experiences-for-each-seating-time-of-your-event-ry3tWv78_
turn-times__img01,turn-times,Customize Turn Times,getting-started-settings/reservation-settings,1,images/getting-started-settings/reservation-settings/turn-times/turn-times__img01.png,ok,453631,,yes,,https://helpdesk.resy.com/en_us/turn-times-B1K2bIGXc
user-permissions__img01,user-permissions,Add User and Password Permissions for Users,getting-started-settings/user-settings,1,images/getting-started-settings/user-settings/user-permissions/user-permissions__img01.png,ok,48797,,yes,,https://helpdesk.resy.com/en_us/user-permissions-r1zCWDmU_
user-permissions__img02,user-permissions,Add User and Password Permissions for Users,getting-started-settings/user-settings,2,images/getting-started-settings/user-settings/user-permissions/user-permissions__img02.png,ok,176586,https://cdn.kustomerhostedcontent.com/media/6036f66758799c770950d98d/8906d9d38a0c9b769d0b6aceca7bf3ea.png,no,,https://helpdesk.resy.com/en_us/user-permissions-r1zCWDmU_
user-permissions__img03,user-permissions,Add User and Password Permissions for Users,getting-started-settings/user-settings,3,images/getting-started-settings/user-settings/user-permissions/user-permissions__img03.png,ok,58520,,yes,,https://helpdesk.resy.com/en_us/user-permissions-r1zCWDmU_
user-permissions__img04,user-permissions,Add User and Password Permissions for Users,getting-started-settings/user-settings,4,images/getting-started-settings/user-settings/user-permissions/user-permissions__img04.png,ok,707043,https://cdn.kustomerhostedcontent.com/media/6036f66758799c770950d98d/292dd0d6966ab8c17514743d899cdb40.png,no,,https://helpdesk.resy.com/en_us/user-permissions-r1zCWDmU_
user-permissions__img05,user-permissions,Add User and Password Permissions for Users,getting-started-settings/user-settings,5,images/getting-started-settings/user-settings/user-permissions/user-permissions__img05.png,ok,302791,https://cdn.kustomerhostedcontent.com/media/6036f66758799c770950d98d/ecb3f507b79b69a1bd251c9cc8a52db5.png,no,,https://helpdesk.resy.com/en_us/user-permissions-r1zCWDmU_
user-permissions__img06,user-permissions,Add User and Password Permissions for Users,getting-started-settings/user-settings,6,images/getting-started-settings/user-settings/user-permissions/user-permissions__img06.png,ok,99076,https://cdn.kustomerhostedcontent.com/media/6036f66758799c770950d98d/2854f62bf294cd959049f9a2df9ea80e.png,no,,https://helpdesk.resy.com/en_us/user-permissions-r1zCWDmU_
using-large-party-cancellation-fees-with-custom-policies__img01,using-large-party-cancellation-fees-with-custom-policies,Using Large Party Cancellation Fees with Custom Policies,general,1,images/general/using-large-party-cancellation-fees-with-custom-policies/using-large-party-cancellation-fees-with-custom-policies__img01.png,ok,102383,,yes,,https://helpdesk.resy.com/en_us/using-large-party-cancellation-fees-with-custom-policies-rJ2DYvZBj
view-cover-counts-in-the-resyos-app__img01,view-cover-counts-in-the-resyos-app,View Cover Counts on the Calendar in ResyOS,general,1,images/general/view-cover-counts-in-the-resyos-app/view-cover-counts-in-the-resyos-app__img01.jpg,ok,204572,https://cdn.kustomerhostedcontent.com/media/6036f66758799c770950d98d/efeae753527e55b67f944ebeaebb6135.jpg,no,,https://helpdesk.resy.com/en_us/view-cover-counts-in-the-resyos-app-BkM512Ron
view-cover-counts-in-the-resyos-app__img02,view-cover-counts-in-the-resyos-app,View Cover Counts on the Calendar in ResyOS,general,2,images/general/view-cover-counts-in-the-resyos-app/view-cover-counts-in-the-resyos-app__img02.jpg,ok,130436,https://cdn.kustomerhostedcontent.com/media/6036f66758799c770950d98d/f76e861a4a5cba7f2c643833223cb380.jpg,no,,https://helpdesk.resy.com/en_us/view-cover-counts-in-the-resyos-app-BkM512Ron
what-are-the-icons-on-my-booked-list__img01,what-are-the-icons-on-my-booked-list,Booked List Icons,in-service-troubleshooting/guest-profile,1,images/in-service-troubleshooting/guest-profile/what-are-the-icons-on-my-booked-list/what-are-the-icons-on-my-booked-list__img01.png,ok,136026,,yes,,https://helpdesk.resy.com/en_us/what-are-the-icons-on-my-booked-list-SyceGD7Ld
what-are-the-icons-on-my-booked-list__img02,what-are-the-icons-on-my-booked-list,Booked List Icons,in-service-troubleshooting/guest-profile,2,images/in-service-troubleshooting/guest-profile/what-are-the-icons-on-my-booked-list/what-are-the-icons-on-my-booked-list__img02.png,ok,4765,,yes,,https://helpdesk.resy.com/en_us/what-are-the-icons-on-my-booked-list-SyceGD7Ld
what-are-the-icons-on-my-booked-list__img03,what-are-the-icons-on-my-booked-list,Booked List Icons,in-service-troubleshooting/guest-profile,3,images/in-service-troubleshooting/guest-profile/what-are-the-icons-on-my-booked-list/what-are-the-icons-on-my-booked-list__img03.png,ok,1662,,yes,,https://helpdesk.resy.com/en_us/what-are-the-icons-on-my-booked-list-SyceGD7Ld
what-are-the-icons-on-my-booked-list__img04,what-are-the-icons-on-my-booked-list,Booked List Icons,in-service-troubleshooting/guest-profile,4,images/in-service-troubleshooting/guest-profile/what-are-the-icons-on-my-booked-list/what-are-the-icons-on-my-booked-list__img04.png,ok,4693,,yes,,https://helpdesk.resy.com/en_us/what-are-the-icons-on-my-booked-list-SyceGD7Ld
what-are-the-icons-on-my-booked-list__img05,what-are-the-icons-on-my-booked-list,Booked List Icons,in-service-troubleshooting/guest-profile,5,images/in-service-troubleshooting/guest-profile/what-are-the-icons-on-my-booked-list/what-are-the-icons-on-my-booked-list__img05.png,ok,4909,,yes,,https://helpdesk.resy.com/en_us/what-are-the-icons-on-my-booked-list-SyceGD7Ld
what-are-the-icons-on-my-booked-list__img06,what-are-the-icons-on-my-booked-list,Booked List Icons,in-service-troubleshooting/guest-profile,6,images/in-service-troubleshooting/guest-profile/what-are-the-icons-on-my-booked-list/what-are-the-icons-on-my-booked-list__img06.png,ok,161596,,yes,,https://helpdesk.resy.com/en_us/what-are-the-icons-on-my-booked-list-SyceGD7Ld
waitlist-waitlist-performance__img01,waitlist-waitlist-performance,Advanced Analytics - Waitlist: Waitlist Performance,reporting-analytics/advanced-analytics,1,images/reporting-analytics/advanced-analytics/waitlist-waitlist-performance/waitlist-waitlist-performance__img01.png,ok,91381,https://cdn.kustomerhostedcontent.com/media/6036f66758799c770950d98d/8e9f438daaceaa5fa9634f6def953bb1.png,no,,https://helpdesk.resy.com/en_us/waitlist-waitlist-performance-rkU8wre3T
waitlist-waitlist-performance__img02,waitlist-waitlist-performance,Advanced Analytics - Waitlist: Waitlist Performance,reporting-analytics/advanced-analytics,2,images/reporting-analytics/advanced-analytics/waitlist-waitlist-performance/waitlist-waitlist-performance__img02.png,ok,12585,https://cdn.kustomerhostedcontent.com/media/6036f66758799c770950d98d/a2b4fae4bd469c18cb6524b679c65662.png,no,,https://helpdesk.resy.com/en_us/waitlist-waitlist-performance-rkU8wre3T
waitlist-waitlist-performance__img03,waitlist-waitlist-performance,Advanced Analytics - Waitlist: Waitlist Performance,reporting-analytics/advanced-analytics,3,images/reporting-analytics/advanced-analytics/waitlist-waitlist-performance/waitlist-waitlist-performance__img03.png,ok,31953,https://cdn.kustomerhostedcontent.com/media/6036f66758799c770950d98d/0358612de56bea0f8455fcfaa1c2baef.png,no,,https://helpdesk.resy.com/en_us/waitlist-waitlist-performance-rkU8wre3T
waitlist-waitlist-performance__img04,waitlist-waitlist-performance,Advanced Analytics - Waitlist: Waitlist Performance,reporting-analytics/advanced-analytics,4,images/reporting-analytics/advanced-analytics/waitlist-waitlist-performance/waitlist-waitlist-performance__img04.png,ok,18139,https://cdn.kustomerhostedcontent.com/media/6036f66758799c770950d98d/34a94d30f7477babc11ddfc3aa902d72.png,no,,https://helpdesk.resy.com/en_us/waitlist-waitlist-performance-rkU8wre3T
waitlist-waitlist-performance__img05,waitlist-waitlist-performance,Advanced Analytics - Waitlist: Waitlist Performance,reporting-analytics/advanced-analytics,5,images/reporting-analytics/advanced-analytics/waitlist-waitlist-performance/waitlist-waitlist-performance__img05.png,ok,27477,https://cdn.kustomerhostedcontent.com/media/6036f66758799c770950d98d/e376e665a6dbbe82f570dbac90bec8b2.png,no,,https://helpdesk.resy.com/en_us/waitlist-waitlist-performance-rkU8wre3T
waitlist-waitlist-performance__img06,waitlist-waitlist-performance,Advanced Analytics - Waitlist: Waitlist Performance,reporting-analytics/advanced-analytics,6,images/reporting-analytics/advanced-analytics/waitlist-waitlist-performance/waitlist-waitlist-performance__img06.png,ok,21455,https://cdn.kustomerhostedcontent.com/media/6036f66758799c770950d98d/f0e037db370b2f7d7379a9ea13fbc201.png,no,,https://helpdesk.resy.com/en_us/waitlist-waitlist-performance-rkU8wre3T
waitlist-quotes-retention__img01,waitlist-quotes-retention,Advanced Analytics - Waitlist: Quotes & Retention,reporting-analytics/advanced-analytics,1,images/reporting-analytics/advanced-analytics/waitlist-quotes-retention/waitlist-quotes-retention__img01.png,ok,240686,https://cdn.kustomerhostedcontent.com/media/6036f66758799c770950d98d/54f4a92719fefb1f6b36e56c030ec9d7.png,no,,https://helpdesk.resy.com/en_us/waitlist-quotes-retention-HJTKFrx2T
waitlist-quotes-retention__img02,waitlist-quotes-retention,Advanced Analytics - Waitlist: Quotes & Retention,reporting-analytics/advanced-analytics,2,images/reporting-analytics/advanced-analytics/waitlist-quotes-retention/waitlist-quotes-retention__img02.png,ok,12142,https://cdn.kustomerhostedcontent.com/media/6036f66758799c770950d98d/88cb36b82c84271b4b987810e7461ced.png,no,,https://helpdesk.resy.com/en_us/waitlist-quotes-retention-HJTKFrx2T
waitlist-quotes-retention__img03,waitlist-quotes-retention,Advanced Analytics - Waitlist: Quotes & Retention,reporting-analytics/advanced-analytics,3,images/reporting-analytics/advanced-analytics/waitlist-quotes-retention/waitlist-quotes-retention__img03.png,ok,39204,https://cdn.kustomerhostedcontent.com/media/6036f66758799c770950d98d/774da6d00319fa0e64003ab68470d93d.png,no,,https://helpdesk.resy.com/en_us/waitlist-quotes-retention-HJTKFrx2T
waitlist-quotes-retention__img04,waitlist-quotes-retention,Advanced Analytics - Waitlist: Quotes & Retention,reporting-analytics/advanced-analytics,4,images/reporting-analytics/advanced-analytics/waitlist-quotes-retention/waitlist-quotes-retention__img04.png,ok,123201,https://cdn.kustomerhostedcontent.com/media/6036f66758799c770950d98d/b84f9fa430a58f2bf85078dfc59ff48c.png,no,,https://helpdesk.resy.com/en_us/waitlist-quotes-retention-HJTKFrx2T
yesterday-overview__img01,yesterday-overview,Advanced Analytics - Yesterday: Overview,reporting-analytics/advanced-analytics,1,images/reporting-analytics/advanced-analytics/yesterday-overview/yesterday-overview__img01.png,ok,557023,https://cdn.kustomerhostedcontent.com/media/6036f66758799c770950d98d/281cb68c4423daee2422e25257b4c090.png,no,,https://helpdesk.resy.com/en_us/yesterday-overview-SypfL7gh6
yesterday-overview__img02,yesterday-overview,Advanced Analytics - Yesterday: Overview,reporting-analytics/advanced-analytics,2,images/reporting-analytics/advanced-analytics/yesterday-overview/yesterday-overview__img02.png,ok,44954,https://cdn.kustomerhostedcontent.com/media/6036f66758799c770950d98d/d856c61eb7725ef77d20cd4b7245557a.png,no,,https://helpdesk.resy.com/en_us/yesterday-overview-SypfL7gh6
yesterday-overview__img03,yesterday-overview,Advanced Analytics - Yesterday: Overview,reporting-analytics/advanced-analytics,3,images/reporting-analytics/advanced-analytics/yesterday-overview/yesterday-overview__img03.png,ok,157710,https://cdn.kustomerhostedcontent.com/media/6036f66758799c770950d98d/c7b260d0ff617e3d36c3a427d8a638ad.png,no,,https://helpdesk.resy.com/en_us/yesterday-overview-SypfL7gh6
yesterday-overview__img04,yesterday-overview,Advanced Analytics - Yesterday: Overview,reporting-analytics/advanced-analytics,4,images/reporting-analytics/advanced-analytics/yesterday-overview/yesterday-overview__img04.png,ok,54735,https://cdn.kustomerhostedcontent.com/media/6036f66758799c770950d98d/43e4f13971eb54de8c3e7413108bb304.png,no,,https://helpdesk.resy.com/en_us/yesterday-overview-SypfL7gh6
yesterday-overview__img05,yesterday-overview,Advanced Analytics - Yesterday: Overview,reporting-analytics/advanced-analytics,5,images/reporting-analytics/advanced-analytics/yesterday-overview/yesterday-overview__img05.png,ok,48096,https://cdn.kustomerhostedcontent.com/media/6036f66758799c770950d98d/7a68923835f8e7d4fb59be5d2fa0647a.png,no,,https://helpdesk.resy.com/en_us/yesterday-overview-SypfL7gh6
yesterday-overview__img06,yesterday-overview,Advanced Analytics - Yesterday: Overview,reporting-analytics/advanced-analytics,6,images/reporting-analytics/advanced-analytics/yesterday-overview/yesterday-overview__img06.png,ok,228322,https://cdn.kustomerhostedcontent.com/media/6036f66758799c770950d98d/01fa5e8120eb3d54ec3549b9f945a201.png,no,,https://helpdesk.resy.com/en_us/yesterday-overview-SypfL7gh6
yesterday-spread-of-shift__img01,yesterday-spread-of-shift,Advanced Analytics - Yesterday: Spread of Shift,reporting-analytics/advanced-analytics,1,images/reporting-analytics/advanced-analytics/yesterday-spread-of-shift/yesterday-spread-of-shift__img01.png,ok,784804,https://cdn.kustomerhostedcontent.com/media/6036f66758799c770950d98d/10f07e4414b570d6dfbc7d4fbd999e60.png,no,,https://helpdesk.resy.com/en_us/yesterday-spread-of-shift-HyKejmlha
yesterday-spread-of-shift__img02,yesterday-spread-of-shift,Advanced Analytics - Yesterday: Spread of Shift,reporting-analytics/advanced-analytics,2,images/reporting-analytics/advanced-analytics/yesterday-spread-of-shift/yesterday-spread-of-shift__img02.png,ok,56390,https://cdn.kustomerhostedcontent.com/media/6036f66758799c770950d98d/dadd20ebb882c64dfa7978b5df02ef06.png,no,,https://helpdesk.resy.com/en_us/yesterday-spread-of-shift-HyKejmlha
what-is-notify-and-how-does-it-work__img01,what-is-notify-and-how-does-it-work,Notify Feature,in-service-troubleshooting,1,images/in-service-troubleshooting/what-is-notify-and-how-does-it-work/what-is-notify-and-how-does-it-work__img01.png,ok,354660,https://cdn.kustomerhostedcontent.com/media/6036f66758799c770950d98d/d937f1ebc89e3155055f145c90331903.png,no,,https://helpdesk.resy.com/en_us/what-is-notify-and-how-does-it-work-BJrJzPQLu
what-is-notify-and-how-does-it-work__img02,what-is-notify-and-how-does-it-work,Notify Feature,in-service-troubleshooting,2,images/in-service-troubleshooting/what-is-notify-and-how-does-it-work/what-is-notify-and-how-does-it-work__img02.png,ok,172651,,yes,,https://helpdesk.resy.com/en_us/what-is-notify-and-how-does-it-work-BJrJzPQLu
what-is-notify-and-how-does-it-work__img03,what-is-notify-and-how-does-it-work,Notify Feature,in-service-troubleshooting,3,images/in-service-troubleshooting/what-is-notify-and-how-does-it-work/what-is-notify-and-how-does-it-work__img03.gif,ok,274957,https://cdn.kustomerhostedcontent.com/media/6036f66758799c770950d98d/c698125ab09bad4348a59c4fd5e89b43.gif,no,,https://helpdesk.resy.com/en_us/what-is-notify-and-how-does-it-work-BJrJzPQLu
what-is-notify-and-how-does-it-work__img04,what-is-notify-and-how-does-it-work,Notify Feature,in-service-troubleshooting,4,images/in-service-troubleshooting/what-is-notify-and-how-does-it-work/what-is-notify-and-how-does-it-work__img04.png,ok,396068,https://cdn.kustomerhostedcontent.com/media/6036f66758799c770950d98d/567a0d25d8a08faa1542848b10e2499d.png,no,,https://helpdesk.resy.com/en_us/what-is-notify-and-how-does-it-work-BJrJzPQLu
