"name","html_url","description","stars","forks","language","owner","pushed_at","size_kb","is_fork"
"145666055-gccp_code_migration","https://github.aexp.com/amex-archives/145666055-gccp_code_migration","Creating repo for gccp Carid ","0","3",,"amex-archives","2026-07-17T16:05:06Z","167","False"
"200003920-tra-ebb","https://github.aexp.com/amex-archives/200003920-tra-ebb",,"1","2",,"amex-archives","2026-06-30T03:54:51Z","9346","False"
"500000975-synthetic_test_data","https://github.aexp.com/amex-archives/500000975-synthetic_test_data","Synthetic test data generator","0","1","Python","amex-archives","2026-07-08T06:33:53Z","921","False"
"600000248-stt-accuracy-analysis","https://github.aexp.com/amex-archives/600000248-stt-accuracy-analysis","Repository responsible for processing the accuracy of audio file transcripts.","1","0","Python","amex-archives","2026-07-17T17:23:58Z","89921","False"
"600000349_dasre-datadog-metrics","https://github.aexp.com/amex-archives/600000349_dasre-datadog-metrics","Create a Python service that will Custom Metrics from Resy and LoungeBuddy's Datadog and Push to Amex Sahara Platform","0","0","Python","amex-archives","2026-07-13T23:08:15Z","98","False"
"600000544-gke-tdmgcp-orchestrator","https://github.aexp.com/amex-archives/600000544-gke-tdmgcp-orchestrator",,"0","0","HCL","amex-archives","2026-06-08T19:26:02Z","207","True"
"600000871-ls-batch-service","https://github.aexp.com/amex-archives/600000871-ls-batch-service","Repo for batch related services in Lounge Services","0","0","TypeScript","amex-archives","2026-03-30T16:14:38Z","258","False"
"600000959-banking-billpay-returns-automation","https://github.aexp.com/amex-archives/600000959-banking-billpay-returns-automation","Automation of Returns processing from FIS BillPay.","0","0","HCL","amex-archives","2025-12-04T19:06:00Z","62","False"
"600000959-banking-intraday-emailreporting","https://github.aexp.com/amex-archives/600000959-banking-intraday-emailreporting",,"0","0","Python","amex-archives","2026-01-14T14:59:29Z","10028","False"
"600000999-gon-sample","https://github.aexp.com/amex-archives/600000999-gon-sample",,"0","0","Mustache","amex-archives","2025-07-26T03:16:25Z","293","False"
"600001196_dp-p2p-sor-portal","https://github.aexp.com/amex-archives/600001196_dp-p2p-sor-portal",,"2","4","JavaScript","amex-archives","2026-07-20T17:47:15Z","10966","False"
"600001240-gke-argo-sample-app","https://github.aexp.com/amex-archives/600001240-gke-argo-sample-app","just a sample app for learning how to use GKE","0","0","HCL","amex-archives","2026-03-03T09:57:32Z","82","True"
"600001240_payflow-db","https://github.aexp.com/amex-archives/600001240_payflow-db",,"0","0",,"amex-archives","2025-03-13T11:39:26Z","11","False"
"600001578-third-party-security-docs","https://github.aexp.com/amex-archives/600001578-third-party-security-docs","Docs for third party security","1","0","JavaScript","amex-archives","2026-08-18T17:08:01Z","12649","False"
"600001602-gitops","https://github.aexp.com/amex-archives/600001602-gitops",,"0","0","HTML","amex-archives","2025-08-04T22:48:49Z","304","False"
"600001688-securecube-aws-elevated-roles","https://github.aexp.com/amex-archives/600001688-securecube-aws-elevated-roles",,"1","0",,"amex-archives","2025-09-25T21:06:05Z","729","False"
"600002602-dp-dining-admin","https://github.aexp.com/amex-archives/600002602-dp-dining-admin","Hosts Admin APIs to manage dining genius component","0","0","Python","amex-archives","2026-05-23T00:02:14Z","4845","False"
"600002635-bootcamp-demorepo","https://github.aexp.com/amex-archives/600002635-bootcamp-demorepo","Demo repository for hands on exercises during developer bootcamp","4","944","JavaScript","amex-archives","2026-07-22T16:05:13Z","26174","False"
"600002781-spring-gcp","https://github.aexp.com/amex-archives/600002781-spring-gcp",,"0","0","Mustache","amex-archives","2026-03-14T01:41:22Z","306","False"
"600003113-api-reporting-service","https://github.aexp.com/amex-archives/600003113-api-reporting-service",,"0","0","Python","amex-archives","2026-07-09T05:59:12Z","360","False"
"600003113-compute-infra-provisioning","https://github.aexp.com/amex-archives/600003113-compute-infra-provisioning","compute infra provisioning","0","0","Shell","amex-archives","2026-07-15T13:05:27Z","976","False"
"600003113-ova-template-mgmt","https://github.aexp.com/amex-archives/600003113-ova-template-mgmt",,"0","0",,"amex-archives","2026-06-18T07:52:54Z","163","False"
"600005025-grc-aiml-orchestrator","https://github.aexp.com/amex-archives/600005025-grc-aiml-orchestrator",,"0","0","Python","amex-archives","2026-07-20T18:50:52Z","783","False"
"AbandonedProperty","https://github.aexp.com/amex-archives/AbandonedProperty","This automation is a ledger adjustment request for US and GDC markets. This will enable us to apply adjustment to move outstanding credit balances of commercial accounts to abandoned property ledgers","0","1","Java","amex-archives","2026-04-10T07:37:35Z","191","False"
"abstrackt_abstrackt","https://github.aexp.com/amex-archives/abstrackt_abstrackt","A modular HTTP API web framework for Node.js, written in TypeScript","3","7","TypeScript","amex-archives","2026-06-17T15:28:28Z","6677","False"
"accessarmr-poc","https://github.aexp.com/amex-archives/accessarmr-poc",,"1","0","Python","amex-archives","2026-07-22T16:09:16Z","28513","False"
"accomplishments-hub-backend","https://github.aexp.com/amex-archives/accomplishments-hub-backend",,"1","0","Kotlin","amex-archives","2026-07-17T19:54:37Z","610","False"
"accomplishments-hub-root","https://github.aexp.com/amex-archives/accomplishments-hub-root",,"1","0","JavaScript","amex-archives","2026-07-30T15:47:41Z","5073","False"
"account-enrollment-audit","https://github.aexp.com/amex-archives/account-enrollment-audit","Audit service for account enrollment experience","0","0","Java","amex-archives","2026-07-06T18:33:36Z","352","False"
"ace-ClicCase","https://github.aexp.com/amex-archives/ace-ClicCase",,"0","1","Java","amex-archives","2026-04-29T16:24:13Z","227","False"
"ace-ecosystem-verticle-kafka-subscriber","https://github.aexp.com/amex-archives/ace-ecosystem-verticle-kafka-subscriber",,"0","0","Java","amex-archives","2025-11-10T18:42:10Z","103","False"
"ace-framework_ace-admin-services","https://github.aexp.com/amex-archives/ace-framework_ace-admin-services",,"0","1","Java","amex-archives","2024-10-30T16:27:08Z","423","False"
"ace-platform_ace-pmt-rally-grow-hack-bundle","https://github.aexp.com/amex-archives/ace-platform_ace-pmt-rally-grow-hack-bundle",,"0","0","Java","amex-archives","2024-11-04T07:07:42Z","140","False"
"ace-process-notes","https://github.aexp.com/amex-archives/ace-process-notes","This module is used by CCPs, for adding notes to an existing ACE process instance, and also to view activity history of the process instance..","0","3","JavaScript","amex-archives","2026-08-03T10:55:12Z","1664","False"
"aces-AddCaseNotes","https://github.aexp.com/amex-archives/aces-AddCaseNotes",,"0","0","Java","amex-archives","2026-03-02T17:05:27Z","626","False"
"aces-automation-coe","https://github.aexp.com/amex-archives/aces-automation-coe",,"0","3","Java","amex-archives","2026-08-24T09:54:51Z","525","False"
"aces-cbr-reactive-us","https://github.aexp.com/amex-archives/aces-cbr-reactive-us",,"0","3","Java","amex-archives","2026-07-06T16:38:08Z","2901","False"
"aces-ClicPendCaseMod","https://github.aexp.com/amex-archives/aces-ClicPendCaseMod","This Mod can be used to pend an Open CLIC case.","1","0","Java","amex-archives","2026-02-26T07:15:41Z","1092","False"
"aces-core-workspaces","https://github.aexp.com/amex-archives/aces-core-workspaces",,"0","8","TypeScript","amex-archives","2026-07-31T08:45:51Z","6494","False"
"aces-core-workspaces-forms","https://github.aexp.com/amex-archives/aces-core-workspaces-forms",,"0","0","JavaScript","amex-archives","2026-06-17T14:14:38Z","510","False"
"aces-core-workspaces-quality-track","https://github.aexp.com/amex-archives/aces-core-workspaces-quality-track",,"0","0","TypeScript","amex-archives","2026-07-30T09:15:07Z","1254","False"
"aces-core-workspaces-request-list","https://github.aexp.com/amex-archives/aces-core-workspaces-request-list",,"0","0","TypeScript","amex-archives","2026-07-31T09:47:55Z","688","False"
"aces-core-workspaces-root","https://github.aexp.com/amex-archives/aces-core-workspaces-root",,"0","5","JavaScript","amex-archives","2026-07-15T06:48:33Z","1799","False"
"aces-GARAccountStatusMod","https://github.aexp.com/amex-archives/aces-GARAccountStatusMod","Get main account and related account status","1","0","Java","amex-archives","2025-06-27T16:38:13Z","81","False"
"aces-GetDemographicsMod","https://github.aexp.com/amex-archives/aces-GetDemographicsMod",,"0","1","Java","amex-archives","2025-08-01T07:02:38Z","73","False"
"aces-GriffinMod","https://github.aexp.com/amex-archives/aces-GriffinMod",,"1","3","Java","amex-archives","2025-10-27T06:19:40Z","152","False"
"aces-GripCreateCaseMod","https://github.aexp.com/amex-archives/aces-GripCreateCaseMod",,"0","0","Java","amex-archives","2026-07-22T15:24:45Z","327","False"
"aces-gsg-customer-crisis-response","https://github.aexp.com/amex-archives/aces-gsg-customer-crisis-response",,"0","0","Java","amex-archives","2026-03-16T06:39:03Z","177","False"
"aces-gsg-kyc-aml-wcc-pon-france","https://github.aexp.com/amex-archives/aces-gsg-kyc-aml-wcc-pon-france",,"1","0","Java","amex-archives","2026-07-29T15:56:09Z","318","False"
"aces-RavenCommMod","https://github.aexp.com/amex-archives/aces-RavenCommMod",,"0","0","Java","amex-archives","2025-10-15T09:37:52Z","91","False"
"aces-ReadClicCaseMod","https://github.aexp.com/amex-archives/aces-ReadClicCaseMod",,"0","0","Java","amex-archives","2025-10-30T06:26:11Z","113","False"
"aces-ReadEmailAndTranslateMod","https://github.aexp.com/amex-archives/aces-ReadEmailAndTranslateMod","A mod to read email from a shared mailbox and translate the content in its body.","0","0","Java","amex-archives","2025-10-30T06:26:50Z","62","False"
"aces-ReadSettlementRollingVolume","https://github.aexp.com/amex-archives/aces-ReadSettlementRollingVolume",,"0","0","Java","amex-archives","2026-03-20T06:42:49Z","375","False"
"aces-ReadWorkbasketCasesMod","https://github.aexp.com/amex-archives/aces-ReadWorkbasketCasesMod",,"0","0","Java","amex-archives","2026-02-08T16:23:26Z","173","False"
"aces-S3Mod","https://github.aexp.com/amex-archives/aces-S3Mod",,"0","0","Java","amex-archives","2025-09-03T09:25:54Z","94","False"
"aces-UpdateCaseMod","https://github.aexp.com/amex-archives/aces-UpdateCaseMod",,"0","0","Java","amex-archives","2025-08-25T11:07:43Z","145","False"
"ace_500001355-cegec-bundles","https://github.aexp.com/amex-archives/ace_500001355-cegec-bundles",,"1","16","Java","amex-archives","2026-07-21T16:34:16Z","2637","False"
"acl_1.1.0","https://github.aexp.com/amex-archives/acl_1.1.0",,"0","0",,"amex-archives","2024-10-25T22:50:26Z","101","False"
"acq-shop-lead-generation","https://github.aexp.com/amex-archives/acq-shop-lead-generation","Single page lead generation form for Card Shop","0","3","JavaScript","amex-archives","2026-04-16T07:32:23Z","3631","False"
"acq-shop-non-card","https://github.aexp.com/amex-archives/acq-shop-non-card",,"0","0","JavaScript","amex-archives","2026-07-28T16:27:59Z","19255","False"
"actions-archive-cache-dev","https://github.aexp.com/amex-archives/actions-archive-cache-dev","Archive Cache Actions Versions (DEV TESTING)","0","0","Python","amex-archives","2026-06-18T01:09:18Z","234","True"
"aexp-ace-scope","https://github.aexp.com/amex-archives/aexp-ace-scope",,"0","0","Java","amex-archives","2025-06-25T09:46:07Z","73","False"
"aigrowthhackvolunteer","https://github.aexp.com/amex-archives/aigrowthhackvolunteer",,"1","0","Python","amex-archives","2026-08-04T21:10:22Z","329","False"
"aim200003112_fin-accntng-hub","https://github.aexp.com/amex-archives/aim200003112_fin-accntng-hub",,"0","0","PLSQL","amex-archives","2026-07-14T09:25:50Z","300750","False"
"ali-metrics","https://github.aexp.com/amex-archives/ali-metrics",,"0","0","JavaScript","amex-archives","2026-08-09T05:32:59Z","2224","False"
"alpha","https://github.aexp.com/amex-archives/alpha",,"0","11","Shell","amex-archives","2026-06-23T20:14:57Z","906","False"
"amaze_amaze","https://github.aexp.com/amex-archives/amaze_amaze",,"1","1","TSQL","amex-archives","2026-08-31T15:41:14Z","36199","False"
"amaze_processcontrol","https://github.aexp.com/amex-archives/amaze_processcontrol",,"1","1","TSQL","amex-archives","2026-06-18T20:42:14Z","39823","False"
"amex-4-decomm_customer360","https://github.aexp.com/amex-archives/amex-4-decomm_customer360",,"6","32","HiveQL","amex-archives","2026-07-20T10:19:34Z","1012435","False"
"amex-cicd-workflowTest","https://github.aexp.com/amex-archives/amex-cicd-workflowTest",,"0","1","Java","amex-archives","2026-07-21T02:18:14Z","67045","False"
"amex-guardrails","https://github.aexp.com/amex-archives/amex-guardrails",,"3","0","Python","amex-archives","2026-07-23T17:21:47Z","10411","False"
"amex-mcp","https://github.aexp.com/amex-archives/amex-mcp","a monorepo of inner-source MCP servers","49","30","Python","amex-archives","2026-04-07T17:50:37Z","98256","False"
"amex-skills","https://github.aexp.com/amex-archives/amex-skills","amex-skills","46","188","Python","amex-archives","2026-07-09T18:43:25Z","29034","False"
"amex-way-game-ui","https://github.aexp.com/amex-archives/amex-way-game-ui",,"0","0","JavaScript","amex-archives","2026-07-28T10:40:05Z","10294","False"
"amexmock","https://github.aexp.com/amex-archives/amexmock","Source and Images for Amexmock","1","0","Java","amex-archives","2026-08-08T17:33:36Z","331127","False"
"amexway-game-admin","https://github.aexp.com/amex-archives/amexway-game-admin",,"0","0","JavaScript","amex-archives","2026-07-14T10:37:57Z","976","False"
"amexway-game-api","https://github.aexp.com/amex-archives/amexway-game-api","The Amex Way Game API Concept","1","0","TypeScript","amex-archives","2026-07-14T10:50:49Z","976098","False"
"amexway-game-db-scripts","https://github.aexp.com/amex-archives/amexway-game-db-scripts","Repo for modifying DB data in amexway game ","0","2","JavaScript","amex-archives","2026-07-14T10:44:13Z","1313","False"
"amexway-game-src","https://github.aexp.com/amex-archives/amexway-game-src","The Amex Way Game Unity WebGL Source","0","0","HTML","amex-archives","2026-06-15T12:56:14Z","105415","False"
"amp-gha-workflows","https://github.aexp.com/amex-archives/amp-gha-workflows","Reusable git action workflows","3","2","JavaScript","amex-archives","2026-07-29T17:34:27Z","9957","False"
"amp-infra-dashboard","https://github.aexp.com/amex-archives/amp-infra-dashboard",,"0","0","Java","amex-archives","2026-07-30T22:13:28Z","543","False"
"amp-jvm-bom","https://github.aexp.com/amex-archives/amp-jvm-bom","BOM for AMP version usages","0","0","Kotlin","amex-archives","2026-07-30T21:36:06Z","223","False"
"amp-jvm-gcp","https://github.aexp.com/amex-archives/amp-jvm-gcp","gcp / Lumi modules","3","0","Java","amex-archives","2026-07-30T21:42:28Z","957","False"
"amp-jvm-inbound","https://github.aexp.com/amex-archives/amp-jvm-inbound","AMP Inbound Ingestion APIs","0","2","Java","amex-archives","2026-08-11T20:38:52Z","8565","False"
"amp-mock-server-react-ui","https://github.aexp.com/amex-archives/amp-mock-server-react-ui","React UI for the Amp Mock Server","0","0","JavaScript","amex-archives","2026-07-24T00:15:58Z","3706","False"
"amp-perf-framework-test-executor","https://github.aexp.com/amex-archives/amp-perf-framework-test-executor","This repo will be used to store the performance framework backend code that will be used to execute performance tests. ","1","0","Java","amex-archives","2026-07-24T00:13:58Z","189852","False"
"amp-sre-gh-actions","https://github.aexp.com/amex-archives/amp-sre-gh-actions","CI/CD workflow helper actions","5","3","Python","amex-archives","2026-08-12T23:15:41Z","60991","False"
"amp-sre-tooling","https://github.aexp.com/amex-archives/amp-sre-tooling","Tools, frameworks, etc for Authorizations Modernization Tooling","4","2","Python","amex-archives","2026-09-01T08:46:26Z","161832","False"
"aop-spring-logger","https://github.aexp.com/amex-archives/aop-spring-logger","APO Based Auto Logger for spring application ","1","0","Java","amex-archives","2026-07-20T15:51:14Z","185","False"
"api-utility","https://github.aexp.com/amex-archives/api-utility","Utility classes for use in connecting a Salesforce org to external or internal APIs","1","0","Apex","amex-archives","2026-08-09T02:17:20Z","155","False"
"apigee-gha-poc","https://github.aexp.com/amex-archives/apigee-gha-poc",,"0","0",,"amex-archives","2025-09-23T09:03:44Z","86","False"
"application-experience-audit-ui","https://github.aexp.com/amex-archives/application-experience-audit-ui",,"0","0","JavaScript","amex-archives","2026-06-29T19:13:16Z","757","False"
"apply-experience-terms-and-conditions","https://github.aexp.com/amex-archives/apply-experience-terms-and-conditions",,"0","1","JavaScript","amex-archives","2026-07-24T16:42:51Z","941","False"
"apply-experience-validations","https://github.aexp.com/amex-archives/apply-experience-validations",,"0","0","JavaScript","amex-archives","2026-06-30T12:39:53Z","315","False"
"apply-us_transient-components","https://github.aexp.com/amex-archives/apply-us_transient-components",,"3","2","JavaScript","amex-archives","2026-01-05T18:49:33Z","31537","False"
"aqx-components","https://github.aexp.com/amex-archives/aqx-components",,"5","0","TypeScript","amex-archives","2026-07-21T16:50:13Z","366942","False"
"arcade-passport-stamps-core","https://github.aexp.com/amex-archives/arcade-passport-stamps-core","The core code repository for arcade passport stamps","0","0","HTML","amex-archives","2026-07-16T05:20:25Z","38892","False"
"architecture-governance","https://github.aexp.com/amex-archives/architecture-governance","Architecture Governance UI in the architecture portal. ","3","2","JavaScript","amex-archives","2026-08-01T21:20:59Z","8571","False"
"architecture-markdown","https://github.aexp.com/amex-archives/architecture-markdown",,"1","0","JavaScript","amex-archives","2026-07-20T18:13:26Z","5961","False"
"ARISE","https://github.aexp.com/amex-archives/ARISE",,"0","0",,"amex-archives","2026-02-08T09:03:51Z","43705","False"
"arms-documentation","https://github.aexp.com/amex-archives/arms-documentation","arms-documentation","2","1","MDX","amex-archives","2026-07-21T17:21:16Z","543763","False"
"ar_upem_gcstatus_alert","https://github.aexp.com/amex-archives/ar_upem_gcstatus_alert",,"0","1","Shell","amex-archives","2026-06-17T13:49:54Z","31","False"
"askamex-platform-api-automation","https://github.aexp.com/amex-archives/askamex-platform-api-automation","Askamex CMM QA automation","0","0","Gherkin","amex-archives","2026-07-15T14:25:45Z","491892","False"
"askamex-swagger-mobile","https://github.aexp.com/amex-archives/askamex-swagger-mobile",,"0","2","HTML","amex-archives","2026-07-13T21:31:12Z","1342","False"
"asset-management-database-portal","https://github.aexp.com/amex-archives/asset-management-database-portal",,"0","0","JavaScript","amex-archives","2026-07-07T16:58:28Z","2255","False"
"assisted-acquisitions-account-summary","https://github.aexp.com/amex-archives/assisted-acquisitions-account-summary","AAP account summary","1","2","JavaScript","amex-archives","2026-07-16T13:02:59Z","1265","False"
"assisted-acquisitions-additional-cards","https://github.aexp.com/amex-archives/assisted-acquisitions-additional-cards","AAP additional cards","1","2","JavaScript","amex-archives","2026-07-28T13:56:06Z","1132","False"
"assisted-acquisitions-customer-identification","https://github.aexp.com/amex-archives/assisted-acquisitions-customer-identification","Assisted Acquisitions Customer Identification","1","2","JavaScript","amex-archives","2026-07-24T05:45:57Z","1354","False"
"at-work-global-modules","https://github.aexp.com/amex-archives/at-work-global-modules","A monorepo for At Work global holocrons","0","1","JavaScript","amex-archives","2026-07-24T23:25:26Z","83448","False"
"at-work-loyalty-hub","https://github.aexp.com/amex-archives/at-work-loyalty-hub",,"1","0","JavaScript","amex-archives","2026-07-21T01:07:14Z","133270","False"
"atwork-core","https://github.aexp.com/amex-archives/atwork-core","atwork-core repo","2","0","JavaScript","amex-archives","2026-07-08T14:30:44Z","26405","False"
"atwork-design-library","https://github.aexp.com/amex-archives/atwork-design-library","The @americanexpress/atwork-design-library has moved! It now lives in the atwork-core monorepo.","1","2","TypeScript","amex-archives","2025-07-26T04:19:54Z","4403","False"
"atworkreporting-docs","https://github.aexp.com/amex-archives/atworkreporting-docs",,"0","0","JavaScript","amex-archives","2026-04-16T05:45:13Z","3280","False"
"audience-intelligence-root","https://github.aexp.com/amex-archives/audience-intelligence-root","Audience Intelligence is a next-generation audience builder and segmentation platform designed for the Marketing organization. ","0","0","TypeScript","amex-archives","2026-06-06T05:37:48Z","1681","False"
"auth-finance-sre-documentation","https://github.aexp.com/amex-archives/auth-finance-sre-documentation","A repository for the upload of templates, examples, and documentation around observability for Amex applications.","1","1","CSS","amex-archives","2026-07-09T07:08:24Z","8423","False"
"auth-sre-jvm","https://github.aexp.com/amex-archives/auth-sre-jvm",,"1","1","Kotlin","amex-archives","2026-07-30T22:34:44Z","63334","False"
"authblue-intranet-identity-convert-token","https://github.aexp.com/amex-archives/authblue-intranet-identity-convert-token",,"1","0","JavaScript","amex-archives","2026-07-29T16:10:29Z","1069","False"
"authblue-intranet-identity-root","https://github.aexp.com/amex-archives/authblue-intranet-identity-root","AuthBlue tenancy root for identity.aexp.com under One App v6","1","0","JavaScript","amex-archives","2026-08-12T19:53:42Z","918","False"
"Auth_Midrange_Infra.ansible","https://github.aexp.com/amex-archives/Auth_Midrange_Infra.ansible",,"1","0","Shell","amex-archives","2026-03-03T22:10:14Z","1986800","False"
"automated-pcn-remediation-report","https://github.aexp.com/amex-archives/automated-pcn-remediation-report","It fetches the list of PCNs that needs to be remediated, and it sends an alert that provides result of PRE and POST run","0","0","Java","amex-archives","2026-07-22T19:29:09Z","52898","False"
"axp-accept-root","https://github.aexp.com/amex-archives/axp-accept-root",,"1","1","JavaScript","amex-archives","2026-07-24T21:11:02Z","4357","False"
"axp-account-management","https://github.aexp.com/amex-archives/axp-account-management",,"0","1","JavaScript","amex-archives","2026-07-27T14:18:55Z","13121","False"
"axp-account-management-container","https://github.aexp.com/amex-archives/axp-account-management-container",,"0","0","JavaScript","amex-archives","2026-07-06T15:30:59Z","7002","False"
"axp-account-servicing","https://github.aexp.com/amex-archives/axp-account-servicing",,"0","0","JavaScript","amex-archives","2026-06-22T10:25:06Z","6760","False"
"axp-account-switcher","https://github.aexp.com/amex-archives/axp-account-switcher",,"0","1","JavaScript","amex-archives","2026-07-20T13:56:15Z","24403","False"
"axp-acq-commercial-assisted-components","https://github.aexp.com/amex-archives/axp-acq-commercial-assisted-components","Library of UI components shared b/w assisted commercial teams","5","0","JavaScript","amex-archives","2026-07-13T16:43:20Z","22718","False"
"axp-acq-servicing-app-capture-journey-selection","https://github.aexp.com/amex-archives/axp-acq-servicing-app-capture-journey-selection","Module to select the journey for the application capture","0","0","JavaScript","amex-archives","2026-07-25T20:48:55Z","2596","False"
"axp-activity","https://github.aexp.com/amex-archives/axp-activity","Wrapper component for the views within /activity/*","0","0","JavaScript","amex-archives","2026-07-29T16:37:35Z","14898","False"
"axp-activity-disclaimers","https://github.aexp.com/amex-archives/axp-activity-disclaimers","axp-activity-disclaimers is a module that renders disclaimers for the activity components.","0","0","JavaScript","amex-archives","2026-07-27T20:27:18Z","1127","False"
"axp-activity-interest-table","https://github.aexp.com/amex-archives/axp-activity-interest-table",,"0","0","JavaScript","amex-archives","2026-07-28T21:47:57Z","5482","False"
"axp-activity-marketing-placement","https://github.aexp.com/amex-archives/axp-activity-marketing-placement",,"0","0","JavaScript","amex-archives","2026-07-06T17:08:45Z","3150","False"
"axp-activity-navigation","https://github.aexp.com/amex-archives/axp-activity-navigation",,"0","0","JavaScript","amex-archives","2026-07-14T21:48:06Z","8332","False"
"axp-activity-search","https://github.aexp.com/amex-archives/axp-activity-search",,"0","0","JavaScript","amex-archives","2026-07-13T22:56:26Z","9488","False"
"axp-activity-statement-bookend","https://github.aexp.com/amex-archives/axp-activity-statement-bookend",,"0","0","JavaScript","amex-archives","2026-07-28T20:10:54Z","5949","False"
"axp-activity-transaction-details-digital-receipts","https://github.aexp.com/amex-archives/axp-activity-transaction-details-digital-receipts",,"0","0","JavaScript","amex-archives","2026-05-12T21:13:39Z","4651","False"
"axp-activity-transaction-details-line-items","https://github.aexp.com/amex-archives/axp-activity-transaction-details-line-items","axp-activity-transaction-details-line-items ","0","0","JavaScript","amex-archives","2026-07-28T21:16:42Z","2735","False"
"axp-activity-transaction-details-merchant","https://github.aexp.com/amex-archives/axp-activity-transaction-details-merchant","Module to hold merchant view for axp-activity-transaction-details","0","0","JavaScript","amex-archives","2026-07-28T21:18:06Z","5253","False"
"axp-activity-transaction-details-plan-it","https://github.aexp.com/amex-archives/axp-activity-transaction-details-plan-it",,"0","0","JavaScript","amex-archives","2026-07-29T17:04:25Z","15229","False"
"axp-activity-transaction-printer-view","https://github.aexp.com/amex-archives/axp-activity-transaction-printer-view",,"0","0","JavaScript","amex-archives","2026-07-28T21:15:43Z","10287","False"
"axp-activity-transaction-travel-details","https://github.aexp.com/amex-archives/axp-activity-transaction-travel-details","holocron module to show ROC travel details on transaction extended details module","0","0","JavaScript","amex-archives","2026-05-12T21:26:26Z","2661","False"
"axp-activity-vitals","https://github.aexp.com/amex-archives/axp-activity-vitals",,"0","0","JavaScript","amex-archives","2026-07-13T22:56:30Z","9822","False"
"axp-aida-admin","https://github.aexp.com/amex-archives/axp-aida-admin",,"0","1","JavaScript","amex-archives","2026-07-29T16:11:36Z","759","False"
"axp-aida-admin-cluster-management","https://github.aexp.com/amex-archives/axp-aida-admin-cluster-management","This repo will be used to allow for viewing, and managing of all AiDa clusters.","0","0","JavaScript","amex-archives","2026-03-20T06:53:00Z","1987","False"
"axp-aida-admin-use-case-budget-requests","https://github.aexp.com/amex-archives/axp-aida-admin-use-case-budget-requests","This module will be used by admins to action on AWS budget requests.","0","0","JavaScript","amex-archives","2026-03-20T06:53:07Z","863","False"
"axp-aida-cluster-details","https://github.aexp.com/amex-archives/axp-aida-cluster-details","This is a reusable AiDa UI component which is used to display cluster detail information.","0","0","JavaScript","amex-archives","2026-07-29T16:08:03Z","1142","False"
"axp-aida-cosmos-monitoring-dashboard","https://github.aexp.com/amex-archives/axp-aida-cosmos-monitoring-dashboard",,"0","0","JavaScript","amex-archives","2026-03-20T06:53:21Z","1061","False"
"axp-aida-data-management-actions","https://github.aexp.com/amex-archives/axp-aida-data-management-actions","This module will be used by users to view and / or action AWS Data Management requests.","0","0","JavaScript","amex-archives","2026-03-20T06:53:29Z","1056","False"
"axp-aida-develop","https://github.aexp.com/amex-archives/axp-aida-develop","AiDa Develop Home page holocron module.","1","5","JavaScript","amex-archives","2026-07-30T05:18:59Z","8894","False"
"axp-aida-develop-cluster-creation","https://github.aexp.com/amex-archives/axp-aida-develop-cluster-creation",,"0","2","JavaScript","amex-archives","2026-07-29T17:11:00Z","5444","False"
"axp-aida-develop-environments","https://github.aexp.com/amex-archives/axp-aida-develop-environments",,"0","1","JavaScript","amex-archives","2026-07-29T16:18:30Z","1801","False"
"axp-aida-generative-ai-dashboard","https://github.aexp.com/amex-archives/axp-aida-generative-ai-dashboard","This repo will be used to host and manage the Gen AI dashboard for AiDa.","0","1","JavaScript","amex-archives","2026-03-20T06:54:08Z","1155","False"
"axp-aida-govern","https://github.aexp.com/amex-archives/axp-aida-govern","One App AiDa governance module","0","2","JavaScript","amex-archives","2026-06-24T10:26:17Z","4083","False"
"axp-aida-govern-activity-log","https://github.aexp.com/amex-archives/axp-aida-govern-activity-log",,"0","0","JavaScript","amex-archives","2026-06-26T14:20:39Z","2454","False"
"axp-aida-govern-commons","https://github.aexp.com/amex-archives/axp-aida-govern-commons",,"1","0","JavaScript","amex-archives","2026-07-31T05:40:54Z","2870","False"
"axp-aida-govern-initiate-workflow","https://github.aexp.com/amex-archives/axp-aida-govern-initiate-workflow",,"0","0","JavaScript","amex-archives","2026-04-16T06:26:19Z","1793","False"
"axp-aida-govern-persona-listing","https://github.aexp.com/amex-archives/axp-aida-govern-persona-listing",,"0","1","JavaScript","amex-archives","2026-07-23T05:00:13Z","2764","False"
"axp-aida-governance-machine-learning-store-workflows","https://github.aexp.com/amex-archives/axp-aida-governance-machine-learning-store-workflows","Machine Learning store workflow modules highlights the details of Self Served workflows","0","0","JavaScript","amex-archives","2026-07-23T05:14:59Z","489","False"
"axp-aida-root","https://github.aexp.com/amex-archives/axp-aida-root","AiDa application one app holocron root module repository","1","5","JavaScript","amex-archives","2026-03-26T18:59:09Z","4687","False"
"axp-aida-universal-modeling-automation-suite","https://github.aexp.com/amex-archives/axp-aida-universal-modeling-automation-suite","AIDA UMAS Monorepo","0","0","JavaScript","amex-archives","2026-07-31T13:48:08Z","3799","False"
"axp-aida-user-modeling","https://github.aexp.com/amex-archives/axp-aida-user-modeling",,"0","0","JavaScript","amex-archives","2026-03-20T06:55:54Z","1903","False"
"axp-alerts","https://github.aexp.com/amex-archives/axp-alerts",,"0","0","JavaScript","amex-archives","2026-07-13T21:53:19Z","7050","False"
"axp-api-test-utils","https://github.aexp.com/amex-archives/axp-api-test-utils",,"0","0","TypeScript","amex-archives","2025-09-17T17:02:00Z","115","False"
"axp-apply-partner-header","https://github.aexp.com/amex-archives/axp-apply-partner-header",,"2","0","JavaScript","amex-archives","2026-03-19T18:35:12Z","1946","False"
"axp-apply-partner-shop","https://github.aexp.com/amex-archives/axp-apply-partner-shop",,"4","0","JavaScript","amex-archives","2026-07-24T21:20:58Z","15324","False"
"axp-apply-supplementary-card-japan","https://github.aexp.com/amex-archives/axp-apply-supplementary-card-japan",,"0","4","JavaScript","amex-archives","2026-07-22T05:23:31Z","6826","False"
"axp-ask-amex-chat-preview","https://github.aexp.com/amex-archives/axp-ask-amex-chat-preview","repository to preview offers through Chat by providing JSON's","0","0","JavaScript","amex-archives","2026-05-27T17:58:53Z","1549","False"
"axp-availability-marketing-automation","https://github.aexp.com/amex-archives/axp-availability-marketing-automation",,"0","1","JavaScript","amex-archives","2026-07-03T10:17:10Z","2816","False"
"axp-backlog-builder","https://github.aexp.com/amex-archives/axp-backlog-builder","axp-backlog-builder","0","0",,"amex-archives","2026-06-05T20:26:24Z","64435","False"
"axp-banking-service-communications","https://github.aexp.com/amex-archives/axp-banking-service-communications",,"1","1","JavaScript","amex-archives","2026-05-22T21:37:47Z","5112","False"
"axp-banking-service-communications-metrics","https://github.aexp.com/amex-archives/axp-banking-service-communications-metrics","Technical Communications","1","0","TypeScript","amex-archives","2026-05-04T21:25:45Z","257069","False"
"axp-beneficiary-owners","https://github.aexp.com/amex-archives/axp-beneficiary-owners",,"0","1","JavaScript","amex-archives","2026-07-24T12:51:39Z","3109","False"
"axp-benefit-enrollment-banner","https://github.aexp.com/amex-archives/axp-benefit-enrollment-banner",,"0","0","JavaScript","amex-archives","2026-05-29T15:05:28Z","5773","False"
"axp-benefits-activity","https://github.aexp.com/amex-archives/axp-benefits-activity",,"0","0","JavaScript","amex-archives","2026-07-29T21:25:00Z","1371","False"
"axp-benefits-admin","https://github.aexp.com/amex-archives/axp-benefits-admin",,"2","0","JavaScript","amex-archives","2026-07-27T22:46:33Z","4891","False"
"axp-benefits-admin-root","https://github.aexp.com/amex-archives/axp-benefits-admin-root",,"0","0","Shell","amex-archives","2026-06-08T16:47:54Z","988","False"
"axp-benefits-details","https://github.aexp.com/amex-archives/axp-benefits-details",,"0","0","JavaScript","amex-archives","2026-07-29T20:56:01Z","52016","False"
"axp-benefits-enrollment","https://github.aexp.com/amex-archives/axp-benefits-enrollment","Module for Benefits Enrollment","0","0","JavaScript","amex-archives","2026-07-29T20:55:45Z","16467","False"
"axp-benefits-quick-view","https://github.aexp.com/amex-archives/axp-benefits-quick-view","modal for quickly viewing and acting on card benefit details","0","0","JavaScript","amex-archives","2026-08-31T21:38:04Z","3326","False"
"axp-benefits-root","https://github.aexp.com/amex-archives/axp-benefits-root",,"0","0","JavaScript","amex-archives","2026-06-29T18:08:44Z","4967","False"
"axp-benefits-view-all","https://github.aexp.com/amex-archives/axp-benefits-view-all",,"2","0","JavaScript","amex-archives","2026-08-25T21:30:36Z","40005","False"
"axp-card-list-selector","https://github.aexp.com/amex-archives/axp-card-list-selector",,"0","0","JavaScript","amex-archives","2026-04-27T19:04:45Z","1973","False"
"axp-card-member-apply-root","https://github.aexp.com/amex-archives/axp-card-member-apply-root",,"3","2","JavaScript","amex-archives","2026-07-27T14:59:38Z","10647","False"
"axp-card-on-file-token","https://github.aexp.com/amex-archives/axp-card-on-file-token",,"0","0","JavaScript","amex-archives","2026-05-13T09:36:34Z","3461","False"
"axp-card-replacement","https://github.aexp.com/amex-archives/axp-card-replacement",,"0","0","JavaScript","amex-archives","2026-07-29T17:35:45Z","10233","False"
"axp-card-replacement-container","https://github.aexp.com/amex-archives/axp-card-replacement-container",,"0","0","JavaScript","amex-archives","2026-07-27T16:54:14Z","22501","False"
"axp-card-tracking","https://github.aexp.com/amex-archives/axp-card-tracking",,"0","0","JavaScript","amex-archives","2026-07-29T17:24:00Z","4921","False"
"axp-case-ecosystem-bulk-processing","https://github.aexp.com/amex-archives/axp-case-ecosystem-bulk-processing",,"0","16","JavaScript","amex-archives","2026-08-13T07:56:15Z","3411","False"
"axp-case-ecosystem-credential-manager","https://github.aexp.com/amex-archives/axp-case-ecosystem-credential-manager",,"0","8","JavaScript","amex-archives","2026-06-26T08:20:20Z","2426","False"
"axp-case-ecosystem-robotic-automation","https://github.aexp.com/amex-archives/axp-case-ecosystem-robotic-automation",,"0","15","JavaScript","amex-archives","2026-05-04T10:02:23Z","2236","False"
"axp-chatbot-admin","https://github.aexp.com/amex-archives/axp-chatbot-admin","repo for the Catalyzer chatbot framework admin UI","0","0","JavaScript","amex-archives","2026-03-19T12:32:47Z","718","False"
"axp-chatbot-admin-home","https://github.aexp.com/amex-archives/axp-chatbot-admin-home","Ninja Chatbot admin home module","0","0","JavaScript","amex-archives","2026-03-19T12:32:54Z","418","False"
"axp-chatbot-admin-root","https://github.aexp.com/amex-archives/axp-chatbot-admin-root","root module for chatbot admin ui","0","0","JavaScript","amex-archives","2026-06-17T05:53:47Z","579","False"
"axp-chip-pin","https://github.aexp.com/amex-archives/axp-chip-pin",,"0","0","JavaScript","amex-archives","2026-06-25T13:57:18Z","6320","False"
"axp-clic-credit-balance-refund-questionnaire","https://github.aexp.com/amex-archives/axp-clic-credit-balance-refund-questionnaire",,"0","0","JavaScript","amex-archives","2026-06-03T09:29:27Z","4880","False"
"axp-clic-exit-cancellation","https://github.aexp.com/amex-archives/axp-clic-exit-cancellation",,"0","0","JavaScript","amex-archives","2026-07-07T06:16:02Z","1358","False"
"axp-clic-questionnaire-create","https://github.aexp.com/amex-archives/axp-clic-questionnaire-create","SCRA Flow","0","5","JavaScript","amex-archives","2026-07-16T10:28:34Z","3319","False"
"axp-client-incentive-root","https://github.aexp.com/amex-archives/axp-client-incentive-root","Client incentive root module","1","0","JavaScript","amex-archives","2026-07-29T05:33:23Z","2307","False"
"axp-coast-communications","https://github.aexp.com/amex-archives/axp-coast-communications",,"1","0","TypeScript","amex-archives","2026-07-25T20:25:49Z","1199","False"
"axp-coast-communications-create-communication","https://github.aexp.com/amex-archives/axp-coast-communications-create-communication",,"1","0","TypeScript","amex-archives","2026-07-25T20:33:26Z","1158","False"
"axp-coast-root","https://github.aexp.com/amex-archives/axp-coast-root",,"1","0","TypeScript","amex-archives","2026-07-25T20:25:38Z","1693","False"
"axp-code-sandbox","https://github.aexp.com/amex-archives/axp-code-sandbox","A module that enables live development and sharing of code snippets (GrowthHack Winners 2023)","1","4","JavaScript","amex-archives","2026-07-22T21:05:05Z","4336","False"
"axp-commercial-financial-gathering","https://github.aexp.com/amex-archives/axp-commercial-financial-gathering","This repo would be used to integrate with GetInfo Widget to give capability for PAs and Decision Makers to either add bank details (Yodlee) or upload bank statements (DocUpload).","0","0","JavaScript","amex-archives","2026-07-24T21:12:33Z","3495","False"
"axp-commercial-parenting-tagging-automation","https://github.aexp.com/amex-archives/axp-commercial-parenting-tagging-automation",,"0","1","Gherkin","amex-archives","2026-08-06T07:35:40Z","319134","False"
"axp-commercial-parenting-tagging-certify-hierarchy","https://github.aexp.com/amex-archives/axp-commercial-parenting-tagging-certify-hierarchy","This repo will be used to build CLM persona for implementing recertification flow.","0","0","JavaScript","amex-archives","2026-08-01T20:43:53Z","90566","False"
"axp-commercial-parenting-tagging-common","https://github.aexp.com/amex-archives/axp-commercial-parenting-tagging-common","This is common lib to used across all the UI modules ","0","0","JavaScript","amex-archives","2026-07-10T06:18:41Z","5214","False"
"axp-commercial-parenting-tagging-create-hierarchy","https://github.aexp.com/amex-archives/axp-commercial-parenting-tagging-create-hierarchy",,"0","0","JavaScript","amex-archives","2026-08-01T20:42:00Z","2208","False"
"axp-commercial-parenting-tagging-maintain-hierarchy","https://github.aexp.com/amex-archives/axp-commercial-parenting-tagging-maintain-hierarchy",,"0","1","JavaScript","amex-archives","2026-08-01T20:43:59Z","3107","False"
"axp-commercial-parenting-tagging-root","https://github.aexp.com/amex-archives/axp-commercial-parenting-tagging-root","Commercial Parenting and Tagging  Application for creating and maintaining the Hierarchy for the GCS Clients","0","0","JavaScript","amex-archives","2026-08-01T20:42:20Z","3796","False"
"axp-commercial-parenting-tagging-search-hierarchy","https://github.aexp.com/amex-archives/axp-commercial-parenting-tagging-search-hierarchy",,"0","0","JavaScript","amex-archives","2026-08-01T20:41:12Z","2111","False"
"axp-commercial-reconciliation-header","https://github.aexp.com/amex-archives/axp-commercial-reconciliation-header",,"0","0","JavaScript","amex-archives","2026-03-20T07:31:15Z","853","False"
"axp-commercial-refund-credit-balance","https://github.aexp.com/amex-archives/axp-commercial-refund-credit-balance","This repo holds the code for the axp-commercial-refund-credit-balance oneapp module. The axp-commercial-refund-credit-balance module allows atwork users to request a credit balance refund.","0","0","JavaScript","amex-archives","2026-03-19T07:32:37Z","430","False"
"axp-commercial-rewards","https://github.aexp.com/amex-archives/axp-commercial-rewards",,"1","0","JavaScript","amex-archives","2026-07-27T18:31:34Z","7075","False"
"axp-commercial-rewards-enrollment","https://github.aexp.com/amex-archives/axp-commercial-rewards-enrollment",,"1","0","JavaScript","amex-archives","2026-07-27T18:38:48Z","30957","False"
"axp-commercial-root","https://github.aexp.com/amex-archives/axp-commercial-root",,"11","4","JavaScript","amex-archives","2026-07-27T18:44:22Z","18627","False"
"axp-commercial-service-agreements","https://github.aexp.com/amex-archives/axp-commercial-service-agreements","This module will host links to SOWs and Legal Documents which can be accessed by Corporate PAs to download the Service Agreements.","0","0","JavaScript","amex-archives","2026-07-27T18:36:34Z","1010","False"
"axp-commercial-session-timeout","https://github.aexp.com/amex-archives/axp-commercial-session-timeout",,"3","0","JavaScript","amex-archives","2026-07-27T18:36:46Z","1946","False"
"axp-commercial-wrapper","https://github.aexp.com/amex-archives/axp-commercial-wrapper",,"3","1","JavaScript","amex-archives","2026-08-01T18:36:14Z","1139","False"
"axp-connect-offers","https://github.aexp.com/amex-archives/axp-connect-offers",,"0","0","JavaScript","amex-archives","2026-05-07T15:50:46Z","4338","False"
"axp-consumer-context-switcher","https://github.aexp.com/amex-archives/axp-consumer-context-switcher",,"0","0","TypeScript","amex-archives","2026-07-29T16:06:51Z","5965","False"
"axp-consumer-navigation","https://github.aexp.com/amex-archives/axp-consumer-navigation","A module that allows members to navigate between cards & products","0","3","TypeScript","amex-archives","2026-07-29T15:55:23Z","3892","False"
"axp-control-tower-application-details","https://github.aexp.com/amex-archives/axp-control-tower-application-details",,"0","3","JavaScript","amex-archives","2026-05-18T18:09:54Z","4844","False"
"axp-control-tower-application-status-tracking","https://github.aexp.com/amex-archives/axp-control-tower-application-status-tracking",,"0","2","JavaScript","amex-archives","2026-06-25T17:38:23Z","2238","False"
"axp-control-tower-document-search","https://github.aexp.com/amex-archives/axp-control-tower-document-search","Banking statements portal to search, view, and perform actions.","1","1","JavaScript","amex-archives","2026-07-21T16:35:25Z","3072","False"
"axp-control-tower-page-wrapper","https://github.aexp.com/amex-archives/axp-control-tower-page-wrapper",,"1","3","JavaScript","amex-archives","2026-06-08T20:45:20Z","10400","False"
"axp-control-tower-remittance-tracker","https://github.aexp.com/amex-archives/axp-control-tower-remittance-tracker","Treasury","0","1","JavaScript","amex-archives","2026-05-11T13:30:43Z","6838","False"
"axp-control-tower-root","https://github.aexp.com/amex-archives/axp-control-tower-root",,"2","10","JavaScript","amex-archives","2026-07-21T16:08:38Z","4903","False"
"axp-control-tower-transaction-posted-search","https://github.aexp.com/amex-archives/axp-control-tower-transaction-posted-search",,"0","1","JavaScript","amex-archives","2026-05-04T21:03:07Z","2215","False"
"axp-control-tower-welcome-bonus-status-search","https://github.aexp.com/amex-archives/axp-control-tower-welcome-bonus-status-search","Search for historical/transactional data associated with MR Welcome Bonus - Welcome Bonus Status","0","0","JavaScript","amex-archives","2026-05-04T21:03:02Z","1981","False"
"axp-control-tower-wires","https://github.aexp.com/amex-archives/axp-control-tower-wires","Control Tower Wires Application","1","0","TypeScript","amex-archives","2026-07-30T06:53:07Z","3291","False"
"axp-converge-root","https://github.aexp.com/amex-archives/axp-converge-root",,"0","0","JavaScript","amex-archives","2026-07-31T14:06:55Z","3113","False"
"axp-cornerstone-data-ingestion","https://github.aexp.com/amex-archives/axp-cornerstone-data-ingestion","Enterprise Data Platforms - Cornerstone Portal Data Ingestion - New Request","1","0","JavaScript","amex-archives","2026-03-24T21:37:31Z","2077","False"
"axp-cornerstone-data-organization-dashboard","https://github.aexp.com/amex-archives/axp-cornerstone-data-organization-dashboard","This Repo is to display Cornerstone Data Organization Team (CDOT)  Dashboard  for SOR, ODL and Use Case","0","4","JavaScript","amex-archives","2026-06-15T15:50:38Z","4968","False"
"axp-cornerstone-metadata-management","https://github.aexp.com/amex-archives/axp-cornerstone-metadata-management","Cornerstone Portal Metadata Management","1","17","JavaScript","amex-archives","2026-07-23T04:54:01Z","25525","False"
"axp-cornerstone-metadata-registration","https://github.aexp.com/amex-archives/axp-cornerstone-metadata-registration","MDR UI Common Dashboard","1","16","JavaScript","amex-archives","2026-07-23T14:44:33Z","12573","False"
"axp-cornerstone-organized-data-layer-dashboard","https://github.aexp.com/amex-archives/axp-cornerstone-organized-data-layer-dashboard","This repo is created to display Organized Data Layer (ODL) Dashboard.","0","4","JavaScript","amex-archives","2026-07-24T16:19:07Z","11974","False"
"axp-cornerstone-streams-management","https://github.aexp.com/amex-archives/axp-cornerstone-streams-management","Enterprise Big Data Cornerstone Portal Streams Management","0","0","JavaScript","amex-archives","2026-06-26T23:34:14Z","5448","False"
"axp-cornerstone-system-of-records-dashboard","https://github.aexp.com/amex-archives/axp-cornerstone-system-of-records-dashboard","This repo is created to display System of Records (SOR) Dashboard.","0","12","JavaScript","amex-archives","2026-07-23T17:45:55Z","12524","False"
"axp-cornerstone-use-case-dashboard","https://github.aexp.com/amex-archives/axp-cornerstone-use-case-dashboard","This repo is created to display Use Case Dashboard.","0","2","JavaScript","amex-archives","2026-05-21T07:43:38Z","12279","False"
"axp-cornerstone-user-support-portal","https://github.aexp.com/amex-archives/axp-cornerstone-user-support-portal",,"0","3","JavaScript","amex-archives","2026-07-27T05:28:50Z","3787","False"
"axp-cornerstone-where-is-my-data-lineage","https://github.aexp.com/amex-archives/axp-cornerstone-where-is-my-data-lineage","This page will display the ODL process lineage, along with anticipated job completion time.","0","4","JavaScript","amex-archives","2026-07-01T07:19:59Z","2882","False"
"axp-cornerstone-where-is-my-data-wrapper","https://github.aexp.com/amex-archives/axp-cornerstone-where-is-my-data-wrapper","Cornerstone Where is My Data common module for routing.","0","6","JavaScript","amex-archives","2026-07-01T07:11:15Z","5129","False"
"axp-corporate-at-work-advanced-search","https://github.aexp.com/amex-archives/axp-corporate-at-work-advanced-search","Advanced Search Module for Phoenix/@ Work Homepage","0","0","JavaScript","amex-archives","2026-07-27T18:42:50Z","1848","False"
"axp-corporate-at-work-alert-banner-marketing","https://github.aexp.com/amex-archives/axp-corporate-at-work-alert-banner-marketing","axp-corporate-at-work-alert-banner-bottom","3","2","JavaScript","amex-archives","2026-07-27T18:39:54Z","64444","False"
"axp-corporate-at-work-alert-banner-servicing","https://github.aexp.com/amex-archives/axp-corporate-at-work-alert-banner-servicing","At Work Banner Servicing Alert","3","5","JavaScript","amex-archives","2026-07-27T18:40:52Z","1819","False"
"axp-corporate-at-work-build-report-next-generation","https://github.aexp.com/amex-archives/axp-corporate-at-work-build-report-next-generation","This module is for build a report nextGen portal","0","0","JavaScript","amex-archives","2026-07-24T21:39:48Z","2370","False"
"axp-corporate-at-work-build-standard-reports","https://github.aexp.com/amex-archives/axp-corporate-at-work-build-standard-reports","This is child module to create IBI Standard reports hierarchy pages","0","0","JavaScript","amex-archives","2026-07-24T06:23:29Z","1430","False"
"axp-corporate-at-work-delinquencies","https://github.aexp.com/amex-archives/axp-corporate-at-work-delinquencies",,"2","12","JavaScript","amex-archives","2026-07-27T18:47:53Z","4155","False"
"axp-corporate-at-work-homepage","https://github.aexp.com/amex-archives/axp-corporate-at-work-homepage","@Work Homepage.  Will consist of a series of widgets (modules) that allow program administrators to manage their corporate program.","1","2","JavaScript","amex-archives","2026-07-27T18:45:05Z","1907","False"
"axp-corporate-at-work-notification-center","https://github.aexp.com/amex-archives/axp-corporate-at-work-notification-center",,"0","0","JavaScript","amex-archives","2026-07-25T20:26:18Z","3094","False"
"axp-corporate-at-work-notification-settings","https://github.aexp.com/amex-archives/axp-corporate-at-work-notification-settings",,"0","0","TypeScript","amex-archives","2026-07-25T20:26:55Z","1124","False"
"axp-corporate-at-work-reporting-wrapper","https://github.aexp.com/amex-archives/axp-corporate-at-work-reporting-wrapper","At work reporting wrapper module is the root module for at work reporting","0","0","JavaScript","amex-archives","2026-07-24T21:43:02Z","1773","False"
"axp-corporate-card-account-demographics","https://github.aexp.com/amex-archives/axp-corporate-card-account-demographics","This module is for displaying demographics details of a card profile","2","6","JavaScript","amex-archives","2026-07-28T14:21:35Z","1604","False"
"axp-corporate-card-account-information","https://github.aexp.com/amex-archives/axp-corporate-card-account-information","@Work Card Profile Corporate Card Account Information & Details","2","3","JavaScript","amex-archives","2026-07-28T14:21:26Z","1161","False"
"axp-corporate-card-account-statements","https://github.aexp.com/amex-archives/axp-corporate-card-account-statements","This module is for displaying card account transactions and statements detail","2","6","JavaScript","amex-archives","2026-07-28T14:21:26Z","800","False"
"axp-corporate-card-cashback-summary","https://github.aexp.com/amex-archives/axp-corporate-card-cashback-summary","cashback summary details","2","2","JavaScript","amex-archives","2026-07-28T14:21:16Z","1601","False"
"axp-corporate-card-member-header","https://github.aexp.com/amex-archives/axp-corporate-card-member-header",,"2","7","JavaScript","amex-archives","2026-07-28T14:22:55Z","733","False"
"axp-corporate-card-payment-summary","https://github.aexp.com/amex-archives/axp-corporate-card-payment-summary",,"2","0","JavaScript","amex-archives","2026-07-28T14:22:52Z","1626","False"
"axp-corporate-card-transactions","https://github.aexp.com/amex-archives/axp-corporate-card-transactions","Commercial Card Profile Transactions Module","2","5","JavaScript","amex-archives","2026-07-28T14:25:56Z","754","False"
"axp-corporate-card-transactions-employee-cards-container","https://github.aexp.com/amex-archives/axp-corporate-card-transactions-employee-cards-container",,"2","7","JavaScript","amex-archives","2026-07-28T14:24:04Z","734","False"
"axp-corporate-identity-migration","https://github.aexp.com/amex-archives/axp-corporate-identity-migration","This repository is used to migrate corporate At-Work profiles into One Identity","1","0","JavaScript","amex-archives","2026-07-28T14:24:35Z","1285","False"
"axp-corporate-membership-rewards-statements","https://github.aexp.com/amex-archives/axp-corporate-membership-rewards-statements",,"0","0","JavaScript","amex-archives","2026-07-28T14:29:24Z","2575","False"
"axp-corporate-membership-view-redeemers","https://github.aexp.com/amex-archives/axp-corporate-membership-view-redeemers",,"0","0","JavaScript","amex-archives","2026-07-28T14:27:03Z","1849","False"
"axp-corporate-payments-hub","https://github.aexp.com/amex-archives/axp-corporate-payments-hub","Corporate payments application allows Main Program Administrators to setup payments for the corporate cardmembers","0","0","JavaScript","amex-archives","2026-07-24T21:06:42Z","1017","False"
"axp-corporate-status-tracking","https://github.aexp.com/amex-archives/axp-corporate-status-tracking","It will allow user to search and tracking the status","1","16","JavaScript","amex-archives","2026-07-28T14:30:25Z","3234","False"
"axp-corporate-upgrade-card","https://github.aexp.com/amex-archives/axp-corporate-upgrade-card",,"1","0","JavaScript","amex-archives","2026-08-07T15:27:09Z","3675","False"
"axp-cosmos-breadcrumb","https://github.aexp.com/amex-archives/axp-cosmos-breadcrumb",,"0","0","JavaScript","amex-archives","2026-07-28T17:50:34Z","813","False"
"axp-creative-review-root","https://github.aexp.com/amex-archives/axp-creative-review-root","Frontend for the BAR application","0","1","JavaScript","amex-archives","2026-03-20T03:09:48Z","5165","False"
"axp-credit-communication-event-monitoring","https://github.aexp.com/amex-archives/axp-credit-communication-event-monitoring","Module for displaying credit communications from database","0","0","JavaScript","amex-archives","2026-06-12T13:13:35Z","242","False"
"axp-customer-bank","https://github.aexp.com/amex-archives/axp-customer-bank",,"0","0","JavaScript","amex-archives","2026-07-27T15:32:24Z","4729","False"
"axp-customer-collateral","https://github.aexp.com/amex-archives/axp-customer-collateral","Customer 360 collateral one app module","0","0","JavaScript","amex-archives","2026-06-24T16:39:13Z","4175","False"
"axp-customer-collections-history","https://github.aexp.com/amex-archives/axp-customer-collections-history","Oak","0","0","JavaScript","amex-archives","2026-07-09T10:58:54Z","4984","False"
"axp-customer-column-customization","https://github.aexp.com/amex-archives/axp-customer-column-customization",,"0","0","JavaScript","amex-archives","2026-07-27T15:28:58Z","2090","False"
"axp-customer-dashboard","https://github.aexp.com/amex-archives/axp-customer-dashboard",,"0","0","JavaScript","amex-archives","2026-07-29T13:39:10Z","247107","False"
"axp-customer-dashboard-utils","https://github.aexp.com/amex-archives/axp-customer-dashboard-utils",,"0","1","JavaScript","amex-archives","2026-08-07T19:34:13Z","2391","False"
"axp-customer-financial-spread","https://github.aexp.com/amex-archives/axp-customer-financial-spread",,"0","0","JavaScript","amex-archives","2026-07-27T15:36:04Z","4906","False"
"axp-customer-financial-spread-preview","https://github.aexp.com/amex-archives/axp-customer-financial-spread-preview",,"0","0","JavaScript","amex-archives","2026-07-27T15:35:54Z","1821","False"
"axp-customer-hierarchy","https://github.aexp.com/amex-archives/axp-customer-hierarchy",,"0","0","JavaScript","amex-archives","2026-07-28T06:27:18Z","3842","False"
"axp-customer-insights-campaigns","https://github.aexp.com/amex-archives/axp-customer-insights-campaigns","Campaigns module for CEI Portal","0","1","JavaScript","amex-archives","2026-03-19T22:03:00Z","2481","False"
"axp-customer-insights-customer","https://github.aexp.com/amex-archives/axp-customer-insights-customer","Customers module for CEI Portal","0","1","JavaScript","amex-archives","2026-03-19T22:03:08Z","1999","False"
"axp-customer-insights-network-graph","https://github.aexp.com/amex-archives/axp-customer-insights-network-graph","Network Graph module for CEI ","0","1","JavaScript","amex-archives","2026-03-19T22:03:22Z","920","False"
"axp-customer-insights-root","https://github.aexp.com/amex-archives/axp-customer-insights-root","Root module for CEI portal","0","2","JavaScript","amex-archives","2026-04-14T04:07:31Z","3095","False"
"axp-customer-insights-search","https://github.aexp.com/amex-archives/axp-customer-insights-search",,"0","0","JavaScript","amex-archives","2026-03-19T22:03:38Z","1339","False"
"axp-customer-obligor-risk-profile","https://github.aexp.com/amex-archives/axp-customer-obligor-risk-profile",,"0","0","JavaScript","amex-archives","2026-07-28T06:27:40Z","4384","False"
"axp-customer-risk-profile","https://github.aexp.com/amex-archives/axp-customer-risk-profile",,"0","0","JavaScript","amex-archives","2026-07-27T15:34:44Z","4284","False"
"axp-data-insights-model-runner","https://github.aexp.com/amex-archives/axp-data-insights-model-runner",,"0","0","JavaScript","amex-archives","2026-03-19T22:04:59Z","493","False"
"axp-data-retention-and-deletion-activity-log","https://github.aexp.com/amex-archives/axp-data-retention-and-deletion-activity-log","this will contain the code for activity or audit log","0","0","JavaScript","amex-archives","2026-07-02T07:34:28Z","491","False"
"axp-data-retention-and-deletion-admin","https://github.aexp.com/amex-archives/axp-data-retention-and-deletion-admin",,"0","0","JavaScript","amex-archives","2026-05-13T06:09:01Z","1002","False"
"axp-data-retention-and-deletion-data-grid","https://github.aexp.com/amex-archives/axp-data-retention-and-deletion-data-grid","data grid for axp data retention and deletion","0","0","JavaScript","amex-archives","2026-05-13T06:19:53Z","5347","False"
"axp-data-retention-and-deletion-footer","https://github.aexp.com/amex-archives/axp-data-retention-and-deletion-footer","drad footer","0","0","JavaScript","amex-archives","2026-07-02T07:34:55Z","673","False"
"axp-data-retention-and-deletion-header","https://github.aexp.com/amex-archives/axp-data-retention-and-deletion-header","code for header in axp data retention and deletion (DRAD) project","0","0","JavaScript","amex-archives","2026-07-02T07:35:04Z","681","False"
"axp-data-retention-and-deletion-home","https://github.aexp.com/amex-archives/axp-data-retention-and-deletion-home","Home Page for DRAD Portal","0","0","JavaScript","amex-archives","2026-07-15T06:05:17Z","4401","False"
"axp-data-retention-and-deletion-logout","https://github.aexp.com/amex-archives/axp-data-retention-and-deletion-logout","drad logout screen","0","0","JavaScript","amex-archives","2026-03-30T09:46:18Z","177","False"
"axp-data-retention-and-deletion-request-modify","https://github.aexp.com/amex-archives/axp-data-retention-and-deletion-request-modify",,"0","0","JavaScript","amex-archives","2026-03-30T09:46:23Z","212","False"
"axp-data-retention-and-deletion-request-status","https://github.aexp.com/amex-archives/axp-data-retention-and-deletion-request-status","request status","0","0","JavaScript","amex-archives","2026-07-27T10:28:17Z","420","False"
"axp-data-retention-and-deletion-root","https://github.aexp.com/amex-archives/axp-data-retention-and-deletion-root",,"0","1","JavaScript","amex-archives","2026-07-06T14:14:11Z","515","False"
"axp-data-retention-and-deletion-system-integration","https://github.aexp.com/amex-archives/axp-data-retention-and-deletion-system-integration","this repository will contain code of customer 360","0","0","JavaScript","amex-archives","2026-03-30T09:47:07Z","633","False"
"axp-data-retention-and-deletion-view-registration-form","https://github.aexp.com/amex-archives/axp-data-retention-and-deletion-view-registration-form","view ","0","0","JavaScript","amex-archives","2026-07-31T13:34:18Z","961","False"
"axp-databot-root","https://github.aexp.com/amex-archives/axp-databot-root","Test data read, Test data setup, Test data comparison on various platforms like CAS, Cornerstone and RDM Databases using Meta data. The front end will be using One Amex DLS components and will be hosted in One Amex Ego system registry and Back End will be using API build on ecp and One Data.","0","0","JavaScript","amex-archives","2026-07-16T14:42:17Z","3715","False"
"axp-demo","https://github.aexp.com/amex-archives/axp-demo",,"4","21","JavaScript","amex-archives","2026-07-06T01:56:04Z","2222","False"
"axp-deployment-tracker","https://github.aexp.com/amex-archives/axp-deployment-tracker",,"0","0","JavaScript","amex-archives","2026-04-16T18:12:15Z","322","False"
"axp-desktop-bridge","https://github.aexp.com/amex-archives/axp-desktop-bridge",,"1","0","JavaScript","amex-archives","2026-07-27T16:41:52Z","5913","False"
"axp-dev-start","https://github.aexp.com/amex-archives/axp-dev-start",,"0","10","JavaScript","amex-archives","2026-07-24T16:07:23Z","6832","False"
"axp-developer-hub","https://github.aexp.com/amex-archives/axp-developer-hub",,"1","2","JavaScript","amex-archives","2026-06-03T20:31:24Z","2819","False"
"axp-developer-lab","https://github.aexp.com/amex-archives/axp-developer-lab",,"1","5","JavaScript","amex-archives","2026-02-20T13:37:27Z","2436","False"
"axp-developer-lab-root","https://github.aexp.com/amex-archives/axp-developer-lab-root",,"1","2","JavaScript","amex-archives","2026-07-06T18:07:51Z","1729","False"
"axp-digital-auditor-invoice","https://github.aexp.com/amex-archives/axp-digital-auditor-invoice",,"0","3","JavaScript","amex-archives","2026-07-27T07:14:39Z","4968","False"
"axp-digital-auditor-root","https://github.aexp.com/amex-archives/axp-digital-auditor-root","root module for axp-digital-auditor UI","0","4","JavaScript","amex-archives","2026-07-29T15:46:38Z","2131","False"
"axp-digital-card","https://github.aexp.com/amex-archives/axp-digital-card",,"0","0","JavaScript","amex-archives","2026-06-12T20:52:36Z","4539","False"
"axp-digital-wallets","https://github.aexp.com/amex-archives/axp-digital-wallets",,"0","0","JavaScript","amex-archives","2026-07-29T17:59:09Z","29709","False"
"axp-dls-docs","https://github.aexp.com/amex-archives/axp-dls-docs",,"1","2","JavaScript","amex-archives","2026-07-09T21:42:19Z","1656575","False"
"axp-dls-react","https://github.aexp.com/amex-archives/axp-dls-react","The Design Language System for American Express. React components for easy and rapid web development.","32","71","JavaScript","amex-archives","2026-07-02T16:44:13Z","157949","False"
"axp-doc-upload-lib","https://github.aexp.com/amex-archives/axp-doc-upload-lib",,"0","0","JavaScript","amex-archives","2026-05-29T09:46:16Z","69743","False"
"axp-doc-verify-root","https://github.aexp.com/amex-archives/axp-doc-verify-root","axp-doc-verify-root repo","0","1","JavaScript","amex-archives","2026-06-17T05:16:32Z","17219","False"
"axp-document-ai-services","https://github.aexp.com/amex-archives/axp-document-ai-services",,"0","0","JavaScript","amex-archives","2026-03-20T06:56:09Z","1109","False"
"axp-document-upload","https://github.aexp.com/amex-archives/axp-document-upload",,"2","0","JavaScript","amex-archives","2026-07-20T22:35:13Z","7110","False"
"axp-downline-load-root","https://github.aexp.com/amex-archives/axp-downline-load-root",,"4","4","JavaScript","amex-archives","2026-07-28T01:29:26Z","742","False"
"axp-downline-load-terminals","https://github.aexp.com/amex-archives/axp-downline-load-terminals",,"4","3","JavaScript","amex-archives","2026-07-28T01:29:05Z","2050","False"
"axp-downline-load-wrapper","https://github.aexp.com/amex-archives/axp-downline-load-wrapper",,"3","3","JavaScript","amex-archives","2026-07-28T01:28:44Z","2184","False"
"axp-email-assist","https://github.aexp.com/amex-archives/axp-email-assist","Drafting UI for Email Assist","0","0","JavaScript","amex-archives","2026-07-28T10:21:48Z","1524","False"
"axp-enrollments-credit-line-increase","https://github.aexp.com/amex-archives/axp-enrollments-credit-line-increase","Proactive Line Increase","0","1","JavaScript","amex-archives","2026-05-13T15:45:15Z","2650","False"
"axp-enrollments-instant-enroll","https://github.aexp.com/amex-archives/axp-enrollments-instant-enroll",,"0","1","JavaScript","amex-archives","2026-05-13T13:39:06Z","3413","False"
"axp-enrollments-journey","https://github.aexp.com/amex-archives/axp-enrollments-journey",,"0","0","JavaScript","amex-archives","2026-05-13T14:02:13Z","4827","False"
"axp-enrollments-rewards","https://github.aexp.com/amex-archives/axp-enrollments-rewards",,"0","2","JavaScript","amex-archives","2026-03-19T18:29:48Z","1245","False"
"axp-enrollments-root","https://github.aexp.com/amex-archives/axp-enrollments-root",,"0","1","Shell","amex-archives","2026-05-13T14:01:50Z","1332","False"
"axp-enterprise-case-communication","https://github.aexp.com/amex-archives/axp-enterprise-case-communication","This module will send communication to users","0","3","JavaScript","amex-archives","2026-07-16T17:01:12Z","6944","False"
"axp-enterprise-case-create","https://github.aexp.com/amex-archives/axp-enterprise-case-create",,"0","1","JavaScript","amex-archives","2026-07-24T07:08:49Z","11853","False"
"axp-enterprise-case-critical-request-details","https://github.aexp.com/amex-archives/axp-enterprise-case-critical-request-details",,"0","2","JavaScript","amex-archives","2026-07-21T14:23:05Z","3911","False"
"axp-enterprise-case-search","https://github.aexp.com/amex-archives/axp-enterprise-case-search",,"0","1","JavaScript","amex-archives","2026-07-24T09:40:10Z","6115","False"
"axp-enterprise-case-view-summary","https://github.aexp.com/amex-archives/axp-enterprise-case-view-summary",,"0","2","JavaScript","amex-archives","2026-07-24T10:31:24Z","11317","False"
"axp-error-message","https://github.aexp.com/amex-archives/axp-error-message",,"1","18","JavaScript","amex-archives","2026-07-08T13:12:57Z","4800","False"
"axp-error-report-watcher","https://github.aexp.com/amex-archives/axp-error-report-watcher",,"0","0","JavaScript","amex-archives","2026-08-01T16:07:26Z","1720","False"
"axp-expense-report-core","https://github.aexp.com/amex-archives/axp-expense-report-core",,"1","0","JavaScript","amex-archives","2026-07-27T15:50:39Z","3553","False"
"axp-express-list","https://github.aexp.com/amex-archives/axp-express-list",,"0","0","JavaScript","amex-archives","2026-05-27T05:25:28Z","2738","False"
"axp-faqs","https://github.aexp.com/amex-archives/axp-faqs",,"1","0","JavaScript","amex-archives","2026-06-03T18:38:04Z","3299","False"
"axp-file-upload","https://github.aexp.com/amex-archives/axp-file-upload",,"0","0","JavaScript","amex-archives","2026-07-27T16:42:30Z","4208","False"
"axp-forum-author","https://github.aexp.com/amex-archives/axp-forum-author",,"0","1","JavaScript","amex-archives","2026-07-22T15:03:51Z","5217","False"
"axp-forum-author-profile-container","https://github.aexp.com/amex-archives/axp-forum-author-profile-container",,"0","1","JavaScript","amex-archives","2026-07-22T15:04:15Z","12215","False"
"axp-forum-banner","https://github.aexp.com/amex-archives/axp-forum-banner",,"0","1","JavaScript","amex-archives","2026-07-29T22:20:41Z","12157","False"
"axp-forum-common","https://github.aexp.com/amex-archives/axp-forum-common",,"0","1","JavaScript","amex-archives","2026-06-24T23:06:00Z","5056","False"
"axp-forum-content-list","https://github.aexp.com/amex-archives/axp-forum-content-list",,"1","1","JavaScript","amex-archives","2026-07-22T15:04:26Z","333217","False"
"axp-forum-curated-page-container","https://github.aexp.com/amex-archives/axp-forum-curated-page-container",,"0","1","JavaScript","amex-archives","2026-07-27T20:13:18Z","39253","False"
"axp-forum-editorial-body","https://github.aexp.com/amex-archives/axp-forum-editorial-body",,"0","1","JavaScript","amex-archives","2026-07-29T18:44:19Z","25903","False"
"axp-forum-editorial-container","https://github.aexp.com/amex-archives/axp-forum-editorial-container",,"0","1","JavaScript","amex-archives","2026-07-22T15:04:56Z","81841","False"
"axp-forum-event-detail-container","https://github.aexp.com/amex-archives/axp-forum-event-detail-container",,"0","0","JavaScript","amex-archives","2026-07-27T20:00:50Z","39271","False"
"axp-forum-homepage-container","https://github.aexp.com/amex-archives/axp-forum-homepage-container",,"0","0","JavaScript","amex-archives","2026-07-29T20:09:16Z","578864","False"
"axp-forum-page-wrapper","https://github.aexp.com/amex-archives/axp-forum-page-wrapper",,"0","0","JavaScript","amex-archives","2026-07-29T18:19:28Z","17363","False"
"axp-forum-root","https://github.aexp.com/amex-archives/axp-forum-root",,"0","1","JavaScript","amex-archives","2026-07-29T17:31:29Z","7615","False"
"axp-forum-search-results-container","https://github.aexp.com/amex-archives/axp-forum-search-results-container",,"0","1","Shell","amex-archives","2026-07-22T15:05:38Z","5285","False"
"axp-forum-social-share-tools","https://github.aexp.com/amex-archives/axp-forum-social-share-tools",,"0","1","JavaScript","amex-archives","2026-07-29T18:28:13Z","3924","False"
"axp-forum-taxonomy-container","https://github.aexp.com/amex-archives/axp-forum-taxonomy-container",,"0","1","JavaScript","amex-archives","2026-07-22T15:06:17Z","87821","False"
"axp-forum-vendor-verification","https://github.aexp.com/amex-archives/axp-forum-vendor-verification",,"0","1","JavaScript","amex-archives","2026-07-22T15:06:10Z","1838","False"
"axp-forum-whitepaper-container","https://github.aexp.com/amex-archives/axp-forum-whitepaper-container",,"0","1","JavaScript","amex-archives","2026-07-22T15:05:57Z","9416","False"
"axp-fraud-downline-process","https://github.aexp.com/amex-archives/axp-fraud-downline-process",,"0","0","JavaScript","amex-archives","2026-03-23T15:22:48Z","868","False"
"axp-freeze-card","https://github.aexp.com/amex-archives/axp-freeze-card",,"0","0","JavaScript","amex-archives","2026-07-29T18:43:38Z","5586","False"
"axp-genai-dashboards","https://github.aexp.com/amex-archives/axp-genai-dashboards","This module will be used to host the various cto genai dashboards","0","0","JavaScript","amex-archives","2026-07-31T21:16:05Z","751","False"
"axp-genai-launchpad-dashboard","https://github.aexp.com/amex-archives/axp-genai-launchpad-dashboard","This module will be used to view the launchpad dashboard by cto users","0","0","JavaScript","amex-archives","2026-07-31T21:01:39Z","327","False"
"axp-global-document-upload","https://github.aexp.com/amex-archives/axp-global-document-upload","Standalone Module which can be used for both Card & Non-Card scenarios for Document-Upload","0","0","JavaScript","amex-archives","2026-07-14T15:32:24Z","803","False"
"axp-global-merchant-bill-payment-about-us","https://github.aexp.com/amex-archives/axp-global-merchant-bill-payment-about-us",,"0","4","JavaScript","amex-archives","2026-07-23T22:18:33Z","4556","False"
"axp-global-merchant-bill-payment-add-card","https://github.aexp.com/amex-archives/axp-global-merchant-bill-payment-add-card",,"0","3","JavaScript","amex-archives","2026-07-21T17:32:23Z","14382","False"
"axp-global-merchant-bill-payment-affiliated-companies","https://github.aexp.com/amex-archives/axp-global-merchant-bill-payment-affiliated-companies",,"0","2","JavaScript","amex-archives","2026-07-23T19:25:05Z","7930","False"
"axp-global-merchant-bill-payment-audit-trail-reports","https://github.aexp.com/amex-archives/axp-global-merchant-bill-payment-audit-trail-reports","Audit Trail Reports","0","3","JavaScript","amex-archives","2026-07-24T20:57:29Z","3617","False"
"axp-global-merchant-bill-payment-business-reports","https://github.aexp.com/amex-archives/axp-global-merchant-bill-payment-business-reports","Business Reports","0","3","JavaScript","amex-archives","2026-07-21T17:33:59Z","2979","False"
"axp-global-merchant-bill-payment-card-info","https://github.aexp.com/amex-archives/axp-global-merchant-bill-payment-card-info",,"0","3","JavaScript","amex-archives","2026-07-21T17:34:50Z","4631","False"
"axp-global-merchant-bill-payment-contact-us","https://github.aexp.com/amex-archives/axp-global-merchant-bill-payment-contact-us",,"0","3","JavaScript","amex-archives","2026-07-21T17:36:58Z","1877","False"
"axp-global-merchant-bill-payment-credentials","https://github.aexp.com/amex-archives/axp-global-merchant-bill-payment-credentials",,"0","1","HTML","amex-archives","2026-07-21T17:37:17Z","5692","False"
"axp-global-merchant-bill-payment-faqs","https://github.aexp.com/amex-archives/axp-global-merchant-bill-payment-faqs",,"0","3","HTML","amex-archives","2026-07-21T17:38:26Z","2296","False"
"axp-global-merchant-bill-payment-header","https://github.aexp.com/amex-archives/axp-global-merchant-bill-payment-header",,"0","4","JavaScript","amex-archives","2026-07-21T17:39:26Z","7395","False"
"axp-global-merchant-bill-payment-history","https://github.aexp.com/amex-archives/axp-global-merchant-bill-payment-history",,"0","3","JavaScript","amex-archives","2026-07-21T17:40:10Z","29806","False"
"axp-global-merchant-bill-payment-identity-check","https://github.aexp.com/amex-archives/axp-global-merchant-bill-payment-identity-check",,"0","2","JavaScript","amex-archives","2026-07-21T17:41:02Z","3513","False"
"axp-global-merchant-bill-payment-logout","https://github.aexp.com/amex-archives/axp-global-merchant-bill-payment-logout",,"0","1","JavaScript","amex-archives","2026-07-21T17:41:48Z","3804","False"
"axp-global-merchant-bill-payment-notifications","https://github.aexp.com/amex-archives/axp-global-merchant-bill-payment-notifications",,"0","3","JavaScript","amex-archives","2026-07-21T17:42:56Z","2906","False"
"axp-global-merchant-bill-payment-one-time-payments","https://github.aexp.com/amex-archives/axp-global-merchant-bill-payment-one-time-payments",,"0","3","HTML","amex-archives","2026-07-27T17:44:31Z","163606","False"
"axp-global-merchant-bill-payment-payees","https://github.aexp.com/amex-archives/axp-global-merchant-bill-payment-payees",,"0","3","JavaScript","amex-archives","2026-07-22T18:38:36Z","18397","False"
"axp-global-merchant-bill-payment-pending-payments","https://github.aexp.com/amex-archives/axp-global-merchant-bill-payment-pending-payments",,"0","3","JavaScript","amex-archives","2026-07-22T18:26:43Z","37457","False"
"axp-global-merchant-bill-payment-personal-info","https://github.aexp.com/amex-archives/axp-global-merchant-bill-payment-personal-info",,"0","2","JavaScript","amex-archives","2026-07-21T17:51:18Z","5390","False"
"axp-global-merchant-bill-payment-preferences","https://github.aexp.com/amex-archives/axp-global-merchant-bill-payment-preferences",,"0","3","JavaScript","amex-archives","2026-07-23T21:46:13Z","2571","False"
"axp-global-merchant-bill-payment-reconciliation","https://github.aexp.com/amex-archives/axp-global-merchant-bill-payment-reconciliation",,"0","3","JavaScript","amex-archives","2026-07-23T21:14:25Z","4716","False"
"axp-global-merchant-bill-payment-registration","https://github.aexp.com/amex-archives/axp-global-merchant-bill-payment-registration",,"0","2","JavaScript","amex-archives","2026-07-24T01:34:03Z","7340","False"
"axp-global-merchant-bill-payment-release-management","https://github.aexp.com/amex-archives/axp-global-merchant-bill-payment-release-management","Module to manage the release versions and feature details","0","2","JavaScript","amex-archives","2026-07-24T20:01:00Z","4934","False"
"axp-global-merchant-bill-payment-root","https://github.aexp.com/amex-archives/axp-global-merchant-bill-payment-root",,"0","1","JavaScript","amex-archives","2026-07-24T22:58:25Z","62120","False"
"axp-global-merchant-bill-payment-searchable-merchants","https://github.aexp.com/amex-archives/axp-global-merchant-bill-payment-searchable-merchants",,"0","3","JavaScript","amex-archives","2026-07-24T22:59:21Z","7284","False"
"axp-global-merchant-bill-payment-terms-conditions","https://github.aexp.com/amex-archives/axp-global-merchant-bill-payment-terms-conditions",,"0","3","JavaScript","amex-archives","2026-07-21T17:58:00Z","1353","False"
"axp-global-merchant-bill-payment-wrapper","https://github.aexp.com/amex-archives/axp-global-merchant-bill-payment-wrapper",,"0","3","JavaScript","amex-archives","2026-07-21T17:58:26Z","2054","False"
"axp-global-merchant-servicing-audit","https://github.aexp.com/amex-archives/axp-global-merchant-servicing-audit","Module for auditing","0","3","JavaScript","amex-archives","2026-07-21T17:59:41Z","2625","False"
"axp-global-merchant-servicing-bin-management","https://github.aexp.com/amex-archives/axp-global-merchant-servicing-bin-management",,"0","2","JavaScript","amex-archives","2026-07-29T18:38:03Z","3136","False"
"axp-global-merchant-servicing-create-notifications","https://github.aexp.com/amex-archives/axp-global-merchant-servicing-create-notifications",,"0","3","JavaScript","amex-archives","2026-07-21T18:01:05Z","5056","False"
"axp-global-merchant-servicing-customer-assistance","https://github.aexp.com/amex-archives/axp-global-merchant-servicing-customer-assistance",,"0","3","JavaScript","amex-archives","2026-07-21T18:01:42Z","2557","False"
"axp-global-merchant-servicing-home","https://github.aexp.com/amex-archives/axp-global-merchant-servicing-home",,"0","3","JavaScript","amex-archives","2026-07-21T18:02:28Z","1508","False"
"axp-global-merchant-servicing-manage-roles","https://github.aexp.com/amex-archives/axp-global-merchant-servicing-manage-roles",,"0","3","JavaScript","amex-archives","2026-07-21T18:04:39Z","4306","False"
"axp-global-merchant-servicing-management","https://github.aexp.com/amex-archives/axp-global-merchant-servicing-management",,"0","3","JavaScript","amex-archives","2026-07-21T18:03:30Z","10951","False"
"axp-global-merchant-servicing-management-companies","https://github.aexp.com/amex-archives/axp-global-merchant-servicing-management-companies","it is to maintain search companies and edit companies","0","2","JavaScript","amex-archives","2026-07-21T18:03:51Z","4969","False"
"axp-global-merchant-servicing-notification-history","https://github.aexp.com/amex-archives/axp-global-merchant-servicing-notification-history",,"0","3","JavaScript","amex-archives","2026-07-21T18:05:46Z","2569","False"
"axp-global-merchant-servicing-onboarding","https://github.aexp.com/amex-archives/axp-global-merchant-servicing-onboarding",,"0","3","JavaScript","amex-archives","2026-07-21T18:06:36Z","9105","False"
"axp-global-merchant-servicing-onboarding-companies","https://github.aexp.com/amex-archives/axp-global-merchant-servicing-onboarding-companies","To find and onboard a new company for servicing by corp role internal user","0","2","JavaScript","amex-archives","2026-07-21T18:07:14Z","3879","False"
"axp-global-merchant-servicing-root","https://github.aexp.com/amex-archives/axp-global-merchant-servicing-root",,"0","4","JavaScript","amex-archives","2026-07-21T18:07:34Z","4532","False"
"axp-global-rewards-gift-cards","https://github.aexp.com/amex-archives/axp-global-rewards-gift-cards",,"3","1","JavaScript","amex-archives","2026-06-18T10:50:04Z","17909","False"
"axp-global-services-ask-amex-targeting-control-panel","https://github.aexp.com/amex-archives/axp-global-services-ask-amex-targeting-control-panel",,"1","0","JavaScript","amex-archives","2026-07-17T13:55:07Z","1266","False"
"axp-gravity-web-authenticate","https://github.aexp.com/amex-archives/axp-gravity-web-authenticate","One app module for webAuthN protocol","1","3","JavaScript","amex-archives","2026-06-18T16:33:53Z","2776","False"
"axp-gustave","https://github.aexp.com/amex-archives/axp-gustave","Child Holocron module for Gustave (TLS Dining Platform)","0","0","JavaScript","amex-archives","2026-07-28T16:13:43Z","58156","False"
"axp-health-audit-root","https://github.aexp.com/amex-archives/axp-health-audit-root",,"0","0","JavaScript","amex-archives","2026-08-27T22:50:43Z","5573","False"
"axp-helpcenter-filters","https://github.aexp.com/amex-archives/axp-helpcenter-filters",,"0","0","JavaScript","amex-archives","2026-07-20T16:24:20Z","1961","False"
"axp-helpcenter-okta","https://github.aexp.com/amex-archives/axp-helpcenter-okta","This repo was a BETA repo to integrate OKTA with One App.  It is deprecated.   Going forward, teams are encouraged integrate with AuthBlue SSO using axp-intranet-identity","0","1","JavaScript","amex-archives","2026-07-01T14:50:33Z","1634","True"
"axp-helpcenter-preference-settings","https://github.aexp.com/amex-archives/axp-helpcenter-preference-settings","This module allows Colleague Helpcenter users to select preferences","0","0","JavaScript","amex-archives","2026-07-30T13:19:56Z","43704","False"
"axp-idea-commercial-insights-analyzer-root","https://github.aexp.com/amex-archives/axp-idea-commercial-insights-analyzer-root","This is the root module for the frontend of the IDEA Commercial Insights Analyzer web application.","1","2","JavaScript","amex-archives","2026-07-29T17:20:25Z","1019","False"
"axp-idea-commercial-insights-analyzer-tableau","https://github.aexp.com/amex-archives/axp-idea-commercial-insights-analyzer-tableau",,"0","1","JavaScript","amex-archives","2026-07-22T16:41:10Z","470","False"
"axp-iform-intranet-dashboard","https://github.aexp.com/amex-archives/axp-iform-intranet-dashboard",,"0","0","JavaScript","amex-archives","2026-07-31T07:44:45Z","2046","False"
"axp-iform-intranet-root","https://github.aexp.com/amex-archives/axp-iform-intranet-root","The root module of iforms self service/intranet portal","0","0","JavaScript","amex-archives","2026-07-26T14:51:15Z","2289","False"
"axp-iform-intranet-self-service","https://github.aexp.com/amex-archives/axp-iform-intranet-self-service","This iformself service front end repository. Its build using AMEX OneApp","0","0","JavaScript","amex-archives","2026-07-24T07:07:21Z","2194","False"
"axp-in-flight-status","https://github.aexp.com/amex-archives/axp-in-flight-status",,"0","0","JavaScript","amex-archives","2026-07-28T21:08:55Z","3412","False"
"axp-income-capture","https://github.aexp.com/amex-archives/axp-income-capture",,"0","0","JavaScript","amex-archives","2026-07-29T18:44:55Z","52467","False"
"axp-income-capture-banner","https://github.aexp.com/amex-archives/axp-income-capture-banner","Income Capture Banner","0","0","JavaScript","amex-archives","2026-05-21T14:06:15Z","2311","False"
"axp-infrastructure-characteristics-add-fee-type","https://github.aexp.com/amex-archives/axp-infrastructure-characteristics-add-fee-type","This one-app module create GMI new fee type.","0","5","JavaScript","amex-archives","2026-08-01T19:21:42Z","2049","False"
"axp-infrastructure-characteristics-add-modify-linkage","https://github.aexp.com/amex-archives/axp-infrastructure-characteristics-add-modify-linkage","This module add and update the linkage in fee type.","0","5","JavaScript","amex-archives","2026-07-30T22:16:47Z","1344","False"
"axp-infrastructure-characteristics-cache-dashboard","https://github.aexp.com/amex-archives/axp-infrastructure-characteristics-cache-dashboard",,"0","1","JavaScript","amex-archives","2026-08-01T19:21:37Z","768","False"
"axp-infrastructure-characteristics-header","https://github.aexp.com/amex-archives/axp-infrastructure-characteristics-header","Heading page module of infrastructure characteristics project under the CAR ID - 600002101","0","5","JavaScript","amex-archives","2026-07-30T22:15:52Z","1740","False"
"axp-infrastructure-characteristics-header-menu","https://github.aexp.com/amex-archives/axp-infrastructure-characteristics-header-menu","Heading menu page module of infrastructure characteristics project under CAR ID - 600002101","0","5","JavaScript","amex-archives","2026-08-01T19:21:41Z","2383","False"
"axp-infrastructure-characteristics-home","https://github.aexp.com/amex-archives/axp-infrastructure-characteristics-home"," Landing page home module infrastructure characteristics project under CAR ID - 600002101","0","5","JavaScript","amex-archives","2026-07-30T22:15:32Z","3003","False"
"axp-infrastructure-characteristics-modify-financial-event","https://github.aexp.com/amex-archives/axp-infrastructure-characteristics-modify-financial-event","This module modify the financial event type of GMI.","0","5","JavaScript","amex-archives","2026-08-01T19:29:30Z","2232","False"
"axp-infrastructure-characteristics-modify-pricing","https://github.aexp.com/amex-archives/axp-infrastructure-characteristics-modify-pricing","This module modify the GMI pricing details.","0","5","JavaScript","amex-archives","2026-08-01T19:29:43Z","1871","False"
"axp-infrastructure-characteristics-root","https://github.aexp.com/amex-archives/axp-infrastructure-characteristics-root","This is root module for infrastructure characteristics project under CAR ID - 600002101","0","6","JavaScript","amex-archives","2026-07-30T22:14:28Z","2597","False"
"axp-infrastructure-characteristics-search-fee","https://github.aexp.com/amex-archives/axp-infrastructure-characteristics-search-fee","GMI Search Fee Type","0","5","JavaScript","amex-archives","2026-08-01T19:28:38Z","2137","False"
"axp-infrastructure-characteristics-settlement-set","https://github.aexp.com/amex-archives/axp-infrastructure-characteristics-settlement-set","GMI Settlement Set","0","5","JavaScript","amex-archives","2026-07-30T22:13:49Z","2098","False"
"axp-infrastructure-characteristics-special-program-code","https://github.aexp.com/amex-archives/axp-infrastructure-characteristics-special-program-code","This module add and update linkage type in GMI","0","2","JavaScript","amex-archives","2026-08-01T19:29:36Z","3696","False"
"axp-infrastructure-characteristics-speed-of-pay","https://github.aexp.com/amex-archives/axp-infrastructure-characteristics-speed-of-pay","GMI Pay Plan","0","5","JavaScript","amex-archives","2026-08-01T19:29:36Z","2937","False"
"axp-infrastructure-characteristics-update-fee-type","https://github.aexp.com/amex-archives/axp-infrastructure-characteristics-update-fee-type","This module update existing fee type in GMI.","0","5","JavaScript","amex-archives","2026-08-01T19:29:45Z","2599","False"
"axp-instant-card-number-wallets","https://github.aexp.com/amex-archives/axp-instant-card-number-wallets","Repository houses Wallets (child) module for the ICN (Instant Card Number) journey.","1","0","JavaScript","amex-archives","2026-05-13T04:43:03Z","4150","False"
"axp-international-shop-market-australia","https://github.aexp.com/amex-archives/axp-international-shop-market-australia",,"0","7","TypeScript","amex-archives","2026-07-16T09:12:43Z","15532","False"
"axp-international-shop-market-canada","https://github.aexp.com/amex-archives/axp-international-shop-market-canada","AIM200005431","0","3","TypeScript","amex-archives","2026-07-22T23:36:30Z","15522","False"
"axp-international-shop-market-japan","https://github.aexp.com/amex-archives/axp-international-shop-market-japan",,"0","8","TypeScript","amex-archives","2026-07-24T09:34:05Z","15924","False"
"axp-international-shop-market-mexico","https://github.aexp.com/amex-archives/axp-international-shop-market-mexico",,"0","3","TypeScript","amex-archives","2026-07-24T05:43:48Z","16114","False"
"axp-international-shop-market-uk","https://github.aexp.com/amex-archives/axp-international-shop-market-uk",,"0","4","TypeScript","amex-archives","2026-07-24T20:23:05Z","15021","False"
"axp-journey-extender","https://github.aexp.com/amex-archives/axp-journey-extender",,"0","0","JavaScript","amex-archives","2026-06-16T06:31:15Z","2623","False"
"axp-layout-mapper","https://github.aexp.com/amex-archives/axp-layout-mapper",,"0","0","JavaScript","amex-archives","2026-08-05T14:29:00Z","1758","False"
"axp-lend-on-card","https://github.aexp.com/amex-archives/axp-lend-on-card",,"0","0","JavaScript","amex-archives","2026-05-12T21:57:29Z","5775","False"
"axp-lending-root","https://github.aexp.com/amex-archives/axp-lending-root",,"0","0","JavaScript","amex-archives","2026-07-20T15:40:58Z","5410","False"
"axp-line-management-common","https://github.aexp.com/amex-archives/axp-line-management-common"," A bunch of common components and utility functions for line-management features.","1","0","JavaScript","amex-archives","2026-06-25T20:05:41Z","3160","False"
"axp-loyalty-iguazu-config","https://github.aexp.com/amex-archives/axp-loyalty-iguazu-config",,"4","6","JavaScript","amex-archives","2026-07-22T20:39:16Z","5709","False"
"axp-loyalty-layout","https://github.aexp.com/amex-archives/axp-loyalty-layout",,"2","0","JavaScript","amex-archives","2026-06-01T20:51:29Z","4187","False"
"axp-loyalty-observability","https://github.aexp.com/amex-archives/axp-loyalty-observability","The one-app module containing the utilities to capture the front end performance and availability","0","0","JavaScript","amex-archives","2026-07-28T18:04:40Z","871","False"
"axp-loyalty-orchestrator","https://github.aexp.com/amex-archives/axp-loyalty-orchestrator",,"5","2","JavaScript","amex-archives","2026-07-21T19:21:51Z","6324","False"
"axp-loyalty-root","https://github.aexp.com/amex-archives/axp-loyalty-root",,"6","1","JavaScript","amex-archives","2026-07-30T20:09:59Z","17139","False"
"axp-loyalty-support","https://github.aexp.com/amex-archives/axp-loyalty-support",,"0","0","JavaScript","amex-archives","2026-07-24T14:47:34Z","4742","False"
"axp-manage-account-users","https://github.aexp.com/amex-archives/axp-manage-account-users",,"0","0","JavaScript","amex-archives","2026-06-25T14:29:11Z","3880","False"
"axp-manage-additional-members","https://github.aexp.com/amex-archives/axp-manage-additional-members",,"1","0","JavaScript","amex-archives","2026-06-03T18:38:28Z","2495","False"
"axp-manage-bookings-hotel-date-change","https://github.aexp.com/amex-archives/axp-manage-bookings-hotel-date-change","Holocron module for Post Booking Self Service application to edit hotel checkin and checkout details.","0","0","JavaScript","amex-archives","2026-07-31T15:21:56Z","69546","False"
"axp-manage-membership-rewards-access","https://github.aexp.com/amex-archives/axp-manage-membership-rewards-access",,"0","0","JavaScript","amex-archives","2026-06-12T14:44:36Z","1707","False"
"axp-manage-payments","https://github.aexp.com/amex-archives/axp-manage-payments",,"1","0","JavaScript","amex-archives","2026-07-29T19:30:32Z","24517","False"
"axp-maps-root","https://github.aexp.com/amex-archives/axp-maps-root",,"0","4","JavaScript","amex-archives","2026-07-14T17:37:39Z","13019","False"
"axp-marketing-audit","https://github.aexp.com/amex-archives/axp-marketing-audit",,"0","0","JavaScript","amex-archives","2026-07-25T05:25:20Z","4781","False"
"axp-marketing-block","https://github.aexp.com/amex-archives/axp-marketing-block",,"1","0","JavaScript","amex-archives","2026-07-25T05:27:10Z","4824","False"
"axp-marketing-block-compare","https://github.aexp.com/amex-archives/axp-marketing-block-compare",,"0","0","JavaScript","amex-archives","2026-07-25T05:27:44Z","4851","False"
"axp-marketing-block-manager","https://github.aexp.com/amex-archives/axp-marketing-block-manager",,"0","1","JavaScript","amex-archives","2026-08-01T17:54:36Z","26036","False"
"axp-marketing-collections","https://github.aexp.com/amex-archives/axp-marketing-collections",,"0","0","JavaScript","amex-archives","2026-07-25T07:22:00Z","3667","False"
"axp-marketing-commons","https://github.aexp.com/amex-archives/axp-marketing-commons",,"0","1","JavaScript","amex-archives","2026-07-08T13:25:22Z","2377","False"
"axp-marketing-content-generator","https://github.aexp.com/amex-archives/axp-marketing-content-generator",,"0","0","JavaScript","amex-archives","2026-08-01T21:52:49Z","13551","False"
"axp-marketing-home","https://github.aexp.com/amex-archives/axp-marketing-home",,"0","0","JavaScript","amex-archives","2026-07-25T07:23:15Z","7635","False"
"axp-marketing-inbox","https://github.aexp.com/amex-archives/axp-marketing-inbox",,"0","0","JavaScript","amex-archives","2026-07-25T10:01:31Z","3707","False"
"axp-marketing-offer","https://github.aexp.com/amex-archives/axp-marketing-offer",,"0","0","JavaScript","amex-archives","2026-06-09T10:01:19Z","9031","False"
"axp-marketing-product","https://github.aexp.com/amex-archives/axp-marketing-product",,"0","0","JavaScript","amex-archives","2026-07-25T07:24:20Z","3930","False"
"axp-marketing-root","https://github.aexp.com/amex-archives/axp-marketing-root",,"0","3","JavaScript","amex-archives","2026-08-01T17:53:51Z","3515","False"
"axp-marketing-technology-generative-ai-root","https://github.aexp.com/amex-archives/axp-marketing-technology-generative-ai-root","Repo for One APP UI of Gen AI POC for Mar Tech.","0","0","JavaScript","amex-archives","2026-03-19T13:02:02Z","2752","False"
"axp-merchant-account-privacy-choice","https://github.aexp.com/amex-archives/axp-merchant-account-privacy-choice","This module handles communication preferences for Account Services","0","0","JavaScript","amex-archives","2026-08-02T02:14:49Z","2953","False"
"axp-merchant-alert","https://github.aexp.com/amex-archives/axp-merchant-alert","This module will display config/control table for the alerts and will be able to add/delete/update alerts.","0","4","JavaScript","amex-archives","2026-08-02T02:12:24Z","4900","False"
"axp-merchant-case-management","https://github.aexp.com/amex-archives/axp-merchant-case-management","This repo is created for DMX Case Management","0","1","JavaScript","amex-archives","2026-08-02T02:30:52Z","2705","False"
"axp-merchant-case-management-dashboard","https://github.aexp.com/amex-archives/axp-merchant-case-management-dashboard",,"0","1","JavaScript","amex-archives","2026-07-15T09:11:40Z","1586","False"
"axp-merchant-change-security-code","https://github.aexp.com/amex-archives/axp-merchant-change-security-code","Change Security Code Module","0","1","JavaScript","amex-archives","2026-07-24T15:23:15Z","20678","False"
"axp-merchant-data-platform-admin","https://github.aexp.com/amex-archives/axp-merchant-data-platform-admin","Admin Module","0","1","JavaScript","amex-archives","2026-07-20T15:48:57Z","2082","False"
"axp-merchant-data-platform-brand","https://github.aexp.com/amex-archives/axp-merchant-data-platform-brand","Allow Brand team to use Midas application for the brand recommendation changes","0","2","JavaScript","amex-archives","2026-07-25T18:55:53Z","3532","False"
"axp-merchant-data-platform-brand-search","https://github.aexp.com/amex-archives/axp-merchant-data-platform-brand-search","Search and allow to download filtered brand on Excel formate","0","0","JavaScript","amex-archives","2026-07-21T21:45:20Z","1918","False"
"axp-merchant-data-platform-dashboard","https://github.aexp.com/amex-archives/axp-merchant-data-platform-dashboard","This repository contains dashboard module for merchant data platform application","0","4","JavaScript","amex-archives","2026-07-25T18:55:46Z","2844","False"
"axp-merchant-data-platform-resy","https://github.aexp.com/amex-archives/axp-merchant-data-platform-resy",,"0","2","JavaScript","amex-archives","2026-07-25T18:55:13Z","2898","False"
"axp-merchant-data-platform-review","https://github.aexp.com/amex-archives/axp-merchant-data-platform-review",,"0","3","JavaScript","amex-archives","2026-07-25T18:53:47Z","3279","False"
"axp-merchant-data-platform-statement-details","https://github.aexp.com/amex-archives/axp-merchant-data-platform-statement-details","Details of merchant statement based on SE search","0","2","JavaScript","amex-archives","2026-07-25T18:58:02Z","1454","False"
"axp-merchant-data-platform-tab-navigator","https://github.aexp.com/amex-archives/axp-merchant-data-platform-tab-navigator","This module will help to create page level tab interface to switch relavant modules","0","3","JavaScript","amex-archives","2026-07-25T18:58:03Z","2034","False"
"axp-merchant-data-platform-users","https://github.aexp.com/amex-archives/axp-merchant-data-platform-users",,"0","3","JavaScript","amex-archives","2026-07-25T18:58:03Z","2541","False"
"axp-merchant-gross-pay","https://github.aexp.com/amex-archives/axp-merchant-gross-pay",,"1","3","JavaScript","amex-archives","2026-08-02T02:14:41Z","3215","False"
"axp-merchant-hydrator","https://github.aexp.com/amex-archives/axp-merchant-hydrator",,"0","1","JavaScript","amex-archives","2026-07-24T15:24:00Z","13541","False"
"axp-merchant-id-scorecard","https://github.aexp.com/amex-archives/axp-merchant-id-scorecard",,"0","0",,"amex-archives","2026-07-20T08:46:41Z","4","False"
"axp-merchant-maps-content-manager-root","https://github.aexp.com/amex-archives/axp-merchant-maps-content-manager-root",,"0","0","JavaScript","amex-archives","2026-03-19T12:59:22Z","4392","False"
"axp-merchant-maps-root","https://github.aexp.com/amex-archives/axp-merchant-maps-root",,"0","0","JavaScript","amex-archives","2026-06-06T18:50:19Z","6782","False"
"axp-merchant-payments-prefetch","https://github.aexp.com/amex-archives/axp-merchant-payments-prefetch","This module is used for prefetching payments data.","0","0","JavaScript","amex-archives","2026-08-02T02:15:37Z","1106","False"
"axp-merchant-payments-ui-automation","https://github.aexp.com/amex-archives/axp-merchant-payments-ui-automation",,"0","0","Java","amex-archives","2026-07-15T09:47:11Z","537046","False"
"axp-merchant-pricing","https://github.aexp.com/amex-archives/axp-merchant-pricing","PBP One App Module","0","2","JavaScript","amex-archives","2026-07-27T08:39:15Z","1810","False"
"axp-merchant-registration","https://github.aexp.com/amex-archives/axp-merchant-registration",,"0","1","JavaScript","amex-archives","2026-08-06T21:43:06Z","12936","False"
"axp-merchant-regulation","https://github.aexp.com/amex-archives/axp-merchant-regulation",,"0","2","JavaScript","amex-archives","2026-07-24T15:23:29Z","14725","False"
"axp-merchant-root","https://github.aexp.com/amex-archives/axp-merchant-root",,"0","1","JavaScript","amex-archives","2026-07-24T22:15:49Z","5177","False"
"axp-merchant-servicing-root","https://github.aexp.com/amex-archives/axp-merchant-servicing-root","This module will be root module for DMX's v5 tenancy (?merchant-servicing.aexp.com).","1","7","JavaScript","amex-archives","2026-07-22T17:09:08Z","3628","False"
"axp-merchant-specifications","https://github.aexp.com/amex-archives/axp-merchant-specifications",,"1","1","JavaScript","amex-archives","2026-07-24T15:25:02Z","11505","False"
"axp-merchant-supplies","https://github.aexp.com/amex-archives/axp-merchant-supplies","POP Store UI","0","1","JavaScript","amex-archives","2026-07-27T18:13:37Z","12271","False"
"axp-merchant-tax-root","https://github.aexp.com/amex-archives/axp-merchant-tax-root",,"1","0","JavaScript","amex-archives","2026-06-06T18:27:54Z","1499","False"
"axp-merchant-tips-and-tax","https://github.aexp.com/amex-archives/axp-merchant-tips-and-tax",,"0","0","TypeScript","amex-archives","2026-08-01T07:27:29Z","3963","False"
"axp-merchant-translations","https://github.aexp.com/amex-archives/axp-merchant-translations","One app module for Merchant Translation Tool","0","1","JavaScript","amex-archives","2026-08-02T02:12:24Z","1861","False"
"axp-merchant-unsubscribe","https://github.aexp.com/amex-archives/axp-merchant-unsubscribe",,"0","2","JavaScript","amex-archives","2026-07-24T15:41:05Z","1777","False"
"axp-merchant-user-access-management","https://github.aexp.com/amex-archives/axp-merchant-user-access-management","User access management","0","3","JavaScript","amex-archives","2026-07-24T15:47:40Z","4791","False"
"axp-merchant-user-account-hub","https://github.aexp.com/amex-archives/axp-merchant-user-account-hub",,"0","2","JavaScript","amex-archives","2026-07-24T15:42:57Z","2812","False"
"axp-merchant-user-list","https://github.aexp.com/amex-archives/axp-merchant-user-list","List of users under SE","0","2","JavaScript","amex-archives","2026-07-24T15:42:00Z","2172","False"
"axp-merchant-user-locations","https://github.aexp.com/amex-archives/axp-merchant-user-locations","Common place to keep locations data","0","3","JavaScript","amex-archives","2026-07-24T15:41:15Z","1352","False"
"axp-merchant-user-profile","https://github.aexp.com/amex-archives/axp-merchant-user-profile","DMX User Profile","0","1","JavaScript","amex-archives","2026-07-24T15:44:02Z","2746","False"
"axp-merchant-user-remediation","https://github.aexp.com/amex-archives/axp-merchant-user-remediation",,"0","2","JavaScript","amex-archives","2026-07-24T15:42:56Z","3188","False"
"axp-merchant-user-security-code","https://github.aexp.com/amex-archives/axp-merchant-user-security-code",,"0","1","JavaScript","amex-archives","2026-07-24T15:41:05Z","2574","False"
"axp-merchant-Want-To-Honor-ui-automation","https://github.aexp.com/amex-archives/axp-merchant-Want-To-Honor-ui-automation",,"0","1","Java","amex-archives","2026-07-17T09:34:10Z","271518","False"
"axp-modern-money-movement-summary","https://github.aexp.com/amex-archives/axp-modern-money-movement-summary","For modern money movement transaction tracking","0","0","JavaScript","amex-archives","2026-05-11T13:25:42Z","2253","False"
"axp-myca-essentials","https://github.aexp.com/amex-archives/axp-myca-essentials",,"1","0","JavaScript","amex-archives","2026-07-28T20:51:33Z","1839","False"
"axp-myca-iguazu-config","https://github.aexp.com/amex-archives/axp-myca-iguazu-config",,"0","0","JavaScript","amex-archives","2026-07-29T18:06:38Z","42306","False"
"axp-myca-root","https://github.aexp.com/amex-archives/axp-myca-root","MYCA Web Tenancy Root","2","3","JavaScript","amex-archives","2026-07-29T19:52:13Z","12936","False"
"axp-myca-route-config","https://github.aexp.com/amex-archives/axp-myca-route-config","Router configuration for Myca modules","0","0","JavaScript","amex-archives","2026-07-29T15:13:35Z","43297","False"
"axp-myca-site-area-nav","https://github.aexp.com/amex-archives/axp-myca-site-area-nav",,"0","0","JavaScript","amex-archives","2026-07-29T17:05:27Z","12467","False"
"axp-nav-drawer","https://github.aexp.com/amex-archives/axp-nav-drawer",,"0","0","Shell","amex-archives","2026-07-17T20:08:15Z","1141","False"
"axp-navigation-root","https://github.aexp.com/amex-archives/axp-navigation-root",,"0","0","JavaScript","amex-archives","2026-07-15T21:05:38Z","5595","False"
"axp-offers","https://github.aexp.com/amex-archives/axp-offers",,"1","0","JavaScript","amex-archives","2026-06-23T09:46:09Z","58781","False"
"axp-offers-common","https://github.aexp.com/amex-archives/axp-offers-common","Repository for common offers components and libs","1","8","JavaScript","amex-archives","2026-08-28T16:46:01Z","14608","False"
"axp-offers-container","https://github.aexp.com/amex-archives/axp-offers-container",,"0","0","JavaScript","amex-archives","2026-07-29T21:04:57Z","875","False"
"axp-offers-hub","https://github.aexp.com/amex-archives/axp-offers-hub","Offers hub module on the /offers route","0","0","JavaScript","amex-archives","2026-07-29T20:43:33Z","2805","False"
"axp-offers-onboarding","https://github.aexp.com/amex-archives/axp-offers-onboarding","Repo for DMS onboarding","0","1","JavaScript","amex-archives","2026-07-31T20:47:36Z","4873","False"
"axp-offers-servicing-root","https://github.aexp.com/amex-archives/axp-offers-servicing-root",,"0","8","JavaScript","amex-archives","2026-06-17T22:47:24Z","645","False"
"axp-offers-utils","https://github.aexp.com/amex-archives/axp-offers-utils","Offers shared components","0","0","JavaScript","amex-archives","2026-06-25T17:50:12Z","689","False"
"axp-onboard-account-activation-container","https://github.aexp.com/amex-archives/axp-onboard-account-activation-container",,"1","3","JavaScript","amex-archives","2026-07-31T21:46:58Z","3528","False"
"axp-onboard-account-card-activation","https://github.aexp.com/amex-archives/axp-onboard-account-card-activation","OCE Renewals and Replacements ","0","0","JavaScript","amex-archives","2026-07-21T20:39:42Z","1601","False"
"axp-onboard-account-registration-remove","https://github.aexp.com/amex-archives/axp-onboard-account-registration-remove",,"1","2","JavaScript","amex-archives","2026-07-31T21:47:38Z","2518","False"
"axp-onboard-account-root","https://github.aexp.com/amex-archives/axp-onboard-account-root",,"1","1","JavaScript","amex-archives","2026-07-31T15:29:42Z","2823","False"
"axp-onboard-account-setup-root","https://github.aexp.com/amex-archives/axp-onboard-account-setup-root","A holocron module serving as the entry point to card and account activation journey in MYCA","0","0","JavaScript","amex-archives","2026-07-23T20:28:09Z","951","False"
"axp-one-click-offers","https://github.aexp.com/amex-archives/axp-one-click-offers",,"0","0","JavaScript","amex-archives","2026-06-04T08:27:32Z","40574","False"
"axp-one-compare-compare-operations","https://github.aexp.com/amex-archives/axp-one-compare-compare-operations","axp-universal-comparator-compare-operations","0","1","JavaScript","amex-archives","2026-07-16T12:42:56Z","1388","False"
"axp-one-compare-header","https://github.aexp.com/amex-archives/axp-one-compare-header","axp-universal-comparator-header","0","0","JavaScript","amex-archives","2026-07-03T15:00:41Z","1496","False"
"axp-one-compare-home","https://github.aexp.com/amex-archives/axp-one-compare-home","axp-universal-comparator-home","0","0","JavaScript","amex-archives","2026-07-01T10:31:10Z","625","False"
"axp-one-compare-json-view","https://github.aexp.com/amex-archives/axp-one-compare-json-view","json viewer","0","0","JavaScript","amex-archives","2026-07-16T12:27:34Z","905","False"
"axp-one-compare-layout-operations","https://github.aexp.com/amex-archives/axp-one-compare-layout-operations","axp-universal-comparator-layout-operations","0","1","JavaScript","amex-archives","2026-07-16T12:25:39Z","1518","False"
"axp-one-compare-onboard-operations","https://github.aexp.com/amex-archives/axp-one-compare-onboard-operations","axp-universal-comparator-onboard-operations","0","1","JavaScript","amex-archives","2026-07-03T15:19:40Z","844","False"
"axp-one-compare-root-framework","https://github.aexp.com/amex-archives/axp-one-compare-root-framework","Root module","0","2","JavaScript","amex-archives","2026-07-17T12:57:36Z","1918","False"
"axp-one-compare-run-operations","https://github.aexp.com/amex-archives/axp-one-compare-run-operations","axp-universal-comparator-run-operations","0","0","JavaScript","amex-archives","2026-07-16T07:47:02Z","1512","False"
"axp-one-compare-tree-view","https://github.aexp.com/amex-archives/axp-one-compare-tree-view","axp-universal-comparator-tree-view","0","1","JavaScript","amex-archives","2026-07-03T15:56:53Z","1191","False"
"axp-one-insight-amex-way","https://github.aexp.com/amex-archives/axp-one-insight-amex-way",,"1","0","JavaScript","amex-archives","2026-07-14T08:07:45Z","3524","False"
"axp-one-insight-availability","https://github.aexp.com/amex-archives/axp-one-insight-availability",,"1","1","JavaScript","amex-archives","2026-07-14T07:56:23Z","6841","False"
"axp-one-insight-dashboard","https://github.aexp.com/amex-archives/axp-one-insight-dashboard",,"1","0","JavaScript","amex-archives","2026-07-14T07:56:23Z","4076","False"
"axp-one-insight-delivery-efficiency","https://github.aexp.com/amex-archives/axp-one-insight-delivery-efficiency",,"1","0","JavaScript","amex-archives","2026-07-14T08:07:45Z","5363","False"
"axp-one-insight-epic-delivery-dashboard","https://github.aexp.com/amex-archives/axp-one-insight-epic-delivery-dashboard","This module will contain the stp dashboard","0","0","JavaScript","amex-archives","2026-07-03T08:08:45Z","456","False"
"axp-one-insight-financial-dashboard","https://github.aexp.com/amex-archives/axp-one-insight-financial-dashboard",,"0","0","JavaScript","amex-archives","2026-07-14T08:07:45Z","1627","False"
"axp-one-insight-management","https://github.aexp.com/amex-archives/axp-one-insight-management",,"0","0","JavaScript","amex-archives","2026-07-28T06:53:02Z","4060","False"
"axp-one-insight-path-to-production","https://github.aexp.com/amex-archives/axp-one-insight-path-to-production",,"1","0","JavaScript","amex-archives","2026-07-14T08:07:45Z","4531","False"
"axp-one-insight-program-delivery","https://github.aexp.com/amex-archives/axp-one-insight-program-delivery",,"1","0","JavaScript","amex-archives","2026-07-14T08:07:45Z","4800","False"
"axp-one-insight-root","https://github.aexp.com/amex-archives/axp-one-insight-root",,"1","1","JavaScript","amex-archives","2026-07-14T07:56:23Z","2012","False"
"axp-one-maps-base","https://github.aexp.com/amex-archives/axp-one-maps-base",,"0","1","JavaScript","amex-archives","2026-07-14T18:31:48Z","13362","False"
"axp-one-seo","https://github.aexp.com/amex-archives/axp-one-seo",,"2","0","TypeScript","amex-archives","2026-07-28T21:51:33Z","8290","False"
"axp-one-wizard","https://github.aexp.com/amex-archives/axp-one-wizard",,"0","3","JavaScript","amex-archives","2026-07-16T19:50:19Z","39317","False"
"axp-overview-accounts","https://github.aexp.com/amex-archives/axp-overview-accounts",,"0","0","JavaScript","amex-archives","2026-07-29T17:41:49Z","572985","False"
"axp-overview-actions","https://github.aexp.com/amex-archives/axp-overview-actions","overview actions","0","1","TypeScript","amex-archives","2026-07-21T17:02:51Z","11168","False"
"axp-overview-fico-score","https://github.aexp.com/amex-archives/axp-overview-fico-score","Credit Guide Insights on Overview","0","0","JavaScript","amex-archives","2026-06-16T19:25:55Z","16081","False"
"axp-overview-insights-container","https://github.aexp.com/amex-archives/axp-overview-insights-container",,"0","0","JavaScript","amex-archives","2026-06-17T08:11:32Z","97511","False"
"axp-overview-member-offers","https://github.aexp.com/amex-archives/axp-overview-member-offers","Personalised revenue driving placements","0","0","JavaScript","amex-archives","2026-07-17T19:57:22Z","6730","False"
"axp-overview-offers","https://github.aexp.com/amex-archives/axp-overview-offers",,"0","0","JavaScript","amex-archives","2026-07-17T20:03:19Z","5793","False"
"axp-overview-savings-interest","https://github.aexp.com/amex-archives/axp-overview-savings-interest",,"0","0","JavaScript","amex-archives","2026-06-17T14:38:38Z","17622","False"
"axp-overview-spend-by-cardmember","https://github.aexp.com/amex-archives/axp-overview-spend-by-cardmember",,"0","0","JavaScript","amex-archives","2026-06-22T07:50:49Z","14256","False"
"axp-overview-spend-over-time","https://github.aexp.com/amex-archives/axp-overview-spend-over-time",,"0","0","JavaScript","amex-archives","2026-06-23T10:27:46Z","24221","False"
"axp-overview-upcoming-trips","https://github.aexp.com/amex-archives/axp-overview-upcoming-trips",,"0","0","TypeScript","amex-archives","2026-07-21T15:25:43Z","86177","False"
"axp-overview-whats-new","https://github.aexp.com/amex-archives/axp-overview-whats-new",,"0","0","Shell","amex-archives","2026-07-20T14:02:39Z","1782","False"
"axp-page-wrapper","https://github.aexp.com/amex-archives/axp-page-wrapper","Holocron module for providing header and footer navigation around page content.","2","13","JavaScript","amex-archives","2026-06-10T07:23:40Z","4390","False"
"axp-paperless","https://github.aexp.com/amex-archives/axp-paperless",,"0","0","JavaScript","amex-archives","2026-06-18T07:43:04Z","5134","False"
"axp-paperless-settings","https://github.aexp.com/amex-archives/axp-paperless-settings",,"0","0","JavaScript","amex-archives","2026-07-21T19:06:24Z","6051","False"
"axp-partners","https://github.aexp.com/amex-archives/axp-partners",,"0","0","JavaScript","amex-archives","2026-07-21T18:36:36Z","25897","False"
"axp-peer-payments-pay-any-bank-verification","https://github.aexp.com/amex-archives/axp-peer-payments-pay-any-bank-verification",,"0","1","JavaScript","amex-archives","2026-07-31T18:31:16Z","4671","False"
"axp-privacy-admin-portal-onboarding","https://github.aexp.com/amex-archives/axp-privacy-admin-portal-onboarding",,"0","0","JavaScript","amex-archives","2026-03-23T09:41:48Z","1643","False"
"axp-privacy-preferences-banking","https://github.aexp.com/amex-archives/axp-privacy-preferences-banking",,"1","0","JavaScript","amex-archives","2026-06-16T08:31:05Z","6617","False"
"axp-product-core","https://github.aexp.com/amex-archives/axp-product-core","A library for shared AMEX product functions.","0","0","JavaScript","amex-archives","2026-08-07T18:28:14Z","1281","False"
"axp-qalibrate-alert-escalation","https://github.aexp.com/amex-archives/axp-qalibrate-alert-escalation",,"0","0","JavaScript","amex-archives","2026-07-31T10:50:01Z","648","False"
"axp-qalibrate-alert-escalation-configure","https://github.aexp.com/amex-archives/axp-qalibrate-alert-escalation-configure",,"0","0","JavaScript","amex-archives","2026-07-23T04:51:25Z","1761","False"
"axp-qalibrate-alert-management","https://github.aexp.com/amex-archives/axp-qalibrate-alert-management",,"0","0","JavaScript","amex-archives","2026-07-28T10:02:30Z","2287","False"
"axp-qalibrate-alerts-container","https://github.aexp.com/amex-archives/axp-qalibrate-alerts-container",,"0","0","JavaScript","amex-archives","2026-07-02T07:04:33Z","1158","False"
"axp-qalibrate-audit-log","https://github.aexp.com/amex-archives/axp-qalibrate-audit-log",,"0","0","JavaScript","amex-archives","2026-07-02T06:59:26Z","930","False"
"axp-qalibrate-auto-conversion","https://github.aexp.com/amex-archives/axp-qalibrate-auto-conversion",,"0","0","JavaScript","amex-archives","2026-07-02T07:34:10Z","665","False"
"axp-qalibrate-bulk-module","https://github.aexp.com/amex-archives/axp-qalibrate-bulk-module",,"0","0","JavaScript","amex-archives","2026-07-02T06:50:38Z","683","False"
"axp-qalibrate-business-unit-update","https://github.aexp.com/amex-archives/axp-qalibrate-business-unit-update",,"0","0","JavaScript","amex-archives","2026-07-02T06:32:16Z","876","False"
"axp-qalibrate-configure","https://github.aexp.com/amex-archives/axp-qalibrate-configure",,"0","0","JavaScript","amex-archives","2026-07-02T07:09:47Z","1117","False"
"axp-qalibrate-create-rule","https://github.aexp.com/amex-archives/axp-qalibrate-create-rule",,"0","0","JavaScript","amex-archives","2026-07-28T07:31:10Z","3703","False"
"axp-qalibrate-dashboard","https://github.aexp.com/amex-archives/axp-qalibrate-dashboard","axp-qalibrate-dashboard","0","0","JavaScript","amex-archives","2026-07-09T05:00:29Z","3101","False"
"axp-qalibrate-data-sets","https://github.aexp.com/amex-archives/axp-qalibrate-data-sets","axp-qalibrate-data-sets","0","0","JavaScript","amex-archives","2026-07-06T06:03:08Z","1663","False"
"axp-qalibrate-delta-detection","https://github.aexp.com/amex-archives/axp-qalibrate-delta-detection","axp-qalibrate-delta-detection","0","0","JavaScript","amex-archives","2026-07-02T06:56:39Z","1179","False"
"axp-qalibrate-exposure-amount","https://github.aexp.com/amex-archives/axp-qalibrate-exposure-amount",,"0","0","JavaScript","amex-archives","2026-07-02T07:43:54Z","594","False"
"axp-qalibrate-footer","https://github.aexp.com/amex-archives/axp-qalibrate-footer","axp-qalibrate-footer","0","0","JavaScript","amex-archives","2026-07-02T06:44:55Z","1255","False"
"axp-qalibrate-header","https://github.aexp.com/amex-archives/axp-qalibrate-header",,"0","0","JavaScript","amex-archives","2026-07-02T06:43:00Z","1196","False"
"axp-qalibrate-home","https://github.aexp.com/amex-archives/axp-qalibrate-home",,"0","1","JavaScript","amex-archives","2026-07-02T06:48:48Z","3702","False"
"axp-qalibrate-initialize-table","https://github.aexp.com/amex-archives/axp-qalibrate-initialize-table","axp-qalibrate-initialise-table","0","0","JavaScript","amex-archives","2026-07-02T06:55:44Z","1233","False"
"axp-qalibrate-knowledge-centre","https://github.aexp.com/amex-archives/axp-qalibrate-knowledge-centre",,"0","0","JavaScript","amex-archives","2026-07-02T06:46:41Z","12155","False"
"axp-qalibrate-last-run-details","https://github.aexp.com/amex-archives/axp-qalibrate-last-run-details","axp-qalibrate-last-run-details","0","0","JavaScript","amex-archives","2026-07-02T07:11:29Z","1117","False"
"axp-qalibrate-output","https://github.aexp.com/amex-archives/axp-qalibrate-output","axp-qalibrate-output","0","0","JavaScript","amex-archives","2026-07-31T10:42:37Z","2170","False"
"axp-qalibrate-root","https://github.aexp.com/amex-archives/axp-qalibrate-root",,"0","2","JavaScript","amex-archives","2026-07-14T06:42:52Z","1820","False"
"axp-qalibrate-rule-configuration","https://github.aexp.com/amex-archives/axp-qalibrate-rule-configuration","axp-qalibrate-rule-configuration","0","0","JavaScript","amex-archives","2026-07-31T10:35:09Z","1300","False"
"axp-qalibrate-rule-migration","https://github.aexp.com/amex-archives/axp-qalibrate-rule-migration","axp-qalibrate-rule-migration","0","0","JavaScript","amex-archives","2026-07-02T07:17:00Z","1963","False"
"axp-qalibrate-run-detective","https://github.aexp.com/amex-archives/axp-qalibrate-run-detective",,"0","0","JavaScript","amex-archives","2026-07-02T07:21:02Z","442","False"
"axp-qalibrate-run-simulation","https://github.aexp.com/amex-archives/axp-qalibrate-run-simulation",,"0","0","JavaScript","amex-archives","2026-07-02T07:13:08Z","939","False"
"axp-qalibrate-segmentation","https://github.aexp.com/amex-archives/axp-qalibrate-segmentation","axp-qalibrate-segmentation","0","0","JavaScript","amex-archives","2026-07-02T07:38:24Z","916","False"
"axp-qalibrate-simulation-status","https://github.aexp.com/amex-archives/axp-qalibrate-simulation-status",,"0","0","JavaScript","amex-archives","2026-07-02T11:27:15Z","1181","False"
"axp-qalibrate-spike-alert-subscription","https://github.aexp.com/amex-archives/axp-qalibrate-spike-alert-subscription",,"0","0","JavaScript","amex-archives","2026-07-29T09:16:20Z","925","False"
"axp-qalibrate-spike-audit-log","https://github.aexp.com/amex-archives/axp-qalibrate-spike-audit-log",,"0","0","JavaScript","amex-archives","2026-07-27T08:24:03Z","399","False"
"axp-qalibrate-spike-configuration","https://github.aexp.com/amex-archives/axp-qalibrate-spike-configuration",,"0","0","JavaScript","amex-archives","2026-07-31T10:51:30Z","3523","False"
"axp-qalibrate-spike-data-sets","https://github.aexp.com/amex-archives/axp-qalibrate-spike-data-sets",,"0","0","JavaScript","amex-archives","2026-07-30T05:56:36Z","3085","False"
"axp-qalibrate-spike-monitor","https://github.aexp.com/amex-archives/axp-qalibrate-spike-monitor",,"0","0","JavaScript","amex-archives","2026-07-30T17:21:49Z","3775","False"
"axp-qalibrate-spike-segmentation","https://github.aexp.com/amex-archives/axp-qalibrate-spike-segmentation",,"0","0","JavaScript","amex-archives","2026-07-31T06:36:09Z","2797","False"
"axp-qalibrate-spike-sunburst","https://github.aexp.com/amex-archives/axp-qalibrate-spike-sunburst","axp-qalibrate-spike-sunburst","0","0","JavaScript","amex-archives","2026-07-31T10:14:31Z","1594","False"
"axp-qalibrate-spike-table-action","https://github.aexp.com/amex-archives/axp-qalibrate-spike-table-action",,"0","0","JavaScript","amex-archives","2026-07-31T14:10:42Z","2064","False"
"axp-qalibrate-subscription","https://github.aexp.com/amex-archives/axp-qalibrate-subscription",,"0","0","JavaScript","amex-archives","2026-07-02T06:47:18Z","1396","False"
"axp-qalibrate-table-approval","https://github.aexp.com/amex-archives/axp-qalibrate-table-approval",,"0","0","JavaScript","amex-archives","2026-07-22T09:52:28Z","879","False"
"axp-qalibrate-table-container","https://github.aexp.com/amex-archives/axp-qalibrate-table-container","axp-qalibrate-table-container","0","0","JavaScript","amex-archives","2026-07-31T04:50:40Z","1951","False"
"axp-qalibrate-table-release","https://github.aexp.com/amex-archives/axp-qalibrate-table-release",,"0","0","JavaScript","amex-archives","2026-07-22T08:39:39Z","1017","False"
"axp-qalibrate-update-rule","https://github.aexp.com/amex-archives/axp-qalibrate-update-rule",,"0","0","JavaScript","amex-archives","2026-07-02T07:33:03Z","2329","False"
"axp-quality-engineering-epic-questionnaire-management","https://github.aexp.com/amex-archives/axp-quality-engineering-epic-questionnaire-management","Functions as a question bank for teams and products. Allows them to create, edit, delete questions.","0","0","JavaScript","amex-archives","2026-06-16T15:02:18Z","101244","False"
"axp-quality-engineering-management","https://github.aexp.com/amex-archives/axp-quality-engineering-management",,"1","2","JavaScript","amex-archives","2026-06-20T03:29:44Z","3288","False"
"axp-quality-engineering-root","https://github.aexp.com/amex-archives/axp-quality-engineering-root",,"1","0","JavaScript","amex-archives","2026-06-29T20:13:55Z","138356","False"
"axp-recurring-bill","https://github.aexp.com/amex-archives/axp-recurring-bill",,"0","0","JavaScript","amex-archives","2026-07-22T10:54:41Z","25080","False"
"axp-refer-centurion","https://github.aexp.com/amex-archives/axp-refer-centurion","referral module for centurion","0","0","JavaScript","amex-archives","2026-02-23T13:08:40Z","807","False"
"axp-refer-entry","https://github.aexp.com/amex-archives/axp-refer-entry",,"0","0","JavaScript","amex-archives","2026-05-28T13:58:52Z","1890","False"
"axp-refer-lead-capture","https://github.aexp.com/amex-archives/axp-refer-lead-capture",,"0","1","JavaScript","amex-archives","2026-05-12T06:54:38Z","4617","False"
"axp-revenue-generation-marketing-components","https://github.aexp.com/amex-archives/axp-revenue-generation-marketing-components",,"0","0","TypeScript","amex-archives","2026-07-30T03:33:14Z","1367","False"
"axp-rewards-amount-based-credit","https://github.aexp.com/amex-archives/axp-rewards-amount-based-credit",,"0","0","JavaScript","amex-archives","2026-07-29T23:11:30Z","139896","False"
"axp-rewards-gift-cards-cart","https://github.aexp.com/amex-archives/axp-rewards-gift-cards-cart","Holocron module for Gift Cards Cart Experience.","1","0","TypeScript","amex-archives","2026-05-13T14:11:37Z","5154","False"
"axp-rewards-gift-cards-cart-container","https://github.aexp.com/amex-archives/axp-rewards-gift-cards-cart-container",,"2","0","JavaScript","amex-archives","2026-04-29T05:37:36Z","10697","False"
"axp-rewards-gift-cards-cart-legacy","https://github.aexp.com/amex-archives/axp-rewards-gift-cards-cart-legacy",,"1","0","JavaScript","amex-archives","2026-07-24T19:56:50Z","13737","False"
"axp-rewards-gift-cards-container","https://github.aexp.com/amex-archives/axp-rewards-gift-cards-container","Gift Cards Experience Container","3","0","JavaScript","amex-archives","2026-07-29T23:16:31Z","3079","False"
"axp-rewards-gift-cards-hub","https://github.aexp.com/amex-archives/axp-rewards-gift-cards-hub",,"1","0","JavaScript","amex-archives","2026-07-29T23:18:59Z","5073","False"
"axp-rewards-invest-with-rewards","https://github.aexp.com/amex-archives/axp-rewards-invest-with-rewards",,"0","0","JavaScript","amex-archives","2026-06-23T15:50:27Z","2129","False"
"axp-rewards-loyalty-credit","https://github.aexp.com/amex-archives/axp-rewards-loyalty-credit",,"0","0","JavaScript","amex-archives","2026-06-22T14:58:05Z","11501","False"
"axp-rewards-order-history","https://github.aexp.com/amex-archives/axp-rewards-order-history",,"1","0","JavaScript","amex-archives","2026-07-29T23:23:30Z","2021","False"
"axp-rewards-points-transfer","https://github.aexp.com/amex-archives/axp-rewards-points-transfer",,"3","3","JavaScript","amex-archives","2026-07-24T16:28:35Z","16534","False"
"axp-rewards-points-transfer-container","https://github.aexp.com/amex-archives/axp-rewards-points-transfer-container",,"1","1","Shell","amex-archives","2026-06-09T19:57:00Z","4577","False"
"axp-rewards-redemptions-calculator","https://github.aexp.com/amex-archives/axp-rewards-redemptions-calculator",,"0","0","JavaScript","amex-archives","2026-04-24T06:37:49Z","3289","False"
"axp-rewards-redemptions-table","https://github.aexp.com/amex-archives/axp-rewards-redemptions-table",,"0","5","JavaScript","amex-archives","2026-07-17T17:03:23Z","6711","False"
"axp-rewards-select-and-redeem","https://github.aexp.com/amex-archives/axp-rewards-select-and-redeem",,"1","9","JavaScript","amex-archives","2026-07-29T23:40:02Z","19327","False"
"axp-rewards-value-calculator-root","https://github.aexp.com/amex-archives/axp-rewards-value-calculator-root",,"0","0","JavaScript","amex-archives","2026-06-06T05:21:15Z","1625","False"
"axp-roster-hub-dashboard","https://github.aexp.com/amex-archives/axp-roster-hub-dashboard","UI for iGEMS - Incentive & Growth Enterprise Management System","0","0","JavaScript","amex-archives","2026-03-18T08:31:07Z","5294","False"
"axp-schema-factory-container","https://github.aexp.com/amex-archives/axp-schema-factory-container",,"1","1","JavaScript","amex-archives","2026-07-12T12:14:22Z","2458","False"
"axp-schema-factory-dashboard","https://github.aexp.com/amex-archives/axp-schema-factory-dashboard",,"0","1","JavaScript","amex-archives","2026-07-19T12:13:00Z","1945","False"
"axp-schema-factory-fragment-management","https://github.aexp.com/amex-archives/axp-schema-factory-fragment-management",,"1","29","JavaScript","amex-archives","2026-08-01T16:50:39Z","1207","False"
"axp-schema-factory-fragment-register","https://github.aexp.com/amex-archives/axp-schema-factory-fragment-register",,"0","1","JavaScript","amex-archives","2026-07-12T12:15:31Z","3648","False"
"axp-schema-factory-fragments","https://github.aexp.com/amex-archives/axp-schema-factory-fragments","Schema Factory Fragments Module","1","1","JavaScript","amex-archives","2026-06-21T12:22:06Z","5341","False"
"axp-schema-factory-home","https://github.aexp.com/amex-archives/axp-schema-factory-home",,"0","1","JavaScript","amex-archives","2026-07-12T12:17:01Z","8613","False"
"axp-schema-factory-root","https://github.aexp.com/amex-archives/axp-schema-factory-root",,"1","1","JavaScript","amex-archives","2026-08-01T16:47:31Z","4925","False"
"axp-schema-factory-schemas","https://github.aexp.com/amex-archives/axp-schema-factory-schemas",,"0","1","JavaScript","amex-archives","2026-06-21T12:17:19Z","3692","False"
"axp-secure-file-express-portal","https://github.aexp.com/amex-archives/axp-secure-file-express-portal","secure file transfer File Express portal one app root module","0","1","JavaScript","amex-archives","2026-07-31T19:29:48Z","7116","False"
"axp-secure-file-express-root","https://github.aexp.com/amex-archives/axp-secure-file-express-root","secure file transfer File Express portal one app root module","0","0","JavaScript","amex-archives","2026-07-31T19:29:45Z","7684","False"
"axp-secure-file-transfer-home","https://github.aexp.com/amex-archives/axp-secure-file-transfer-home","home one app module of secure file transfer ","1","3","JavaScript","amex-archives","2026-07-23T15:42:39Z","7064","False"
"axp-secure-file-transfer-root","https://github.aexp.com/amex-archives/axp-secure-file-transfer-root","Root module of secure file transfer app home ","3","5","JavaScript","amex-archives","2026-07-20T16:25:10Z","11903","False"
"axp-secure-messages","https://github.aexp.com/amex-archives/axp-secure-messages",,"0","0","JavaScript","amex-archives","2026-07-29T21:12:59Z","2362","False"
"axp-security-and-privacy-center","https://github.aexp.com/amex-archives/axp-security-and-privacy-center",,"1","0","JavaScript","amex-archives","2026-07-20T23:23:56Z","1464","False"
"axp-servicing-a-b-test-root","https://github.aexp.com/amex-archives/axp-servicing-a-b-test-root","Service Intelligence A/B Testing dashboard","0","0","JavaScript","amex-archives","2026-08-01T21:44:25Z","3485","False"
"axp-servicing-banking-transactions","https://github.aexp.com/amex-archives/axp-servicing-banking-transactions","Banking transactions dispute","1","3","JavaScript","amex-archives","2026-08-06T04:08:23Z","12231","False"
"axp-servicing-beneficial-owners","https://github.aexp.com/amex-archives/axp-servicing-beneficial-owners","View beneficial owners for banking account","1","5","JavaScript","amex-archives","2026-07-22T10:28:14Z","4390","False"
"axp-servicing-case-claim-question-answer-details","https://github.aexp.com/amex-archives/axp-servicing-case-claim-question-answer-details",,"0","0","JavaScript","amex-archives","2026-07-24T16:45:18Z","915","False"
"axp-servicing-case-details","https://github.aexp.com/amex-archives/axp-servicing-case-details","Case details expanded card with view and actions","0","2","JavaScript","amex-archives","2026-07-23T20:56:08Z","3160","False"
"axp-servicing-case-setup","https://github.aexp.com/amex-archives/axp-servicing-case-setup","Case setup parent module for Banking in BSP(POD) and ISP(POA). Case Management journey.","0","0","JavaScript","amex-archives","2026-08-10T17:39:11Z","5739","False"
"axp-servicing-case-view-manage","https://github.aexp.com/amex-archives/axp-servicing-case-view-manage","One App module which will be the landing page for view and manage dispute and fraud cases for given customer account. ","1","0","JavaScript","amex-archives","2026-07-01T16:21:45Z","58797","False"
"axp-servicing-collections-bulk-maintenance","https://github.aexp.com/amex-archives/axp-servicing-collections-bulk-maintenance","Oak","0","1","JavaScript","amex-archives","2026-03-20T04:01:42Z","607","False"
"axp-servicing-contact-history","https://github.aexp.com/amex-archives/axp-servicing-contact-history","Contact History module displays the records of the user?s interaction with various channels in American Express for all linked accounts and the corresponding cards.","0","12","JavaScript","amex-archives","2026-07-25T06:18:15Z","3451","False"
"axp-servicing-contact-update","https://github.aexp.com/amex-archives/axp-servicing-contact-update","One ID profile update operation for email and phone number","1","5","JavaScript","amex-archives","2026-06-05T19:44:08Z","5917","False"
"axp-servicing-credit-customer-support-alerts","https://github.aexp.com/amex-archives/axp-servicing-credit-customer-support-alerts","shows customer support alerts","0","0","JavaScript","amex-archives","2022-05-04T21:16:29Z","243","False"
"axp-servicing-credit-journey-launcher","https://github.aexp.com/amex-archives/axp-servicing-credit-journey-launcher","Journey Launcher for Credit.","0","0","JavaScript","amex-archives","2026-03-20T03:30:57Z","49","False"
"axp-servicing-cross-border-customer-information","https://github.aexp.com/amex-archives/axp-servicing-cross-border-customer-information","Cross Border Customer Information Module for Servicing ","0","2","JavaScript","amex-archives","2026-03-20T05:04:10Z","7447","False"
"axp-servicing-dashboard-offer-metrics","https://github.aexp.com/amex-archives/axp-servicing-dashboard-offer-metrics","Dashboard provides real time insights to different steps in the fulfillment process and a multi level representation to different key fulfillment metrics ","2","0","JavaScript","amex-archives","2026-07-22T20:47:22Z","1185","False"
"axp-servicing-data-dictionary","https://github.aexp.com/amex-archives/axp-servicing-data-dictionary",,"0","3","JavaScript","amex-archives","2026-06-08T19:30:34Z","768","False"
"axp-servicing-digital-wallets","https://github.aexp.com/amex-archives/axp-servicing-digital-wallets",,"1","5","JavaScript","amex-archives","2026-03-20T05:05:10Z","2964","False"
"axp-servicing-dispute-notes","https://github.aexp.com/amex-archives/axp-servicing-dispute-notes",,"0","3","JavaScript","amex-archives","2026-07-23T20:07:08Z","3772","False"
"axp-servicing-dispute-root","https://github.aexp.com/amex-archives/axp-servicing-dispute-root",,"1","0","JavaScript","amex-archives","2026-06-06T07:02:21Z","2121","False"
"axp-servicing-fraud-claims-setup","https://github.aexp.com/amex-archives/axp-servicing-fraud-claims-setup",,"0","0","JavaScript","amex-archives","2026-04-01T13:33:42Z","1798","False"
"axp-servicing-future-usage","https://github.aexp.com/amex-archives/axp-servicing-future-usage","Future usage module allows users to check if they can use their card for a transaction","0","7","JavaScript","amex-archives","2026-03-20T16:02:08Z","98339","False"
"axp-servicing-global-wrapper","https://github.aexp.com/amex-archives/axp-servicing-global-wrapper",,"1","1","JavaScript","amex-archives","2026-03-27T05:49:03Z","933","False"
"axp-servicing-identity-linkages","https://github.aexp.com/amex-archives/axp-servicing-identity-linkages","This module will display all of the linkages for given identity.","0","3","JavaScript","amex-archives","2026-03-20T05:07:12Z","1786","False"
"axp-servicing-image-processing","https://github.aexp.com/amex-archives/axp-servicing-image-processing","repository to hold image processing across servicing network.","0","1","JavaScript","amex-archives","2026-03-25T18:54:02Z","1415","False"
"axp-servicing-legacy-history","https://github.aexp.com/amex-archives/axp-servicing-legacy-history","Legacy Market History","0","1","JavaScript","amex-archives","2026-03-19T18:44:57Z","617","False"
"axp-servicing-limits-for-additional","https://github.aexp.com/amex-archives/axp-servicing-limits-for-additional",,"0","2","JavaScript","amex-archives","2026-04-01T10:38:04Z","2628","False"
"axp-servicing-manage-customer-information","https://github.aexp.com/amex-archives/axp-servicing-manage-customer-information",,"1","1","JavaScript","amex-archives","2026-03-19T18:45:44Z","2938","False"
"axp-servicing-manage-online-access","https://github.aexp.com/amex-archives/axp-servicing-manage-online-access","This module will provide functionality to reset password/transfer id/enable disable online id.","1","6","JavaScript","amex-archives","2026-07-23T00:22:36Z","6530","False"
"axp-servicing-merchant-acceleration","https://github.aexp.com/amex-archives/axp-servicing-merchant-acceleration",,"0","2","JavaScript","amex-archives","2026-07-25T19:00:21Z","2214","False"
"axp-servicing-merchant-access-portal","https://github.aexp.com/amex-archives/axp-servicing-merchant-access-portal",,"0","2","JavaScript","amex-archives","2026-07-25T19:00:05Z","3519","False"
"axp-servicing-merchant-account-setup","https://github.aexp.com/amex-archives/axp-servicing-merchant-account-setup","This Repo will have the merchant account setup code","0","2","JavaScript","amex-archives","2026-07-25T18:59:09Z","7970","False"
"axp-servicing-merchant-advanced-search","https://github.aexp.com/amex-archives/axp-servicing-merchant-advanced-search",,"0","2","JavaScript","amex-archives","2026-07-25T19:00:13Z","8985","False"
"axp-servicing-merchant-approvals","https://github.aexp.com/amex-archives/axp-servicing-merchant-approvals","This is a centralized screen for all approval modules.","0","2","JavaScript","amex-archives","2026-07-25T19:00:12Z","4213","False"
"axp-servicing-merchant-audit-details","https://github.aexp.com/amex-archives/axp-servicing-merchant-audit-details",,"0","5","JavaScript","amex-archives","2026-07-25T19:10:37Z","35747","False"
"axp-servicing-merchant-automation-data-quality-dashboard","https://github.aexp.com/amex-archives/axp-servicing-merchant-automation-data-quality-dashboard","Presents Workbasket View for Data Quality Remediations","0","1","JavaScript","amex-archives","2026-07-25T19:09:05Z","10068","False"
"axp-servicing-merchant-automation-tax-documents","https://github.aexp.com/amex-archives/axp-servicing-merchant-automation-tax-documents","6050W tax document automation management UI","0","0","JavaScript","amex-archives","2026-07-30T19:33:30Z","684","False"
"axp-servicing-merchant-behavioral-fee","https://github.aexp.com/amex-archives/axp-servicing-merchant-behavioral-fee","This repo contains the code base of merchant behavioral fee ","0","2","TypeScript","amex-archives","2026-07-20T17:29:43Z","880","False"
"axp-servicing-merchant-business-contacts","https://github.aexp.com/amex-archives/axp-servicing-merchant-business-contacts","This repo will have the code base of merchant business contact details","0","1","JavaScript","amex-archives","2026-07-25T07:27:43Z","6049","False"
"axp-servicing-merchant-case-search","https://github.aexp.com/amex-archives/axp-servicing-merchant-case-search",,"0","2","JavaScript","amex-archives","2026-07-25T19:08:58Z","6849","False"
"axp-servicing-merchant-characteristics-fees-approval","https://github.aexp.com/amex-archives/axp-servicing-merchant-characteristics-fees-approval",,"0","3","JavaScript","amex-archives","2026-07-25T19:06:04Z","1047","False"
"axp-servicing-merchant-contact-history","https://github.aexp.com/amex-archives/axp-servicing-merchant-contact-history","Retrieves the merchant's contact history details.","0","6","JavaScript","amex-archives","2026-07-25T19:22:59Z","8960","False"
"axp-servicing-merchant-create-case","https://github.aexp.com/amex-archives/axp-servicing-merchant-create-case",,"0","2","JavaScript","amex-archives","2026-07-25T19:08:19Z","9508","False"
"axp-servicing-merchant-customer-service-tool","https://github.aexp.com/amex-archives/axp-servicing-merchant-customer-service-tool","Customer Servicing Tool","1","5","JavaScript","amex-archives","2026-08-02T02:36:07Z","4699","False"
"axp-servicing-merchant-customer-service-tool-account-management","https://github.aexp.com/amex-archives/axp-servicing-merchant-customer-service-tool-account-management","Customer Service Tool Merchant Account Management","1","4","JavaScript","amex-archives","2026-08-02T02:37:00Z","5710","False"
"axp-servicing-merchant-customer-service-tool-audit","https://github.aexp.com/amex-archives/axp-servicing-merchant-customer-service-tool-audit","axp-servicing-merchant-customer-service-tool-audit","1","2","JavaScript","amex-archives","2026-08-02T02:32:03Z","26794","False"
"axp-servicing-merchant-customer-service-tool-notification-contact","https://github.aexp.com/amex-archives/axp-servicing-merchant-customer-service-tool-notification-contact","Customer Service Tool Notification and Contact Information","1","3","JavaScript","amex-archives","2026-08-02T02:32:56Z","18918","False"
"axp-servicing-merchant-customer-service-tool-reports","https://github.aexp.com/amex-archives/axp-servicing-merchant-customer-service-tool-reports","Customer Service Tool Reports","1","3","JavaScript","amex-archives","2026-08-02T02:33:49Z","27744","False"
"axp-servicing-merchant-customer-service-tool-user-profile-management","https://github.aexp.com/amex-archives/axp-servicing-merchant-customer-service-tool-user-profile-management","Customer Service Tool User Profile Management","1","3","JavaScript","amex-archives","2026-08-02T02:45:10Z","10236","False"
"axp-servicing-merchant-direct-debit","https://github.aexp.com/amex-archives/axp-servicing-merchant-direct-debit",,"0","2","JavaScript","amex-archives","2026-07-25T19:10:35Z","12076","False"
"axp-servicing-merchant-financial-adjustment","https://github.aexp.com/amex-archives/axp-servicing-merchant-financial-adjustment",,"0","3","JavaScript","amex-archives","2026-07-25T19:10:21Z","5738","False"
"axp-servicing-merchant-homepage","https://github.aexp.com/amex-archives/axp-servicing-merchant-homepage","Merchant portal homepage","2","3","JavaScript","amex-archives","2026-08-24T10:04:47Z","13281","False"
"axp-servicing-merchant-long-term-reserve","https://github.aexp.com/amex-archives/axp-servicing-merchant-long-term-reserve",,"0","6","JavaScript","amex-archives","2026-07-25T19:11:46Z","14099","False"
"axp-servicing-merchant-long-term-reserve-approval","https://github.aexp.com/amex-archives/axp-servicing-merchant-long-term-reserve-approval","This repository to maintain LTR Approval process","0","4","JavaScript","amex-archives","2026-07-25T19:12:58Z","64204","False"
"axp-servicing-merchant-mass-maintenance","https://github.aexp.com/amex-archives/axp-servicing-merchant-mass-maintenance","This module serves as the mass maintenance of pricing","1","3","JavaScript","amex-archives","2026-07-25T19:14:20Z","8664","False"
"axp-servicing-merchant-mid-blocking-unblocking","https://github.aexp.com/amex-archives/axp-servicing-merchant-mid-blocking-unblocking","Module used for blocking and unblocking of MID","0","0","TypeScript","amex-archives","2026-07-25T07:16:20Z","9618","False"
"axp-servicing-merchant-mid-blocking-unblocking-approval","https://github.aexp.com/amex-archives/axp-servicing-merchant-mid-blocking-unblocking-approval",,"0","0","JavaScript","amex-archives","2026-07-25T07:34:05Z","3337","False"
"axp-servicing-merchant-online-adjustments","https://github.aexp.com/amex-archives/axp-servicing-merchant-online-adjustments",,"0","1","JavaScript","amex-archives","2026-07-25T19:13:41Z","5342","False"
"axp-servicing-merchant-organization-identifier-approval","https://github.aexp.com/amex-archives/axp-servicing-merchant-organization-identifier-approval","Approval for Maintenance of Organisation Identifier for Merchants","0","4","JavaScript","amex-archives","2026-07-25T19:11:57Z","42155","False"
"axp-servicing-merchant-organization-identifier-management","https://github.aexp.com/amex-archives/axp-servicing-merchant-organization-identifier-management","Maintenance of Organisation Identifier for Merchants","0","4","JavaScript","amex-archives","2026-07-25T19:08:36Z","2447","False"
"axp-servicing-merchant-partner-setup","https://github.aexp.com/amex-archives/axp-servicing-merchant-partner-setup","This repo is handling Partner Setup source code","0","1","JavaScript","amex-archives","2026-07-25T19:11:37Z","5134","False"
"axp-servicing-merchant-payment-designator","https://github.aexp.com/amex-archives/axp-servicing-merchant-payment-designator","Servicing Merchant Payment Designator","0","2","JavaScript","amex-archives","2026-07-25T19:08:36Z","1994","False"
"axp-servicing-merchant-portal","https://github.aexp.com/amex-archives/axp-servicing-merchant-portal","Merchant Servicing Portal home screen","2","30","JavaScript","amex-archives","2026-07-25T19:30:31Z","10923","False"
"axp-servicing-merchant-pricing-approval","https://github.aexp.com/amex-archives/axp-servicing-merchant-pricing-approval","This repo handle the merchant second level pending pricing data","0","8","JavaScript","amex-archives","2026-07-25T19:14:27Z","2380","False"
"axp-servicing-merchant-process-enablement-tool","https://github.aexp.com/amex-archives/axp-servicing-merchant-process-enablement-tool","Merchant Process Enablement Tool","0","10","JavaScript","amex-archives","2026-07-25T19:20:15Z","31191","False"
"axp-servicing-merchant-recent-attempts","https://github.aexp.com/amex-archives/axp-servicing-merchant-recent-attempts","axp-servicing-merchant-recent-attempts","0","1","JavaScript","amex-archives","2026-07-25T19:58:51Z","12526","False"
"axp-servicing-merchant-reports","https://github.aexp.com/amex-archives/axp-servicing-merchant-reports",,"0","1","JavaScript","amex-archives","2026-03-19T21:16:21Z","678","False"
"axp-servicing-merchant-risk-review-portal","https://github.aexp.com/amex-archives/axp-servicing-merchant-risk-review-portal",,"0","2","JavaScript","amex-archives","2026-07-25T19:14:19Z","8823","False"
"axp-servicing-merchant-security-portal","https://github.aexp.com/amex-archives/axp-servicing-merchant-security-portal","This Repo handles Merchant Servicing Applications authorization","0","8","JavaScript","amex-archives","2026-07-25T19:58:59Z","31274","False"
"axp-servicing-merchant-seller-pricing","https://github.aexp.com/amex-archives/axp-servicing-merchant-seller-pricing","seller-pricing","0","1","JavaScript","amex-archives","2026-07-25T19:27:08Z","11972","False"
"axp-servicing-merchant-settings","https://github.aexp.com/amex-archives/axp-servicing-merchant-settings","Add merchant settings module for Merchant servicing portal","0","1","JavaScript","amex-archives","2026-07-25T19:28:22Z","3947","False"
"axp-servicing-merchant-single-settlement-approval","https://github.aexp.com/amex-archives/axp-servicing-merchant-single-settlement-approval","This repo contains the data for secondary review for single settlement screen","0","3","JavaScript","amex-archives","2026-07-25T19:14:37Z","1435","False"
"axp-servicing-merchant-special-program-codes","https://github.aexp.com/amex-archives/axp-servicing-merchant-special-program-codes","This repo to manage global merchant special program codes","0","1","JavaScript","amex-archives","2026-07-25T19:14:26Z","7141","False"
"axp-servicing-merchant-tax-id-number-match","https://github.aexp.com/amex-archives/axp-servicing-merchant-tax-id-number-match","To perform Tin Matching Verification based on Legal Name & Tin Number","0","1","JavaScript","amex-archives","2026-07-25T19:25:14Z","7953","False"
"axp-servicing-merchant-templates","https://github.aexp.com/amex-archives/axp-servicing-merchant-templates","This library utilizes DLS standards, axp-base components and provides customized styles & common scripts.","0","2","JavaScript","amex-archives","2026-07-25T19:21:13Z","1536","False"
"axp-servicing-merchant-treatment-admin","https://github.aexp.com/amex-archives/axp-servicing-merchant-treatment-admin","Merchant Treatment admin portal","0","0","JavaScript","amex-archives","2026-07-25T19:27:08Z","16323","False"
"axp-servicing-merchant-update-email","https://github.aexp.com/amex-archives/axp-servicing-merchant-update-email","Update Merchant Email Details","0","3","JavaScript","amex-archives","2026-07-25T19:23:59Z","7800","False"
"axp-servicing-merchant-verification-scorecard","https://github.aexp.com/amex-archives/axp-servicing-merchant-verification-scorecard",,"0","5","JavaScript","amex-archives","2026-07-25T19:22:03Z","8125","False"
"axp-servicing-merchant-vulnerability-alert","https://github.aexp.com/amex-archives/axp-servicing-merchant-vulnerability-alert","This repo contains the merchant vulnerability alert details","0","4","JavaScript","amex-archives","2026-07-09T21:31:49Z","2049","False"
"axp-servicing-mills-client-brief-generator","https://github.aexp.com/amex-archives/axp-servicing-mills-client-brief-generator","Client Brief Generator is a product powered by GenAI and traditional AI/ML models to streamline the process of creating client briefing documents for Client Managers. The goal is to automate the data collection and integration of data from various internal and external sources, and the creating of final Client Briefing Document,","0","5","JavaScript","amex-archives","2026-04-22T19:08:18Z","2066","False"
"axp-servicing-mind-map","https://github.aexp.com/amex-archives/axp-servicing-mind-map","axp-servicing mind map","1","3","JavaScript","amex-archives","2026-07-16T19:48:55Z","2487","False"
"axp-servicing-peer-to-peer-transfer-send-account-balance","https://github.aexp.com/amex-archives/axp-servicing-peer-to-peer-transfer-send-account-balance",,"0","1","JavaScript","amex-archives","2026-04-17T06:31:58Z","1923","False"
"axp-servicing-recent-attempts","https://github.aexp.com/amex-archives/axp-servicing-recent-attempts",,"0","3","JavaScript","amex-archives","2026-06-11T06:50:12Z","3650","False"
"axp-servicing-rewards-account-linking","https://github.aexp.com/amex-archives/axp-servicing-rewards-account-linking","Linking the rewards number to the respective account number","0","3","JavaScript","amex-archives","2026-06-22T14:18:03Z","4081","False"
"axp-servicing-rewards-points-history","https://github.aexp.com/amex-archives/axp-servicing-rewards-points-history",,"0","5","JavaScript","amex-archives","2026-05-13T13:40:07Z","1545","False"
"axp-servicing-rewards-relationships","https://github.aexp.com/amex-archives/axp-servicing-rewards-relationships","Rewards Account Relationships","0","3","JavaScript","amex-archives","2026-05-13T13:38:24Z","3936","False"
"axp-servicing-service-delivery-leader-delegation","https://github.aexp.com/amex-archives/axp-servicing-service-delivery-leader-delegation",,"1","3","JavaScript","amex-archives","2026-07-22T19:14:51Z","1988","False"
"axp-servicing-top-offers","https://github.aexp.com/amex-archives/axp-servicing-top-offers","Module for showing top two offers and allow extending of those offers to the customer","1","2","JavaScript","amex-archives","2026-07-22T20:31:22Z","1761","False"
"axp-servicing-transaction-tokenization","https://github.aexp.com/amex-archives/axp-servicing-transaction-tokenization","This module is to display the tokenized transactions and its status. ","0","1","JavaScript","amex-archives","2026-01-28T14:16:22Z","843","False"
"axp-servicing-translation-generator","https://github.aexp.com/amex-archives/axp-servicing-translation-generator",,"0","3","JavaScript","amex-archives","2026-07-16T19:56:19Z","2970","False"
"axp-servicing-user-group-spectrum","https://github.aexp.com/amex-archives/axp-servicing-user-group-spectrum","a dashboard to identify all user groups needed for a given servicing journey","0","4","JavaScript","amex-archives","2026-07-16T22:39:56Z","1820","False"
"axp-shop-business-checking","https://github.aexp.com/amex-archives/axp-shop-business-checking","Repository for the business checking account page","0","0","JavaScript","amex-archives","2026-07-28T16:28:47Z","5314","False"
"axp-shop-ombrello-jp-consumer-card-details","https://github.aexp.com/amex-archives/axp-shop-ombrello-jp-consumer-card-details",,"0","4","JavaScript","amex-archives","2026-03-19T21:41:27Z","5984","False"
"axp-shop-ombrello-jp-consumer-view-all-cards","https://github.aexp.com/amex-archives/axp-shop-ombrello-jp-consumer-view-all-cards",,"0","3","JavaScript","amex-archives","2026-03-19T21:41:34Z","5474","False"
"axp-shop-root","https://github.aexp.com/amex-archives/axp-shop-root","200005363","5","9","JavaScript","amex-archives","2026-06-08T13:42:32Z","7802","False"
"axp-shop-us-consumer","https://github.aexp.com/amex-archives/axp-shop-us-consumer",,"5","0","TypeScript","amex-archives","2026-07-25T22:36:06Z","75834","False"
"axp-shortcuts","https://github.aexp.com/amex-archives/axp-shortcuts",,"0","0","JavaScript","amex-archives","2026-05-22T10:58:31Z","3488","False"
"axp-smart-deploy-resources","https://github.aexp.com/amex-archives/axp-smart-deploy-resources",,"0","0","Python","amex-archives","2025-10-24T20:21:51Z","13262","False"
"axp-spend-manager-core","https://github.aexp.com/amex-archives/axp-spend-manager-core",,"1","0","JavaScript","amex-archives","2026-07-29T16:47:10Z","2285","False"
"axp-sso-hydrator","https://github.aexp.com/amex-archives/axp-sso-hydrator",,"0","3","JavaScript","amex-archives","2026-03-19T07:58:33Z","456","False"
"axp-staff-management-access-request","https://github.aexp.com/amex-archives/axp-staff-management-access-request",,"0","1","JavaScript","amex-archives","2026-06-23T05:09:36Z","2732","False"
"axp-staff-management-admin-profile","https://github.aexp.com/amex-archives/axp-staff-management-admin-profile",,"0","1","JavaScript","amex-archives","2026-05-15T05:02:59Z","3056","False"
"axp-staff-management-administration","https://github.aexp.com/amex-archives/axp-staff-management-administration",,"0","0","JavaScript","amex-archives","2026-07-23T09:23:44Z","12421","False"
"axp-staff-management-attribute-manager","https://github.aexp.com/amex-archives/axp-staff-management-attribute-manager",,"0","2","JavaScript","amex-archives","2026-07-31T11:14:38Z","3732","False"
"axp-staff-management-audit","https://github.aexp.com/amex-archives/axp-staff-management-audit",,"0","1","JavaScript","amex-archives","2026-04-29T03:13:17Z","3258","False"
"axp-staff-management-batch-updates","https://github.aexp.com/amex-archives/axp-staff-management-batch-updates",,"0","1","JavaScript","amex-archives","2026-07-28T17:41:40Z","3816","False"
"axp-staff-management-functional-incentive-group","https://github.aexp.com/amex-archives/axp-staff-management-functional-incentive-group"," axp-staff-management-functional-incentive-group","0","0","HTML","amex-archives","2026-07-31T11:08:43Z","114058","False"
"axp-staff-management-header","https://github.aexp.com/amex-archives/axp-staff-management-header",,"0","1","JavaScript","amex-archives","2026-07-15T06:36:15Z","2315","False"
"axp-staff-management-manage-user","https://github.aexp.com/amex-archives/axp-staff-management-manage-user","Manage User & Manage Approvals","0","1","JavaScript","amex-archives","2026-06-29T08:29:40Z","2426","False"
"axp-staff-management-manual-add","https://github.aexp.com/amex-archives/axp-staff-management-manual-add",,"0","1","JavaScript","amex-archives","2026-07-31T12:27:26Z","29395","False"
"axp-staff-management-profile-actions","https://github.aexp.com/amex-archives/axp-staff-management-profile-actions",,"0","0","JavaScript","amex-archives","2026-07-10T07:31:54Z","2062","False"
"axp-staff-management-request","https://github.aexp.com/amex-archives/axp-staff-management-request","Module for oneStaff Application which will help user to request access for location city's and business group's based on selection of country.","0","1","JavaScript","amex-archives","2026-07-31T14:06:04Z","3481","False"
"axp-staff-management-root","https://github.aexp.com/amex-archives/axp-staff-management-root",,"0","0","JavaScript","amex-archives","2026-07-23T09:10:56Z","3450","False"
"axp-staff-management-team-info","https://github.aexp.com/amex-archives/axp-staff-management-team-info","Team info module for one-staff application","0","1","JavaScript","amex-archives","2026-05-21T03:22:11Z","3324","False"
"axp-staff-management-training-class-admin","https://github.aexp.com/amex-archives/axp-staff-management-training-class-admin","Training class","0","2","JavaScript","amex-archives","2026-04-29T03:10:43Z","1994","False"
"axp-staff-management-viewer-access","https://github.aexp.com/amex-archives/axp-staff-management-viewer-access","axp-staff-management-viewer-access","0","1","JavaScript","amex-archives","2026-04-29T03:11:23Z","2590","False"
"axp-staff-management-work-list","https://github.aexp.com/amex-archives/axp-staff-management-work-list",,"0","1","JavaScript","amex-archives","2026-07-23T09:08:01Z","2968","False"
"axp-standardized-tracking-and-approval-management-create","https://github.aexp.com/amex-archives/axp-standardized-tracking-and-approval-management-create","Request Creation pages for STAMP","0","5","JavaScript","amex-archives","2026-07-27T12:32:03Z","1555","False"
"axp-standardized-tracking-and-approval-management-delegate","https://github.aexp.com/amex-archives/axp-standardized-tracking-and-approval-management-delegate","Approval Delegation page for STAMP","0","3","JavaScript","amex-archives","2026-07-23T20:50:50Z","1511","False"
"axp-standardized-tracking-and-approval-management-home","https://github.aexp.com/amex-archives/axp-standardized-tracking-and-approval-management-home","Dashboard and Help pages for STAMP","0","5","JavaScript","amex-archives","2026-07-23T20:51:32Z","2026","False"
"axp-standardized-tracking-and-approval-management-request","https://github.aexp.com/amex-archives/axp-standardized-tracking-and-approval-management-request","Request Pages for STAMP","0","5","JavaScript","amex-archives","2026-07-23T20:52:12Z","3279","False"
"axp-standardized-tracking-and-approval-management-root","https://github.aexp.com/amex-archives/axp-standardized-tracking-and-approval-management-root","Root module for STAMP (Standardized Tracking and Approval Management Platform)","0","5","JavaScript","amex-archives","2026-07-27T12:32:09Z","1172","False"
"axp-star-hub","https://github.aexp.com/amex-archives/axp-star-hub",,"3","3","JavaScript","amex-archives","2026-07-20T15:55:59Z","4157","False"
"axp-statements-container","https://github.aexp.com/amex-archives/axp-statements-container",,"0","0","JavaScript","amex-archives","2026-07-20T05:08:59Z","2568","False"
"axp-submissions-web-controls","https://github.aexp.com/amex-archives/axp-submissions-web-controls","The child module for submisisons web operational controls for submisisons modernization","0","0","JavaScript","amex-archives","2026-07-22T16:59:59Z","774","False"
"axp-submissions-web-dashboard","https://github.aexp.com/amex-archives/axp-submissions-web-dashboard","The Home dashboard for submissions web ","0","1","JavaScript","amex-archives","2026-07-22T16:39:00Z","1171","False"
"axp-submissions-web-error-outcome","https://github.aexp.com/amex-archives/axp-submissions-web-error-outcome",,"0","2","JavaScript","amex-archives","2026-07-17T17:25:40Z","1645","False"
"axp-submissions-web-file-search","https://github.aexp.com/amex-archives/axp-submissions-web-file-search","The file search and distribution file search functionality for Submissions Web","0","1","JavaScript","amex-archives","2026-07-17T17:25:15Z","1659","False"
"axp-submissions-web-modernized-profile","https://github.aexp.com/amex-archives/axp-submissions-web-modernized-profile","The module for SUMO Submitter Profile Development","0","2","JavaScript","amex-archives","2026-07-21T18:10:24Z","1641","False"
"axp-submissions-web-navigation","https://github.aexp.com/amex-archives/axp-submissions-web-navigation","The navigation menu for Submissions Web ","0","1","JavaScript","amex-archives","2026-07-24T14:23:08Z","2216","False"
"axp-submissions-web-overrides","https://github.aexp.com/amex-archives/axp-submissions-web-overrides","The One App UI module for Submissions Web Override and Exception handling","1","2","JavaScript","amex-archives","2026-07-17T17:24:22Z","1199","False"
"axp-submissions-web-realtime-capture-profile","https://github.aexp.com/amex-archives/axp-submissions-web-realtime-capture-profile","The Search/View/Edit module for SPARC Profiles in submissions web","0","1","JavaScript","amex-archives","2026-07-17T17:26:21Z","2190","False"
"axp-submissions-web-root","https://github.aexp.com/amex-archives/axp-submissions-web-root","Root module for Submissions Web redesign","0","1","JavaScript","amex-archives","2026-07-27T16:16:43Z","1486","False"
"axp-submissions-web-search-submitter-profile","https://github.aexp.com/amex-archives/axp-submissions-web-search-submitter-profile","The search and advances search functionality for submissions web redesign","0","1","JavaScript","amex-archives","2026-07-21T22:59:04Z","4056","False"
"axp-submissions-web-static-data","https://github.aexp.com/amex-archives/axp-submissions-web-static-data",,"0","0","JavaScript","amex-archives","2026-07-21T20:40:45Z","1015","False"
"axp-submissions-web-tracking-and-monitoring","https://github.aexp.com/amex-archives/axp-submissions-web-tracking-and-monitoring","The module is responsible for tracking and monitoring feature for message, file and batch level tracking","0","1","JavaScript","amex-archives","2026-07-21T20:57:59Z","1150","False"
"axp-suggested-links","https://github.aexp.com/amex-archives/axp-suggested-links","One App holocron module for for rendering related url links","0","0","TypeScript","amex-archives","2026-06-06T22:35:32Z","723","False"
"axp-tags-root","https://github.aexp.com/amex-archives/axp-tags-root","Root Holocron module for DXT applications.","4","12","JavaScript","amex-archives","2026-08-12T18:10:07Z","3941","False"
"axp-targeted-banner","https://github.aexp.com/amex-archives/axp-targeted-banner","Common module for targeted banner","0","3","JavaScript","amex-archives","2026-08-02T02:13:27Z","2495","False"
"axp-task-flow-wrapper","https://github.aexp.com/amex-archives/axp-task-flow-wrapper",,"0","0","JavaScript","amex-archives","2026-06-05T08:10:59Z","622","False"
"axp-transaction-security-settings","https://github.aexp.com/amex-archives/axp-transaction-security-settings",,"1","0","JavaScript","amex-archives","2026-06-25T09:16:58Z","1395","False"
"axp-travel-assistant","https://github.aexp.com/amex-archives/axp-travel-assistant",,"0","1","JavaScript","amex-archives","2026-07-29T22:02:40Z","963","False"
"axp-travel-base","https://github.aexp.com/amex-archives/axp-travel-base",,"0","2","JavaScript","amex-archives","2026-07-29T22:10:40Z","15626","False"
"axp-travel-booking-event-action-notes","https://github.aexp.com/amex-archives/axp-travel-booking-event-action-notes","A common module that gives ability to display event id, and add/View action notes on the Current PNR via RedApp","0","0","JavaScript","amex-archives","2026-03-19T08:20:24Z","2197","False"
"axp-travel-data-root","https://github.aexp.com/amex-archives/axp-travel-data-root",,"2","1","JavaScript","amex-archives","2026-07-30T14:46:11Z","18221","False"
"axp-travel-exploration-container","https://github.aexp.com/amex-archives/axp-travel-exploration-container","Container to hold the exploration map and allow people to explore different hotel options.","0","0","JavaScript","amex-archives","2026-03-26T10:38:17Z","4945","False"
"axp-travel-marketing-knowledge-management","https://github.aexp.com/amex-archives/axp-travel-marketing-knowledge-management","A new module for the Knowledge management Users to create/edit Lifestyle Suppliers.","0","0","JavaScript","amex-archives","2026-03-24T12:19:37Z","3302","False"
"axp-travel-marketing-register","https://github.aexp.com/amex-archives/axp-travel-marketing-register","Authentication page for Partner Users in MAPS@2.0","0","0","JavaScript","amex-archives","2026-07-27T11:28:19Z","2405","False"
"axp-travel-root","https://github.aexp.com/amex-archives/axp-travel-root",,"0","2","JavaScript","amex-archives","2026-07-27T16:51:24Z","34814","False"
"axp-travel-servicing-account-managers","https://github.aexp.com/amex-archives/axp-travel-servicing-account-managers",,"0","0","JavaScript","amex-archives","2026-07-27T16:46:54Z","7453","False"
"axp-travel-servicing-account-switcher","https://github.aexp.com/amex-archives/axp-travel-servicing-account-switcher",,"0","0","JavaScript","amex-archives","2026-07-27T16:45:31Z","3762","False"
"axp-travel-servicing-admin-assign","https://github.aexp.com/amex-archives/axp-travel-servicing-admin-assign",,"0","0","JavaScript","amex-archives","2026-07-27T16:45:37Z","4431","False"
"axp-travel-servicing-admin-container","https://github.aexp.com/amex-archives/axp-travel-servicing-admin-container",,"0","0","JavaScript","amex-archives","2026-07-27T16:45:11Z","3400","False"
"axp-travel-servicing-advanced-customer-search","https://github.aexp.com/amex-archives/axp-travel-servicing-advanced-customer-search",,"0","0","JavaScript","amex-archives","2026-07-27T16:48:44Z","3433","False"
"axp-travel-servicing-agent-authorization","https://github.aexp.com/amex-archives/axp-travel-servicing-agent-authorization",,"0","0","JavaScript","amex-archives","2026-07-27T16:46:19Z","3320","False"
"axp-travel-servicing-agent-details","https://github.aexp.com/amex-archives/axp-travel-servicing-agent-details",,"0","0","JavaScript","amex-archives","2026-07-27T16:45:13Z","3760","False"
"axp-travel-servicing-agent-preferences","https://github.aexp.com/amex-archives/axp-travel-servicing-agent-preferences",,"0","0","JavaScript","amex-archives","2026-07-27T16:45:39Z","2742","False"
"axp-travel-servicing-bulk-events","https://github.aexp.com/amex-archives/axp-travel-servicing-bulk-events",,"0","0","JavaScript","amex-archives","2026-07-27T16:42:39Z","3311","False"
"axp-travel-servicing-case-events","https://github.aexp.com/amex-archives/axp-travel-servicing-case-events",,"0","1","JavaScript","amex-archives","2026-04-14T12:50:58Z","3096","False"
"axp-travel-servicing-cases-container","https://github.aexp.com/amex-archives/axp-travel-servicing-cases-container",,"0","0","JavaScript","amex-archives","2026-07-27T17:02:08Z","4139","False"
"axp-travel-servicing-cases-form","https://github.aexp.com/amex-archives/axp-travel-servicing-cases-form",,"0","2","JavaScript","amex-archives","2026-07-27T17:24:00Z","21227","False"
"axp-travel-servicing-cases-list","https://github.aexp.com/amex-archives/axp-travel-servicing-cases-list",,"0","0","JavaScript","amex-archives","2026-07-27T16:59:15Z","3284","False"
"axp-travel-servicing-container","https://github.aexp.com/amex-archives/axp-travel-servicing-container",,"0","0","JavaScript","amex-archives","2026-07-27T17:16:46Z","13411","False"
"axp-travel-servicing-counselor-assistant","https://github.aexp.com/amex-archives/axp-travel-servicing-counselor-assistant",,"0","0","JavaScript","amex-archives","2026-07-27T17:07:57Z","4413","False"
"axp-travel-servicing-desktop-bridge","https://github.aexp.com/amex-archives/axp-travel-servicing-desktop-bridge","A Travel Servicing module to integrate desktop-bridge applications with OPUS","0","0","JavaScript","amex-archives","2026-07-27T17:01:13Z","6764","False"
"axp-travel-servicing-event-list","https://github.aexp.com/amex-archives/axp-travel-servicing-event-list",,"0","0","JavaScript","amex-archives","2026-07-27T17:10:23Z","8405","False"
"axp-travel-servicing-event-reassign","https://github.aexp.com/amex-archives/axp-travel-servicing-event-reassign",,"0","0","JavaScript","amex-archives","2026-07-27T17:05:33Z","7011","False"
"axp-travel-servicing-event-search","https://github.aexp.com/amex-archives/axp-travel-servicing-event-search",,"0","0","JavaScript","amex-archives","2026-07-27T17:10:56Z","7803","False"
"axp-travel-servicing-payment-details-form","https://github.aexp.com/amex-archives/axp-travel-servicing-payment-details-form",,"0","0","JavaScript","amex-archives","2026-07-27T17:11:11Z","2561","False"
"axp-travel-servicing-pool-admin","https://github.aexp.com/amex-archives/axp-travel-servicing-pool-admin",,"0","0","JavaScript","amex-archives","2026-07-27T17:18:43Z","3185","False"
"axp-travel-servicing-portfolio-container","https://github.aexp.com/amex-archives/axp-travel-servicing-portfolio-container",,"0","0","JavaScript","amex-archives","2026-07-27T17:13:51Z","2702","False"
"axp-travel-servicing-portfolio-list","https://github.aexp.com/amex-archives/axp-travel-servicing-portfolio-list",,"0","1","JavaScript","amex-archives","2026-07-27T17:16:18Z","12088","False"
"axp-travel-servicing-portfolio-switcher","https://github.aexp.com/amex-archives/axp-travel-servicing-portfolio-switcher",,"0","0","JavaScript","amex-archives","2026-07-27T17:10:29Z","2597","False"
"axp-travel-servicing-profile-activity-history","https://github.aexp.com/amex-archives/axp-travel-servicing-profile-activity-history","One App Holocron module for recording the profile activity history that generated by agents actions","0","0","JavaScript","amex-archives","2026-07-27T17:10:20Z","2661","False"
"axp-travel-servicing-profile-addresses","https://github.aexp.com/amex-archives/axp-travel-servicing-profile-addresses",,"0","0","JavaScript","amex-archives","2026-07-27T17:18:04Z","8045","False"
"axp-travel-servicing-profile-benefits","https://github.aexp.com/amex-archives/axp-travel-servicing-profile-benefits",,"0","0","JavaScript","amex-archives","2026-07-27T17:22:39Z","9875","False"
"axp-travel-servicing-profile-companions","https://github.aexp.com/amex-archives/axp-travel-servicing-profile-companions",,"0","0","JavaScript","amex-archives","2026-07-27T17:13:28Z","4912","False"
"axp-travel-servicing-profile-contacts","https://github.aexp.com/amex-archives/axp-travel-servicing-profile-contacts",,"0","0","JavaScript","amex-archives","2026-07-27T17:18:24Z","5374","False"
"axp-travel-servicing-profile-container","https://github.aexp.com/amex-archives/axp-travel-servicing-profile-container",,"0","0","JavaScript","amex-archives","2026-07-27T17:36:05Z","20933","False"
"axp-travel-servicing-profile-dashboard-container","https://github.aexp.com/amex-archives/axp-travel-servicing-profile-dashboard-container",,"0","0","JavaScript","amex-archives","2026-07-27T17:32:53Z","10004","False"
"axp-travel-servicing-profile-dashboard-spending-trends","https://github.aexp.com/amex-archives/axp-travel-servicing-profile-dashboard-spending-trends",,"1","0","JavaScript","amex-archives","2026-07-27T17:32:24Z","4517","False"
"axp-travel-servicing-profile-enhanced-dashboard-container","https://github.aexp.com/amex-archives/axp-travel-servicing-profile-enhanced-dashboard-container",,"0","0","JavaScript","amex-archives","2026-07-27T17:30:42Z","2942","False"
"axp-travel-servicing-profile-important-dates","https://github.aexp.com/amex-archives/axp-travel-servicing-profile-important-dates",,"0","0","JavaScript","amex-archives","2026-07-27T17:27:52Z","6129","False"
"axp-travel-servicing-profile-insights-and-opportunities","https://github.aexp.com/amex-archives/axp-travel-servicing-profile-insights-and-opportunities","This module will allow to see lodging offers that are best suited to a?CM's persona and location.","0","0","JavaScript","amex-archives","2026-07-27T17:24:56Z","4584","False"
"axp-travel-servicing-profile-lounge-dashboard","https://github.aexp.com/amex-archives/axp-travel-servicing-profile-lounge-dashboard",,"0","0","JavaScript","amex-archives","2026-07-27T17:27:19Z","3535","False"
"axp-travel-servicing-profile-preferences","https://github.aexp.com/amex-archives/axp-travel-servicing-profile-preferences",,"0","0","JavaScript","amex-archives","2026-07-27T17:34:26Z","6791","False"
"axp-travel-servicing-profile-scorecard","https://github.aexp.com/amex-archives/axp-travel-servicing-profile-scorecard",,"0","0","JavaScript","amex-archives","2026-07-27T17:25:43Z","2404","False"
"axp-travel-servicing-profile-transactions","https://github.aexp.com/amex-archives/axp-travel-servicing-profile-transactions","Viewing recent and pending transactions will allow TLS consultants to check for recent credits without the need to call transfer.","0","0","JavaScript","amex-archives","2026-07-27T17:26:33Z","3518","False"
"axp-travel-servicing-profile-travel-tickets","https://github.aexp.com/amex-archives/axp-travel-servicing-profile-travel-tickets",,"0","0","JavaScript","amex-archives","2026-07-27T17:35:19Z","3414","False"
"axp-travel-servicing-quick-forms","https://github.aexp.com/amex-archives/axp-travel-servicing-quick-forms",,"0","0","JavaScript","amex-archives","2026-07-27T17:40:57Z","8377","False"
"axp-travel-servicing-simulate-call","https://github.aexp.com/amex-archives/axp-travel-servicing-simulate-call",,"0","0","JavaScript","amex-archives","2026-07-27T17:33:44Z","8415","False"
"axp-travel-servicing-workbasket-admin","https://github.aexp.com/amex-archives/axp-travel-servicing-workbasket-admin",,"0","0","JavaScript","amex-archives","2026-07-27T17:34:27Z","11266","False"
"axp-travel-servicing-worklist-container","https://github.aexp.com/amex-archives/axp-travel-servicing-worklist-container",,"0","0","JavaScript","amex-archives","2026-07-27T17:36:35Z","2369","False"
"axp-travel-servicing-worklist-insights","https://github.aexp.com/amex-archives/axp-travel-servicing-worklist-insights","This module is for displaying the insights to events worklist for a workbasket and consultant","0","0","JavaScript","amex-archives","2026-07-27T17:33:53Z","2733","False"
"axp-travel-servicing-worklist-insights-workbaskets","https://github.aexp.com/amex-archives/axp-travel-servicing-worklist-insights-workbaskets",,"0","0","JavaScript","amex-archives","2026-07-27T17:33:20Z","4600","False"
"axp-ucid-provider","https://github.aexp.com/amex-archives/axp-ucid-provider",,"0","1","JavaScript","amex-archives","2026-07-27T17:40:12Z","4907","False"
"axp-ui-app","https://github.aexp.com/amex-archives/axp-ui-app","This module of the eBnC application handles all types of engagement operations.","0","0","JavaScript","amex-archives","2026-07-30T22:56:53Z","8200","False"
"axp-unlock-pin","https://github.aexp.com/amex-archives/axp-unlock-pin",,"0","0","JavaScript","amex-archives","2026-06-11T05:27:22Z","2192","False"
"axp-us-consumer-banking","https://github.aexp.com/amex-archives/axp-us-consumer-banking","US Consumer Banking page","2","0","TypeScript","amex-archives","2026-07-24T04:19:26Z","9162","False"
"axp-user-interruptor","https://github.aexp.com/amex-archives/axp-user-interruptor",,"0","0","JavaScript","amex-archives","2026-07-29T19:34:59Z","4928","False"
"axp-welcome-message","https://github.aexp.com/amex-archives/axp-welcome-message",,"0","0","JavaScript","amex-archives","2026-06-12T18:07:43Z","4892","False"
"b2-scheduler","https://github.aexp.com/amex-archives/b2-scheduler","P2M Scheduler which runs periodically and aims to execute the payment for all the recurring payment scheduled in the AM System.","0","1","Kotlin","amex-archives","2026-06-30T06:07:44Z","3258","False"
"banking-api-deployment-automation","https://github.aexp.com/amex-archives/banking-api-deployment-automation","Repo for api deployment automation","0","0","Python","amex-archives","2026-06-22T14:21:39Z","161","False"
"banking-assisted-apply-root","https://github.aexp.com/amex-archives/banking-assisted-apply-root",,"0","0","TypeScript","amex-archives","2026-07-23T19:25:09Z","586","False"
"banking-docs","https://github.aexp.com/amex-archives/banking-docs","Banking Platform Documentation Site","4","0","JavaScript","amex-archives","2026-06-24T11:34:45Z","271487","False"
"banking-fis-cache-api","https://github.aexp.com/amex-archives/banking-fis-cache-api","Banking cache repo for FIS ","1","1","Java","amex-archives","2026-07-07T21:12:51Z","462816","False"
"banking-lumi-api","https://github.aexp.com/amex-archives/banking-lumi-api",,"1","0","Python","amex-archives","2026-07-07T21:07:25Z","282","False"
"banking-payee-api","https://github.aexp.com/amex-archives/banking-payee-api",,"1","0","Java","amex-archives","2026-07-08T08:17:45Z","2700","False"
"banking-personal-savings-account-verification","https://github.aexp.com/amex-archives/banking-personal-savings-account-verification","Account Verification","0","0","JavaScript","amex-archives","2026-03-19T07:27:21Z","2017","False"
"banking-personal-savings-apply-authentication","https://github.aexp.com/amex-archives/banking-personal-savings-apply-authentication",,"0","3","JavaScript","amex-archives","2026-07-23T19:25:36Z","1321","False"
"banking-personal-savings-assisted-apply","https://github.aexp.com/amex-archives/banking-personal-savings-assisted-apply",,"0","0","TypeScript","amex-archives","2026-07-24T13:55:32Z","1344","False"
"banking-personal-savings-certificate-deposit","https://github.aexp.com/amex-archives/banking-personal-savings-certificate-deposit",,"0","0","JavaScript","amex-archives","2026-07-10T20:10:40Z","1484","False"
"banking-personal-savings-documents","https://github.aexp.com/amex-archives/banking-personal-savings-documents","Statements & documents page for personal savings products","0","1","JavaScript","amex-archives","2026-06-03T02:16:15Z","2419","False"
"banking-personal-savings-link-bank-account","https://github.aexp.com/amex-archives/banking-personal-savings-link-bank-account",,"0","3","JavaScript","amex-archives","2026-07-23T19:25:47Z","2826","False"
"banking-personal-savings-root","https://github.aexp.com/amex-archives/banking-personal-savings-root",,"1","9","JavaScript","amex-archives","2026-07-23T19:25:24Z","2231","False"
"banking-platform","https://github.aexp.com/amex-archives/banking-platform","Repo for hosting terraform modules for banking","0","1","HCL","amex-archives","2026-06-17T00:37:48Z","40468","False"
"banking-schema-validator","https://github.aexp.com/amex-archives/banking-schema-validator",,"0","3","Java","amex-archives","2026-06-03T18:09:29Z","611","False"
"bankingapitestautomation","https://github.aexp.com/amex-archives/bankingapitestautomation",,"0","1","Shell","amex-archives","2026-06-17T20:38:23Z","606","False"
"banking_application_support","https://github.aexp.com/amex-archives/banking_application_support","This repository is made for banking application support automations","0","3","Python","amex-archives","2026-07-17T18:17:21Z","6398","False"
"bekn","https://github.aexp.com/amex-archives/bekn","Bekn is a decentralized chat-enabled application for ops, team, and testing (coming soon) domain reporting.","1","2","TypeScript","amex-archives","2026-06-23T05:55:01Z","462172","False"
"beneficial-owner-registration-client","https://github.aexp.com/amex-archives/beneficial-owner-registration-client","This is the repo containing source code for the Norway Beneficial Owner Registration UI","1","0","JavaScript","amex-archives","2026-07-13T10:21:26Z","3385","False"
"beneficial-owner-registration-server","https://github.aexp.com/amex-archives/beneficial-owner-registration-server",,"1","0","Python","amex-archives","2026-07-15T12:51:00Z","1859","False"
"bidw-talend_euo-ebi-poc","https://github.aexp.com/amex-archives/bidw-talend_euo-ebi-poc",,"0","0","Shell","amex-archives","2026-02-11T04:08:46Z","3647","False"
"bill-pay-plan-connect","https://github.aexp.com/amex-archives/bill-pay-plan-connect","Sandbox UI for P2M APIs","0","2","JavaScript","amex-archives","2026-04-28T13:27:56Z","1265","False"
"billpay-test-file-simulator","https://github.aexp.com/amex-archives/billpay-test-file-simulator","billpay-test-file-simulator is a Kotlin/Quarkus-based test automation gateway for the Billpay Platform. It centralizes REST APIs, service emulators, and scheduled Camel routes to simulate real integrations (such as GNA, Globestar, and SEPA PAIN files), generate and process test files, and query platform state reliably across environments.","2","0","Kotlin","amex-archives","2026-07-16T17:09:35Z","1441","False"
"blue-game-admin-customers","https://github.aexp.com/amex-archives/blue-game-admin-customers","bgc-admin-customers","0","0","JavaScript","amex-archives","2026-03-19T13:03:11Z","1814","False"
"blue-game-admin-games","https://github.aexp.com/amex-archives/blue-game-admin-games","bgc-admin-games","0","0","JavaScript","amex-archives","2026-03-19T13:03:19Z","2491","False"
"blue-game-admin-header","https://github.aexp.com/amex-archives/blue-game-admin-header","bgc-admin-header","0","0","SCSS","amex-archives","2026-03-19T13:03:26Z","1674","False"
"blue-game-admin-reports","https://github.aexp.com/amex-archives/blue-game-admin-reports","bgc-admin-reports","0","0","JavaScript","amex-archives","2026-03-19T13:03:32Z","359","False"
"blue-game-admin-users","https://github.aexp.com/amex-archives/blue-game-admin-users","bgc-admin-users","0","1","JavaScript","amex-archives","2026-03-19T13:03:42Z","1693","False"
"blue-game-player-footer","https://github.aexp.com/amex-archives/blue-game-player-footer","bgc-player-footer","0","0","JavaScript","amex-archives","2026-03-19T13:03:56Z","1647","False"
"blue-game-player-games","https://github.aexp.com/amex-archives/blue-game-player-games","bgc-player-games","0","0","JavaScript","amex-archives","2026-03-19T13:04:02Z","564","False"
"blue-game-player-header","https://github.aexp.com/amex-archives/blue-game-player-header","bgc-player-header","0","0","JavaScript","amex-archives","2026-03-19T13:04:09Z","477","False"
"blue-game-player-leader-board","https://github.aexp.com/amex-archives/blue-game-player-leader-board","bgc-player-leaderboard","0","0","JavaScript","amex-archives","2026-03-19T13:04:17Z","773","False"
"blue-game-player-missions","https://github.aexp.com/amex-archives/blue-game-player-missions","bgc-player-missions","0","0","JavaScript","amex-archives","2026-03-19T13:04:24Z","579","False"
"blue-game-player-my-info","https://github.aexp.com/amex-archives/blue-game-player-my-info","bgc-player-myinfo","0","0","JavaScript","amex-archives","2026-03-19T13:04:31Z","384","False"
"blue-game-player-reports","https://github.aexp.com/amex-archives/blue-game-player-reports",,"0","0","JavaScript","amex-archives","2026-03-19T13:04:37Z","164","False"
"blue-game-root","https://github.aexp.com/amex-archives/blue-game-root","bgc-root","0","0","JavaScript","amex-archives","2026-03-19T13:04:44Z","6440","False"
"blueprint-dp","https://github.aexp.com/amex-archives/blueprint-dp","Blueprint data platform workloads","0","1","Python","amex-archives","2026-01-15T19:58:24Z","145","False"
"blueprint_datamover","https://github.aexp.com/amex-archives/blueprint_datamover","Blueprint data mover script for AWS to GCP migration","1","0","Shell","amex-archives","2026-05-21T21:07:06Z","1215","True"
"bluesky_couchbase-entities","https://github.aexp.com/amex-archives/bluesky_couchbase-entities","Repo containing the couchbase entities needed for Bluesky","0","6","Java","amex-archives","2026-05-04T14:37:04Z","76","False"
"box","https://github.aexp.com/amex-archives/box","Box is a command line tool to create, manage and destroy ephemeral environments for testing and development purposes.","2","2","Go","amex-archives","2026-06-22T13:36:11Z","73694","False"
"bta_account-service","https://github.aexp.com/amex-archives/bta_account-service",,"1","0","Java","amex-archives","2026-06-25T08:42:28Z","790","False"
"bta_actions","https://github.aexp.com/amex-archives/bta_actions",,"0","0","Shell","amex-archives","2026-06-24T13:08:38Z","369","False"
"bta_byoi-sft","https://github.aexp.com/amex-archives/bta_byoi-sft",,"0","1","Shell","amex-archives","2023-03-02T17:54:15Z","3","False"
"bta_contracts","https://github.aexp.com/amex-archives/bta_contracts","Central home for all BTA contracts","0","0",,"amex-archives","2026-06-19T05:45:26Z","187","False"
"bta_datahub-helper","https://github.aexp.com/amex-archives/bta_datahub-helper",,"0","0","Python","amex-archives","2026-04-23T11:37:06Z","61","False"
"bta_dev-portal","https://github.aexp.com/amex-archives/bta_dev-portal","Docusaurus repository for BTA.","0","2","TypeScript","amex-archives","2026-06-25T08:54:56Z","56804","False"
"bta_folio-data-manager","https://github.aexp.com/amex-archives/bta_folio-data-manager",,"0","0","Java","amex-archives","2026-06-25T08:31:59Z","1767","False"
"buildblocks","https://github.aexp.com/amex-archives/buildblocks","????? Buildblocks Specification","12","16","Go","amex-archives","2026-02-27T19:22:27Z","95","False"
"buildblocks-cli","https://github.aexp.com/amex-archives/buildblocks-cli","????? Buildblocks CLI Tool","4","5","Go","amex-archives","2025-07-26T04:34:18Z","33486","False"
"business-checking-api","https://github.aexp.com/amex-archives/business-checking-api",,"4","1","Java","amex-archives","2026-07-05T04:37:55Z","4428","False"
"business-checking-domain","https://github.aexp.com/amex-archives/business-checking-domain",,"4","12","Java","amex-archives","2026-07-06T22:51:41Z","3663","False"
"byop-api-gcp","https://github.aexp.com/amex-archives/byop-api-gcp",,"0","0","Kotlin","amex-archives","2026-06-26T07:24:11Z","360","False"
"C360","https://github.aexp.com/amex-archives/C360","Customer Information and Relationship Management Domain architecture ","0","2",,"amex-archives","2026-02-27T14:43:16Z","74710","False"
"c360-accounts-setup-and-maintenance","https://github.aexp.com/amex-archives/c360-accounts-setup-and-maintenance",,"7","8","Java","amex-archives","2026-07-15T10:47:42Z","66057","False"
"c360-ace-service-bundles","https://github.aexp.com/amex-archives/c360-ace-service-bundles","C360 Ace service bundles","0","0","Java","amex-archives","2026-07-30T19:41:58Z","168","False"
"c360-actions-base","https://github.aexp.com/amex-archives/c360-actions-base",,"2","2","Python","amex-archives","2026-06-19T16:09:39Z","1806","False"
"c360-adhoc-event-log-backup-ingest","https://github.aexp.com/amex-archives/c360-adhoc-event-log-backup-ingest",,"0","0","Java","amex-archives","2026-04-22T19:34:37Z","43","False"
"c360-ai-agents","https://github.aexp.com/amex-archives/c360-ai-agents","C360 specific AI agents and skills","1","0","JavaScript","amex-archives","2026-07-23T15:50:11Z","4209","False"
"c360-api-cucumber-tests","https://github.aexp.com/amex-archives/c360-api-cucumber-tests",,"4","5","Gherkin","amex-archives","2026-09-09T11:13:07Z","16876","False"
"c360-aws-services","https://github.aexp.com/amex-archives/c360-aws-services",,"0","0","Java","amex-archives","2026-06-14T18:51:53Z","232","False"
"c360-batch-clustering","https://github.aexp.com/amex-archives/c360-batch-clustering",,"0","0","Kotlin","amex-archives","2026-06-19T22:17:32Z","2217","False"
"c360-batchframework-shared","https://github.aexp.com/amex-archives/c360-batchframework-shared","This repo is to hold all current engagements of the Customer360 Batch team to allow SFT transmissions across applications","2","1","Python","amex-archives","2026-03-11T15:01:47Z","3301","False"
"c360-bulk-tickler","https://github.aexp.com/amex-archives/c360-bulk-tickler",,"1","1","Java","amex-archives","2026-06-17T08:01:11Z","627","False"
"c360-call-analysis","https://github.aexp.com/amex-archives/c360-call-analysis",,"0","0","Jupyter Notebook","amex-archives","2026-03-30T17:32:26Z","668","False"
"c360-commercial-batch-lumi","https://github.aexp.com/amex-archives/c360-commercial-batch-lumi","C360 Commercial Batch Lumi","1","1","Java","amex-archives","2026-08-06T21:01:41Z","3022","False"
"c360-commercial-external-matching","https://github.aexp.com/amex-archives/c360-commercial-external-matching",,"1","1","Java","amex-archives","2026-06-16T20:27:26Z","251427","False"
"c360-commercial-internal-matching","https://github.aexp.com/amex-archives/c360-commercial-internal-matching",,"1","1","Java","amex-archives","2026-06-15T20:29:29Z","84582","False"
"c360-commit-comment","https://github.aexp.com/amex-archives/c360-commit-comment","A fork of https://github.com/peter-evans/commit-comment","0","0","TypeScript","amex-archives","2024-03-15T13:46:31Z","1137","False"
"c360-connect","https://github.aexp.com/amex-archives/c360-connect",,"4","0","JavaScript","amex-archives","2026-06-19T09:45:31Z","14978","False"
"c360-core-batch","https://github.aexp.com/amex-archives/c360-core-batch",,"6","0","Java","amex-archives","2026-06-19T09:08:19Z","9890","False"
"c360-core-common","https://github.aexp.com/amex-archives/c360-core-common","Customer 360 platform core components","5","1","Java","amex-archives","2026-06-19T12:44:21Z","17483","False"
"c360-cornerstone-real-time-api-caller","https://github.aexp.com/amex-archives/c360-cornerstone-real-time-api-caller",,"0","0","Java","amex-archives","2026-06-17T08:43:50Z","236","False"
"c360-counterparty-service","https://github.aexp.com/amex-archives/c360-counterparty-service","Orchestrator service for all counterparty events","0","0","Java","amex-archives","2026-06-19T17:39:37Z","558","False"
"c360-crps-automation","https://github.aexp.com/amex-archives/c360-crps-automation","This repository contains the shell scripts and configuration required for the CRPS automation initiative. This repository is maintained by C360 PM team.","0","0","Shell","amex-archives","2026-04-09T11:09:25Z","28","False"
"c360-data-cache-cs","https://github.aexp.com/amex-archives/c360-data-cache-cs",,"0","0","Java","amex-archives","2026-06-13T23:48:40Z","157","False"
"c360-data-load-tools","https://github.aexp.com/amex-archives/c360-data-load-tools","Utilities for loading data using C360 APIs.","0","0","Python","amex-archives","2026-06-18T22:13:41Z","91","False"
"c360-data-model-support","https://github.aexp.com/amex-archives/c360-data-model-support",,"2","0","Java","amex-archives","2026-07-18T23:13:04Z","17152","False"
"C360-DemogStd","https://github.aexp.com/amex-archives/C360-DemogStd",,"3","1","Java","amex-archives","2026-06-17T15:56:29Z","30281","False"
"c360-dq-batch-bridge","https://github.aexp.com/amex-archives/c360-dq-batch-bridge","A DQ API bridge so that the API can be invoked from the Cornerstone BDP environment","0","0","Java","amex-archives","2026-06-13T12:27:11Z","75","False"
"c360-elastic-cluster","https://github.aexp.com/amex-archives/c360-elastic-cluster","This repo contains information about the installation of the c360 Elasticsearch cluster hosted in TIMs servers with VTE encryption","0","0","Shell","amex-archives","2025-10-10T14:53:10Z","146015","False"
"c360-elasticsearch-balancing-and-control","https://github.aexp.com/amex-archives/c360-elasticsearch-balancing-and-control",,"0","0","Java","amex-archives","2026-06-19T15:24:39Z","441","False"
"c360-erefresh-gcp-bigtable","https://github.aexp.com/amex-archives/c360-erefresh-gcp-bigtable","Utilized for GCP deployment for Customer C360 Extraction of Cadence SOR data","0","0","Java","amex-archives","2026-06-17T17:08:23Z","4246","False"
"c360-experian-pinning","https://github.aexp.com/amex-archives/c360-experian-pinning",,"1","0","Java","amex-archives","2026-06-19T18:10:03Z","1037","False"
"c360-feature-admin-portal","https://github.aexp.com/amex-archives/c360-feature-admin-portal",,"3","1","JavaScript","amex-archives","2026-06-19T18:07:48Z","31914","False"
"c360-feature-batch-loader","https://github.aexp.com/amex-archives/c360-feature-batch-loader",,"3","0","Java","amex-archives","2026-07-03T12:04:03Z","1336","False"
"c360-feature-best-customer","https://github.aexp.com/amex-archives/c360-feature-best-customer","This repo is created for providing the best customer information","0","0","JavaScript","amex-archives","2026-06-19T17:34:20Z","2912","False"
"c360-feature-clic","https://github.aexp.com/amex-archives/c360-feature-clic",,"0","0","Java","amex-archives","2026-06-19T17:24:47Z","1580","False"
"c360-feature-cluster-eval-extract","https://github.aexp.com/amex-archives/c360-feature-cluster-eval-extract","This feature deals with extracting cluster eval events data and transmitting the same to CornerStone","1","0","Java","amex-archives","2026-06-19T17:32:59Z","178906","False"
"c360-feature-cluster-eval-trigger","https://github.aexp.com/amex-archives/c360-feature-cluster-eval-trigger",,"0","0","Java","amex-archives","2026-06-19T15:51:19Z","3601","False"
"c360-feature-clustering","https://github.aexp.com/amex-archives/c360-feature-clustering",,"3","0","Java","amex-archives","2026-06-19T15:51:58Z","7007","False"
"c360-feature-data-extract","https://github.aexp.com/amex-archives/c360-feature-data-extract",,"1","0","Java","amex-archives","2026-06-19T16:20:39Z","3629","False"
"c360-feature-demographic-quality","https://github.aexp.com/amex-archives/c360-feature-demographic-quality",,"2","0","Java","amex-archives","2026-06-19T14:44:06Z","3732","False"
"c360-feature-devtools","https://github.aexp.com/amex-archives/c360-feature-devtools",,"1","1","Java","amex-archives","2026-06-19T17:30:25Z","5249","False"
"c360-feature-dynamic-validator","https://github.aexp.com/amex-archives/c360-feature-dynamic-validator","C360 Demographics validation utility","0","1","Java","amex-archives","2026-06-19T18:14:54Z","33305","False"
"c360-feature-entity-profile-eval","https://github.aexp.com/amex-archives/c360-feature-entity-profile-eval",,"0","0","Java","amex-archives","2026-06-19T18:22:53Z","590","False"
"c360-feature-erefresh-orchestrator","https://github.aexp.com/amex-archives/c360-feature-erefresh-orchestrator","Customer Domain Application to facilitate eRefresh Orchestration","1","0","Java","amex-archives","2026-06-19T18:23:52Z","14778","False"
"c360-feature-event-simulator","https://github.aexp.com/amex-archives/c360-feature-event-simulator",,"1","0","Java","amex-archives","2026-06-19T18:14:11Z","508","False"
"c360-feature-event-store-extract","https://github.aexp.com/amex-archives/c360-feature-event-store-extract",,"2","0","Java","amex-archives","2026-06-19T18:24:19Z","860","False"
"c360-feature-faas","https://github.aexp.com/amex-archives/c360-feature-faas",,"4","0","Java","amex-archives","2026-06-19T15:51:36Z","9617","False"
"c360-feature-inquiry","https://github.aexp.com/amex-archives/c360-feature-inquiry",,"1","3","Java","amex-archives","2026-06-19T15:09:56Z","11278","False"
"c360-feature-isl-simulator","https://github.aexp.com/amex-archives/c360-feature-isl-simulator",,"1","0","Java","amex-archives","2026-06-19T18:21:29Z","297","False"
"c360-feature-kafka-client","https://github.aexp.com/amex-archives/c360-feature-kafka-client","C360 Kafka Clients to consume or produce Kafka topics","0","0","Java","amex-archives","2026-06-19T18:21:48Z","591","False"
"c360-feature-ncoa-extract","https://github.aexp.com/amex-archives/c360-feature-ncoa-extract",,"1","0","Java","amex-archives","2026-06-19T19:02:08Z","601","False"
"c360-feature-observability","https://github.aexp.com/amex-archives/c360-feature-observability",,"0","1","Java","amex-archives","2026-06-11T20:24:29Z","145","False"
"c360-feature-pg-util-extract","https://github.aexp.com/amex-archives/c360-feature-pg-util-extract","Creating feature application to work with C360 postgres util table","0","0","Java","amex-archives","2026-06-19T18:49:23Z","436","False"
"c360-feature-prompting","https://github.aexp.com/amex-archives/c360-feature-prompting","C360 prompting rule service to capture/verify customer addresses, phone numbers, and email addresses.","0","2","Java","amex-archives","2026-06-19T19:39:27Z","1977","False"
"c360-feature-rtf-client","https://github.aexp.com/amex-archives/c360-feature-rtf-client",,"0","1","Java","amex-archives","2026-06-19T19:02:23Z","584","False"
"c360-feature-rtf-inbound-bridge","https://github.aexp.com/amex-archives/c360-feature-rtf-inbound-bridge",,"2","3","Java","amex-archives","2026-06-19T17:34:36Z","1974","False"
"c360-feature-rtf-lumi","https://github.aexp.com/amex-archives/c360-feature-rtf-lumi","This repository handles incoming RTF events and persists them into Lumi database tables for further processing and retrieval.","0","0","Java","amex-archives","2026-06-19T19:31:07Z","168894","False"
"c360-feature-rtf-outbound-bridge","https://github.aexp.com/amex-archives/c360-feature-rtf-outbound-bridge",,"2","3","Java","amex-archives","2026-06-19T18:46:12Z","43970","False"
"c360-feature-search","https://github.aexp.com/amex-archives/c360-feature-search",,"9","2","Java","amex-archives","2026-07-15T16:47:14Z","17186","False"
"c360-feature-signicat-client","https://github.aexp.com/amex-archives/c360-feature-signicat-client","A service to interact with Signicat","0","0","Java","amex-archives","2026-06-19T18:55:05Z","356","False"
"c360-feature-streamer","https://github.aexp.com/amex-archives/c360-feature-streamer",,"3","1","Java","amex-archives","2026-06-19T16:23:48Z","4301","False"
"c360-feature-streamer-bulk","https://github.aexp.com/amex-archives/c360-feature-streamer-bulk",,"1","1","Java","amex-archives","2026-06-19T16:20:11Z","823","False"
"c360-feature-two-way-ssl-proxy","https://github.aexp.com/amex-archives/c360-feature-two-way-ssl-proxy","A project to receive two way ssl traffic from APIGEE and EWP and forward it to c360 JWT endpoints","0","0","Java","amex-archives","2026-06-19T19:00:45Z","1597","False"
"c360-function-verticle-amex-bank-status","https://github.aexp.com/amex-archives/c360-function-verticle-amex-bank-status",,"0","0",,"amex-archives","2026-06-19T05:56:45Z","125","False"
"c360-function-verticle-cluster-store","https://github.aexp.com/amex-archives/c360-function-verticle-cluster-store",,"1","0","Java","amex-archives","2026-06-13T23:57:15Z","1293","False"
"c360-function-verticle-connected-components","https://github.aexp.com/amex-archives/c360-function-verticle-connected-components",,"2","0","Java","amex-archives","2026-06-19T07:08:48Z","10187","False"
"c360-function-verticle-entity-store","https://github.aexp.com/amex-archives/c360-function-verticle-entity-store",,"1","0","Java","amex-archives","2026-06-19T20:21:27Z","3290","False"
"c360-function-verticle-hyperdrive","https://github.aexp.com/amex-archives/c360-function-verticle-hyperdrive",,"0","0","Java","amex-archives","2026-06-15T16:25:12Z","329","False"
"c360-function-verticle-identifier-repository","https://github.aexp.com/amex-archives/c360-function-verticle-identifier-repository",,"0","0","Java","amex-archives","2026-06-19T05:59:21Z","457","False"
"c360-function-verticle-identity-store","https://github.aexp.com/amex-archives/c360-function-verticle-identity-store",,"8","2","Java","amex-archives","2026-06-19T17:18:15Z","11666","False"
"c360-function-verticle-qas-invoker","https://github.aexp.com/amex-archives/c360-function-verticle-qas-invoker",,"1","0","Java","amex-archives","2026-06-19T07:57:46Z","584","False"
"c360-function-verticle-rtf-gar-events","https://github.aexp.com/amex-archives/c360-function-verticle-rtf-gar-events",,"1","2","Java","amex-archives","2026-06-19T22:56:41Z","439","False"
"c360-function-verticle-rtf-outbound-bridge","https://github.aexp.com/amex-archives/c360-function-verticle-rtf-outbound-bridge",,"3","2","Java","amex-archives","2026-06-19T15:59:33Z","4829","False"
"c360-function-verticle-rules-engine","https://github.aexp.com/amex-archives/c360-function-verticle-rules-engine",,"0","1","Java","amex-archives","2026-06-13T12:40:09Z","1137","False"
"c360-function-verticle-scoring","https://github.aexp.com/amex-archives/c360-function-verticle-scoring",,"2","0","Java","amex-archives","2026-06-19T13:09:54Z","10499","False"
"c360-id-generation","https://github.aexp.com/amex-archives/c360-id-generation","Batch process to refill Redis customer, global, and business ID caches in Platinum.","0","0","Java","amex-archives","2026-06-13T15:16:34Z","1677","False"
"c360-incomewrapper","https://github.aexp.com/amex-archives/c360-incomewrapper",,"0","0","Java","amex-archives","2026-07-08T14:01:09Z","181","False"
"c360-iserve-be-lumi","https://github.aexp.com/amex-archives/c360-iserve-be-lumi","Code Repository for the iserve lumi project","0","0","Python","amex-archives","2026-06-18T10:27:47Z","136781","False"
"c360-iserve-ui-hydra","https://github.aexp.com/amex-archives/c360-iserve-ui-hydra","Repository for Quad-UI implementation on Hydra","1","0","TypeScript","amex-archives","2026-07-17T19:59:50Z","1959","False"
"c360-kafka-connect-elasticsearch","https://github.aexp.com/amex-archives/c360-kafka-connect-elasticsearch",,"0","0","Java","amex-archives","2026-06-19T04:54:13Z","2709","False"
"c360-kafka-connect-enforcer-plugin-rules","https://github.aexp.com/amex-archives/c360-kafka-connect-enforcer-plugin-rules",,"0","0","Java","amex-archives","2026-06-19T06:07:46Z","21","False"
"c360-kafka-ui","https://github.aexp.com/amex-archives/c360-kafka-ui",,"0","0","Java","amex-archives","2026-06-12T17:53:04Z","435","False"
"c360-knowledge-hub","https://github.aexp.com/amex-archives/c360-knowledge-hub",,"0","0","HTML","amex-archives","2026-06-23T14:29:50Z","924613","False"
"c360-kv-audit","https://github.aexp.com/amex-archives/c360-kv-audit","Provide auditing services for c360","0","0","JavaScript","amex-archives","2026-06-13T01:59:25Z","5425","False"
"c360-kv-monitor","https://github.aexp.com/amex-archives/c360-kv-monitor","Monitors Couchbase Mutations (Kafka monitoring)","0","0","Java","amex-archives","2026-06-17T01:57:58Z","3949","False"
"c360-kv-updater","https://github.aexp.com/amex-archives/c360-kv-updater",,"1","0","Java","amex-archives","2026-06-17T21:18:35Z","68961","False"
"c360-lumi","https://github.aexp.com/amex-archives/c360-lumi","This is used to keep all lumi specific scripts and files","4","6","Python","amex-archives","2026-07-16T15:01:41Z","268881","False"
"c360-lumi-id-redis-proxy","https://github.aexp.com/amex-archives/c360-lumi-id-redis-proxy","A Redis proxy built on HTTP for ID generation","0","0","Java","amex-archives","2026-06-14T08:53:07Z","77","False"
"c360-maven-dependency-submission-action","https://github.aexp.com/amex-archives/c360-maven-dependency-submission-action","C360 fork of the maven-dependency-submission-action action. ","0","0","TypeScript","amex-archives","2024-08-02T15:04:01Z","31992","False"
"c360-micro-batch","https://github.aexp.com/amex-archives/c360-micro-batch","https://enterprise-confluence.aexp.com/confluence/display/C360/Micro+Batch","0","0","Java","amex-archives","2026-06-17T22:34:57Z","1488","False"
"c360-mini","https://github.aexp.com/amex-archives/c360-mini","Set of utilities to manipulate c360 data","0","0","Java","amex-archives","2026-06-18T19:54:32Z","2846","False"
"c360-monitoring-platform","https://github.aexp.com/amex-archives/c360-monitoring-platform",,"0","1","Java","amex-archives","2026-06-14T22:20:04Z","331","False"
"c360-network-and-hierarchy-api","https://github.aexp.com/amex-archives/c360-network-and-hierarchy-api",,"1","0","Java","amex-archives","2026-06-19T18:10:54Z","6561","False"
"c360-network-batch-scripts","https://github.aexp.com/amex-archives/c360-network-batch-scripts",,"1","0","HiveQL","amex-archives","2026-06-11T13:52:55Z","83059","False"
"c360-platform-models","https://github.aexp.com/amex-archives/c360-platform-models",,"6","12","Java","amex-archives","2026-06-19T19:20:33Z","23573","False"
"c360-prompting-demographics","https://github.aexp.com/amex-archives/c360-prompting-demographics",,"0","1","JavaScript","amex-archives","2026-07-08T09:12:03Z","4248","False"
"c360-prompting-home","https://github.aexp.com/amex-archives/c360-prompting-home","Home page module for C360 Prompting portal","0","0","JavaScript","amex-archives","2026-07-15T11:35:18Z","1467","False"
"c360-prompting-root","https://github.aexp.com/amex-archives/c360-prompting-root","Root module for c360 prompting portal built on one app","0","0","JavaScript","amex-archives","2026-07-15T11:34:46Z","1350","False"
"c360-qas-api","https://github.aexp.com/amex-archives/c360-qas-api",,"1","2","Dockerfile","amex-archives","2026-05-22T03:17:21Z","122152","False"
"c360-qas-batch","https://github.aexp.com/amex-archives/c360-qas-batch",,"1","0","C","amex-archives","2026-06-17T09:57:50Z","5446","False"
"c360-realtime-monitoring","https://github.aexp.com/amex-archives/c360-realtime-monitoring",,"0","0","Kotlin","amex-archives","2026-06-03T15:40:35Z","1172","False"
"c360-scoring","https://github.aexp.com/amex-archives/c360-scoring","Scoring module used as replacement of NaAmex within C360 usage. It is not available/supported for external consumption","0","0","Java","amex-archives","2026-06-19T06:44:27Z","528","False"
"c360-slack-bot","https://github.aexp.com/amex-archives/c360-slack-bot","C360 Slack bot for quick and easy access to critical application and consumer metrics","1","0","Kotlin","amex-archives","2026-06-13T20:27:23Z","869","False"
"c360-smt","https://github.aexp.com/amex-archives/c360-smt","C360 SMT","0","0","HTML","amex-archives","2025-09-19T17:32:55Z","697","False"
"c360-spark-common","https://github.aexp.com/amex-archives/c360-spark-common",,"1","0","Java","amex-archives","2026-06-13T20:25:55Z","557","False"
"c360-sre","https://github.aexp.com/amex-archives/c360-sre","Customer 360 SRE monorepo (documentation, scripts, metadata)","6","2","Python","amex-archives","2026-06-19T16:22:29Z","17997","False"
"c360-sre-tools","https://github.aexp.com/amex-archives/c360-sre-tools",,"3","0","Java","amex-archives","2026-06-08T11:50:37Z","10651","False"
"c360-temp-addr","https://github.aexp.com/amex-archives/c360-temp-addr",,"1","0","Java","amex-archives","2026-06-19T18:21:50Z","954","False"
"c360automation","https://github.aexp.com/amex-archives/c360automation","Automation services for C360 Production Management team","1","0","JavaScript","amex-archives","2026-06-19T19:20:05Z","10795","False"
"c360kafkaconnect","https://github.aexp.com/amex-archives/c360kafkaconnect",,"3","2","Java","amex-archives","2026-07-08T07:31:57Z","869246","False"
"card-acquisitions-united-states","https://github.aexp.com/amex-archives/card-acquisitions-united-states","One App monorepo for Card Acquisition projects","2","0","TypeScript","amex-archives","2026-08-05T10:11:36Z","31484","False"
"cas-business-variable-form","https://github.aexp.com/amex-archives/cas-business-variable-form",,"0","0","JavaScript","amex-archives","2026-03-19T21:33:05Z","3381","False"
"cas-business-variables","https://github.aexp.com/amex-archives/cas-business-variables",,"0","0","JavaScript","amex-archives","2026-03-19T21:33:13Z","1998","False"
"case-assist","https://github.aexp.com/amex-archives/case-assist",,"0","0","JavaScript","amex-archives","2026-07-30T04:33:55Z","1891","False"
"case-disputes-live","https://github.aexp.com/amex-archives/case-disputes-live",,"0","0","JavaScript","amex-archives","2026-07-25T16:54:23Z","1390","False"
"case-setup","https://github.aexp.com/amex-archives/case-setup",,"2","0","JavaScript","amex-archives","2026-08-03T20:38:28Z","1793","False"
"CaseByAccount","https://github.aexp.com/amex-archives/CaseByAccount","The CaseByAccount Data Provider fetches a list of all CLIC cases created for a given account, irrespective of case state or workbasket. The search is performed using CM15 / Card Account Number by invoking the ReadSearchEnterpriseCaseByAccount API exposed by Case Lite (PEGA).","1","0","Java","amex-archives","2026-03-02T17:44:35Z","1064","False"
"cbp_charge-management-service","https://github.aexp.com/amex-archives/cbp_charge-management-service",,"0","0","Kotlin","amex-archives","2026-06-29T15:18:51Z","116790","False"
"cbp_client-core-service","https://github.aexp.com/amex-archives/cbp_client-core-service",,"0","0","Kotlin","amex-archives","2026-06-29T15:26:27Z","442923","False"
"cbp_http-gateway","https://github.aexp.com/amex-archives/cbp_http-gateway","The Cross Border Payments HTTP API","0","0","Kotlin","amex-archives","2026-06-30T14:23:51Z","775334","False"
"cbp_platform-tests","https://github.aexp.com/amex-archives/cbp_platform-tests","Tests against the GPaaS platform for E1 and E2","0","0","Kotlin","amex-archives","2026-06-26T12:37:47Z","49914","False"
"cc_cicd","https://github.aexp.com/amex-archives/cc_cicd",,"0","0","Python","amex-archives","2026-04-16T15:02:48Z","72","False"
"CDX-app_services_role","https://github.aexp.com/amex-archives/CDX-app_services_role","used for app services actions for infrabot","0","0","Python","amex-archives","2026-06-26T21:20:32Z","605","False"
"ce-cicd-platform-engineering","https://github.aexp.com/amex-archives/ce-cicd-platform-engineering","CICD Platform Engineering","4","1",,"amex-archives","2026-08-06T19:14:52Z","44934","False"
"ceds","https://github.aexp.com/amex-archives/ceds",,"0","0","HTML","amex-archives","2026-04-10T19:36:13Z","1549","False"
"ceg-career-growth-chatbot-root","https://github.aexp.com/amex-archives/ceg-career-growth-chatbot-root","A Chatbot Agent which will learn from the existing content and from experts in Career Growth model, to facilitate a human like interaction with our colleagues to help answering questions and share knowledge to support colleagues as they navigate Career Growth @ Amex in a way that is customized to that colleague's needs.","0","0","JavaScript","amex-archives","2026-03-19T18:13:16Z","4262","False"
"centurion-lounge-queue","https://github.aexp.com/amex-archives/centurion-lounge-queue","Repository for the Centurion Waitlist Queue website.","6","2","CSS","amex-archives","2026-06-29T15:26:23Z","8859","False"
"cep","https://github.aexp.com/amex-archives/cep",,"0","2","Scala","amex-archives","2026-07-03T19:26:29Z","1114","False"
"cep-access-control","https://github.aexp.com/amex-archives/cep-access-control",,"0","1","JavaScript","amex-archives","2026-06-17T16:46:19Z","2697","False"
"cep-access-rules","https://github.aexp.com/amex-archives/cep-access-rules","Hyperdrive Access Control Manager Rules","1","1","JavaScript","amex-archives","2026-07-27T15:17:04Z","3095","False"
"cep-consumer","https://github.aexp.com/amex-archives/cep-consumer",,"0","3","JavaScript","amex-archives","2026-07-27T17:56:42Z","3398","False"
"cep-container","https://github.aexp.com/amex-archives/cep-container",,"0","4","JavaScript","amex-archives","2026-07-21T13:37:55Z","8465","False"
"cep-documentation","https://github.aexp.com/amex-archives/cep-documentation",,"0","3","JavaScript","amex-archives","2026-06-02T04:15:25Z","2655","False"
"cep-expression-editor","https://github.aexp.com/amex-archives/cep-expression-editor","Hyperdrive exposes an expression language.","0","1","JavaScript","amex-archives","2026-06-02T04:16:49Z","2227","False"
"cep-home","https://github.aexp.com/amex-archives/cep-home",,"0","5","JavaScript","amex-archives","2026-08-03T19:09:26Z","6690","False"
"cep-notifications","https://github.aexp.com/amex-archives/cep-notifications","Hyperdrive Notifications","0","2","HTML","amex-archives","2026-07-31T19:01:37Z","7906","False"
"cep-producer-dashboard","https://github.aexp.com/amex-archives/cep-producer-dashboard",,"0","4","JavaScript","amex-archives","2026-07-29T02:57:24Z","4876","False"
"cep-register","https://github.aexp.com/amex-archives/cep-register",,"0","2","JavaScript","amex-archives","2026-07-24T20:03:27Z","2874","False"
"cep-request-access","https://github.aexp.com/amex-archives/cep-request-access","cep-request-access","0","1","JavaScript","amex-archives","2026-05-22T20:14:51Z","3500","False"
"cep-root","https://github.aexp.com/amex-archives/cep-root",,"1","5","JavaScript","amex-archives","2026-07-28T18:40:32Z","2815","False"
"cep-schema-details","https://github.aexp.com/amex-archives/cep-schema-details",,"0","3","JavaScript","amex-archives","2026-07-16T19:49:37Z","4237","False"
"cep-use-cases","https://github.aexp.com/amex-archives/cep-use-cases","To create UI for Use Cases","0","1","JavaScript","amex-archives","2026-05-22T20:16:39Z","3475","False"
"ceqe-aws-public-cloud-testautomation","https://github.aexp.com/amex-archives/ceqe-aws-public-cloud-testautomation","Test automation project for the validation of Terraform modules","3","0","Gherkin","amex-archives","2026-07-10T18:59:15Z","147961","False"
"certificate-renewal-ansible","https://github.aexp.com/amex-archives/certificate-renewal-ansible","Ansible playbook repository to automate certificate renewal and validation","0","1","Python","amex-archives","2026-07-02T16:54:56Z","538","False"
"chimera-ai","https://github.aexp.com/amex-archives/chimera-ai",,"0","0","Python","amex-archives","2026-08-05T20:51:09Z","249","False"
"chimera-architecture","https://github.aexp.com/amex-archives/chimera-architecture",,"0","1",,"amex-archives","2026-08-02T06:05:20Z","21743","False"
"chimera-backend","https://github.aexp.com/amex-archives/chimera-backend","The backend repository for the Chimera app","2","0","Python","amex-archives","2026-08-05T20:55:50Z","3323","False"
"chimera-frontend","https://github.aexp.com/amex-archives/chimera-frontend","The frontend repository for the Chimera app","2","0","TypeScript","amex-archives","2026-08-05T20:57:57Z","43728","False"
"choreo-acceptance-platform","https://github.aexp.com/amex-archives/choreo-acceptance-platform","A testing platform for validating customer journeys","0","0","TypeScript","amex-archives","2026-06-11T06:36:50Z","641","False"
"choreo-acquisition-subgraph","https://github.aexp.com/amex-archives/choreo-acquisition-subgraph","Choreo Acquisition Subgraph","0","2","JavaScript","amex-archives","2026-07-02T07:30:21Z","3232","False"
"choreo-architecture","https://github.aexp.com/amex-archives/choreo-architecture","Architecture Documentation for Choreo","0","1",,"amex-archives","2026-07-04T00:40:21Z","95187","False"
"choreo-customer-subgraph","https://github.aexp.com/amex-archives/choreo-customer-subgraph","Choreo Customer Subgraph","0","1","Java","amex-archives","2026-07-22T17:05:29Z","5263","False"
"choreo-deploy","https://github.aexp.com/amex-archives/choreo-deploy",,"0","0","Shell","amex-archives","2026-06-29T17:57:07Z","159","False"
"choreo-developer-sandbox","https://github.aexp.com/amex-archives/choreo-developer-sandbox",,"0","2","JavaScript","amex-archives","2026-06-15T17:00:15Z","1777","False"
"choreo-federated-monograph","https://github.aexp.com/amex-archives/choreo-federated-monograph",,"8","7","JavaScript","amex-archives","2026-07-09T15:46:33Z","19505","False"
"choreo-gateway","https://github.aexp.com/amex-archives/choreo-gateway","The Choreo GraphQL Gateway","2","0","JavaScript","amex-archives","2026-07-07T20:24:45Z","5751","False"
"choreo-hive-gateway","https://github.aexp.com/amex-archives/choreo-hive-gateway","Choreos GraphQL Gateway implemented using the Hive Gateway","1","0","JavaScript","amex-archives","2026-07-07T16:26:44Z","2269","False"
"choreo-identity-subgraph","https://github.aexp.com/amex-archives/choreo-identity-subgraph",,"0","2","JavaScript","amex-archives","2026-07-20T18:12:50Z","3013","False"
"choreo-in-a-box","https://github.aexp.com/amex-archives/choreo-in-a-box","Choreo in a Box is a containerized environment that includes all required subgraphs and a gateway, designed for testing and staging purposes","0","0","Shell","amex-archives","2026-06-30T06:50:23Z","128","False"
"choreo-issuance-subgraph","https://github.aexp.com/amex-archives/choreo-issuance-subgraph","Choreo Issuance Node Subgraph","0","0","JavaScript","amex-archives","2026-06-11T14:34:08Z","2530","False"
"choreo-playbook","https://github.aexp.com/amex-archives/choreo-playbook","Your first step on your journey to integrate with Choreo and GraphQL. The Choreo Playbook provides all the information you need to explore, use, and build Choreo.","6","0","MDX","amex-archives","2026-07-09T17:53:26Z","102558","False"
"choreo-portal-mono","https://github.aexp.com/amex-archives/choreo-portal-mono","Choreo Portal","0","1","TypeScript","amex-archives","2026-07-29T21:36:37Z","1935","False"
"choreo-regression-automation","https://github.aexp.com/amex-archives/choreo-regression-automation",,"0","0","Java","amex-archives","2026-07-09T12:35:14Z","3254061","False"
"choreo-subgraph-buildlogic","https://github.aexp.com/amex-archives/choreo-subgraph-buildlogic",,"0","1","Kotlin","amex-archives","2026-07-23T16:14:14Z","343","False"
"choreo-subgraph-components","https://github.aexp.com/amex-archives/choreo-subgraph-components","Choreo Graphql Subgraph Components","1","2","Kotlin","amex-archives","2026-06-29T18:15:29Z","749","False"
"choreo-subgraph-node","https://github.aexp.com/amex-archives/choreo-subgraph-node","A federated GraphQL subgraph framework implemented in Node.js","3","0","JavaScript","amex-archives","2026-07-09T06:32:15Z","2434","False"
"cia_extract_pipeline_deal_protocol","https://github.aexp.com/amex-archives/cia_extract_pipeline_deal_protocol",,"0","0","Python","amex-archives","2026-07-13T14:34:22Z","1710","False"
"CICD-Internal_CSS_Patching_App_Integration","https://github.aexp.com/amex-archives/CICD-Internal_CSS_Patching_App_Integration","This repository has been created to automate CSS patching","0","0",,"amex-archives","2026-04-20T04:22:45Z","270","False"
"CICD-Internal_Platform_health_check","https://github.aexp.com/amex-archives/CICD-Internal_Platform_health_check",,"0","0","Python","amex-archives","2026-06-17T17:42:09Z","1193","False"
"cicd-saucelabs-job-history","https://github.aexp.com/amex-archives/cicd-saucelabs-job-history","cicd-saucelabs-job-history","0","0","Python","amex-archives","2026-07-09T22:39:39Z","10","False"
"cicd-test-bdd-testsuite","https://github.aexp.com/amex-archives/cicd-test-bdd-testsuite",,"6","4","Gherkin","amex-archives","2026-07-31T06:14:36Z","282479","False"
"cicd-tools-performance-testsuite","https://github.aexp.com/amex-archives/cicd-tools-performance-testsuite",,"1","1","Scala","amex-archives","2026-06-18T00:06:59Z","207385","False"
"clasp","https://github.aexp.com/amex-archives/clasp","CLASP is a command line interface layer on top of the Salesforce CLI that reduces manual tasks when working with Salesforce projects.","3","0","JavaScript","amex-archives","2026-07-02T16:57:19Z","4136","False"
"client-access-registration-authorization","https://github.aexp.com/amex-archives/client-access-registration-authorization","Child Module(Authorization) for Client Access Registration","1","16","JavaScript","amex-archives","2026-08-01T18:38:58Z","6937","False"
"client-access-registration-home","https://github.aexp.com/amex-archives/client-access-registration-home","HomePage Module for Client Access Registration","0","0","JavaScript","amex-archives","2026-08-01T18:33:47Z","4171","False"
"client-access-registration-market-personas","https://github.aexp.com/amex-archives/client-access-registration-market-personas","UI Repo for CAReg application to manage market/persona details","0","11","JavaScript","amex-archives","2026-08-01T18:36:59Z","1630","False"
"client-access-registration-root","https://github.aexp.com/amex-archives/client-access-registration-root","Root Module for Client Access Registration","2","13","JavaScript","amex-archives","2026-08-01T18:39:56Z","15558","False"
"client-access-registration-user-detail","https://github.aexp.com/amex-archives/client-access-registration-user-detail","Child Module(UserProfile) for Client Access Registration","0","2","JavaScript","amex-archives","2026-08-01T18:39:34Z","4462","False"
"cloud-api-documentation","https://github.aexp.com/amex-archives/cloud-api-documentation","Documentation for the?PaaS platform API.","3","7","JavaScript","amex-archives","2026-06-26T13:21:21Z","6044","False"
"cloud-experience","https://github.aexp.com/amex-archives/cloud-experience","Documentation for the cloud experience project","1","1","JavaScript","amex-archives","2026-06-08T15:46:04Z","43513","False"
"cloud-libs","https://github.aexp.com/amex-archives/cloud-libs","PaaS API libraries","0","0","Go","amex-archives","2026-06-10T11:24:58Z","26","False"
"cloud-metric","https://github.aexp.com/amex-archives/cloud-metric","Enterprise Cloud metrics calculation repo","0","0","Go","amex-archives","2026-07-05T02:10:04Z","1195","False"
"cloud-vulnerability-workflows","https://github.aexp.com/amex-archives/cloud-vulnerability-workflows","Reusable github workflows for vulnerability fixes","0","0","Go","amex-archives","2026-07-08T16:20:01Z","15853","False"
"cls-azure-native-policy","https://github.aexp.com/amex-archives/cls-azure-native-policy","Repository for Management and attachment of Azure Native Policies for subscriptions and management groups.","3","0","HCL","amex-archives","2026-07-02T17:40:45Z","470","False"
"cls-docs","https://github.aexp.com/amex-archives/cls-docs","Cloud Security Documentation","1","1","JavaScript","amex-archives","2026-07-13T18:10:11Z","33830","False"
"cls-gcp-native-controls","https://github.aexp.com/amex-archives/cls-gcp-native-controls","This Repository will house the cloud native controls for the GCP platform","3","8","HCL","amex-archives","2026-07-06T06:35:11Z","449","False"
"cls-mvp_sdlc-cloudsec-aws-management-scps","https://github.aexp.com/amex-archives/cls-mvp_sdlc-cloudsec-aws-management-scps","Attachment side of AWS SCPs. SCP policy docs lives in the policies directory and policies doc combiner lives in the script directory","0","2","Python","amex-archives","2026-04-07T21:10:03Z","738","False"
"cls_policy-as-code","https://github.aexp.com/amex-archives/cls_policy-as-code","Repository to centralize policy as code for cloud providers","9","5","HCL","amex-archives","2026-08-05T17:34:07Z","53674","False"
"cnmisweb_capabilities","https://github.aexp.com/amex-archives/cnmisweb_capabilities",,"0","0","C#","amex-archives","2026-06-18T20:52:45Z","33866","False"
"cnmisweb_cnmisweb","https://github.aexp.com/amex-archives/cnmisweb_cnmisweb","This repository contains database, ETL, OLAP and front end code for the internal credit MIS suite, related to the GSN Executive MIS (GEM) application.","1","0","C#","amex-archives","2026-07-31T18:49:48Z","654671","False"
"coachman","https://github.aexp.com/amex-archives/coachman","Coachman API Review Agent is an automated OpenAPI specification review system powered by Large Language Models (LLMs). It analyzes API specs against opinionated rules and best practices, generating structured, traceable HTML and JSON reports.","8","0","JavaScript","amex-archives","2026-07-16T20:18:55Z","9662","False"
"colleague-digital-document-capability-performance-improvement-plan","https://github.aexp.com/amex-archives/colleague-digital-document-capability-performance-improvement-plan","Performance Improvement Plan Module for CDDC UI","0","0","JavaScript","amex-archives","2026-03-19T18:01:20Z","225","False"
"colleague-digital-document-capability-taleo","https://github.aexp.com/amex-archives/colleague-digital-document-capability-taleo","Taleo Module ","0","1","JavaScript","amex-archives","2026-03-19T18:01:12Z","373","False"
"command-center-sre","https://github.aexp.com/amex-archives/command-center-sre","Command Center Documentation","0","0","JavaScript","amex-archives","2026-06-23T14:06:13Z","23778","False"
"connect-edge-modules","https://github.aexp.com/amex-archives/connect-edge-modules","Child module for connect-adge app built using One App.","0","2","JavaScript","amex-archives","2026-07-23T21:37:28Z","2743","False"
"constellation","https://github.aexp.com/amex-archives/constellation","Constellation GraphQL Browser","0","0","TypeScript","amex-archives","2026-05-01T19:50:37Z","27811","False"
"control-tower-case-management","https://github.aexp.com/amex-archives/control-tower-case-management",,"0","0","TypeScript","amex-archives","2026-07-30T11:20:06Z","1837","False"
"control-tower-instruments-management","https://github.aexp.com/amex-archives/control-tower-instruments-management","Portal to allow instrument inspectors to search instruments, filter the results, and show linked products for selected instruments.","0","0","TypeScript","amex-archives","2026-07-22T16:39:53Z","30237","False"
"control-tower-manual-capture","https://github.aexp.com/amex-archives/control-tower-manual-capture","The Control Tower Manual Capture module assists financial operations in returning, adjusting, or making payments to customer accounts","0","0","TypeScript","amex-archives","2026-08-04T16:36:08Z","218278","False"
"control-tower-payments-hub","https://github.aexp.com/amex-archives/control-tower-payments-hub","Module to enable American Express employees to create a 'mandate' to enable the customer to have an overpayment returned to them. The account where the overpayment is being sent to could be different to the stored instrument for Direct Debit.","0","0","TypeScript","amex-archives","2026-07-10T13:47:08Z","684580","False"
"core-commercial-services","https://github.aexp.com/amex-archives/core-commercial-services","Core Commercial Services docs","0","1",,"amex-archives","2026-07-08T12:43:51Z","823","False"
"core-web-frameworks-automation","https://github.aexp.com/amex-archives/core-web-frameworks-automation","Github Actions automations","1","2","JavaScript","amex-archives","2026-07-24T22:55:15Z","67041","False"
"cornerstone_di-preprocessor","https://github.aexp.com/amex-archives/cornerstone_di-preprocessor",,"3","2","Python","amex-archives","2026-07-28T22:40:23Z","25991","False"
"corporate-insights-common","https://github.aexp.com/amex-archives/corporate-insights-common",,"0","0","TypeScript","amex-archives","2026-06-25T15:35:51Z","1546","False"
"corporate-insights-hub-homepage","https://github.aexp.com/amex-archives/corporate-insights-hub-homepage","GCS project phoenix insights hub homepage","0","4","JavaScript","amex-archives","2026-08-01T19:06:27Z","7875","False"
"corporate-onboarding-common","https://github.aexp.com/amex-archives/corporate-onboarding-common","Corporate Onboarding Common Components and Utilities","3","0","TypeScript","amex-archives","2026-07-15T15:39:52Z","10986","False"
"corporate-online-payments-autopay","https://github.aexp.com/amex-archives/corporate-online-payments-autopay",,"1","0","JavaScript","amex-archives","2026-07-24T21:13:23Z","1940","False"
"cpd-journeys","https://github.aexp.com/amex-archives/cpd-journeys",,"0","1","Gherkin","amex-archives","2026-08-25T11:10:35Z","2833","False"
"create-dispute","https://github.aexp.com/amex-archives/create-dispute","Create a Dispute journey in ISP, wrapper for servicing-transactions module","0","3","JavaScript","amex-archives","2026-04-01T20:50:46Z","421","False"
"cse_server_info","https://github.aexp.com/amex-archives/cse_server_info","this is used to run the commands to get serverinfo details.","1","0","Python","amex-archives","2026-05-08T20:34:09Z","4454","False"
"cse_temp_admin","https://github.aexp.com/amex-archives/cse_temp_admin",,"0","0",,"amex-archives","2026-07-03T05:46:08Z","479","False"
"cse_user-validation","https://github.aexp.com/amex-archives/cse_user-validation",,"0","0",,"amex-archives","2026-06-26T17:05:14Z","130","False"
"cse_vm_reconfig","https://github.aexp.com/amex-archives/cse_vm_reconfig","CSE VM Reconfig Repo","1","0","Python","amex-archives","2026-07-13T18:50:22Z","1020","False"
"cse_vm_snapshot","https://github.aexp.com/amex-archives/cse_vm_snapshot",,"1","0","Python","amex-archives","2026-05-13T15:56:06Z","69618","False"
"cto-rnd-gha","https://github.aexp.com/amex-archives/cto-rnd-gha","Repository that contains commonly used Github Actions Workflows","0","1",,"amex-archives","2026-03-02T20:17:23Z","40","False"
"cust360-id-generation","https://github.aexp.com/amex-archives/cust360-id-generation",,"0","0","Java","amex-archives","2026-06-19T18:10:58Z","287","False"
"cust360_cornerstone_hiveudf","https://github.aexp.com/amex-archives/cust360_cornerstone_hiveudf",,"0","1","Java","amex-archives","2026-06-13T12:43:44Z","60596","False"
"customer-account-management","https://github.aexp.com/amex-archives/customer-account-management",,"1","0","JavaScript","amex-archives","2026-07-22T18:15:15Z","6857","False"
"customer-engagement-evidence-servicing-offer-snapshot","https://github.aexp.com/amex-archives/customer-engagement-evidence-servicing-offer-snapshot",,"0","1","JavaScript","amex-archives","2026-03-19T21:22:14Z","1089","False"
"customer-engagement-evidence-servicing-offer-volume-trend","https://github.aexp.com/amex-archives/customer-engagement-evidence-servicing-offer-volume-trend",,"0","0","JavaScript","amex-archives","2026-03-19T21:22:21Z","1137","False"
"customer-engagement-evidence-servicing-query-builder","https://github.aexp.com/amex-archives/customer-engagement-evidence-servicing-query-builder","Holds React components that assists in building queries.","0","0","JavaScript","amex-archives","2026-03-19T21:22:28Z","1710","False"
"customer-identity-access-management-child","https://github.aexp.com/amex-archives/customer-identity-access-management-child","The primary objective of CIAM is to incorporate customer relationship access policies and controls into Enterprise Identity authorization framework, centralizing enforcement to create a consistent experience. Seamless, secure and customized customer experience based on access controls. ","0","0","TypeScript","amex-archives","2026-04-02T00:05:01Z","3712","False"
"customer-identity-access-management-root","https://github.aexp.com/amex-archives/customer-identity-access-management-root",,"0","0","JavaScript","amex-archives","2026-06-06T19:15:32Z","269","False"
"customer-paperless-settings","https://github.aexp.com/amex-archives/customer-paperless-settings","Module for banking paperless settings read and update processes and info.","0","0","JavaScript","amex-archives","2026-07-30T18:26:24Z","8853","False"
"customer-product-profile","https://github.aexp.com/amex-archives/customer-product-profile",,"0","0","JavaScript","amex-archives","2026-07-30T15:08:13Z","9044","False"
"customer-profile-address-capture","https://github.aexp.com/amex-archives/customer-profile-address-capture",,"0","0","JavaScript","amex-archives","2026-07-30T18:44:49Z","7153","False"
"customer-profile-email-capture","https://github.aexp.com/amex-archives/customer-profile-email-capture",,"0","0","JavaScript","amex-archives","2026-07-30T18:47:55Z","24355","False"
"customer-profile-email-container","https://github.aexp.com/amex-archives/customer-profile-email-container",,"0","0","JavaScript","amex-archives","2026-07-20T17:48:46Z","2596","False"
"customer-profile-phone-capture","https://github.aexp.com/amex-archives/customer-profile-phone-capture",,"1","0","JavaScript","amex-archives","2026-07-30T18:55:56Z","16692","False"
"customer-profile-phone-container","https://github.aexp.com/amex-archives/customer-profile-phone-container",,"0","0","JavaScript","amex-archives","2026-06-11T00:20:51Z","3571","False"
"customer-profile-service","https://github.aexp.com/amex-archives/customer-profile-service","C360 Customer Profile Service","0","0","Java","amex-archives","2026-06-19T05:05:38Z","1123","False"
"customer-relationship-details","https://github.aexp.com/amex-archives/customer-relationship-details","Create a one app module to service on the customer relation details","0","0","JavaScript","amex-archives","2026-07-01T08:34:57Z","1530","False"
"customer-remit-info","https://github.aexp.com/amex-archives/customer-remit-info","Create a one app module to service on the Remit Information","0","0","JavaScript","amex-archives","2026-07-01T14:18:29Z","2078","False"
"customer-search","https://github.aexp.com/amex-archives/customer-search","Customer ID search and advance customer search options","0","2","JavaScript","amex-archives","2026-03-20T03:37:59Z","887","False"
"customer360portal-ui","https://github.aexp.com/amex-archives/customer360portal-ui",,"0","0","JavaScript","amex-archives","2026-08-07T18:06:50Z","13563","False"
"customer360sirocco","https://github.aexp.com/amex-archives/customer360sirocco","This is a proxy for Prometheus built on GO.","0","0","Dockerfile","amex-archives","2026-06-16T15:21:38Z","370","False"
"customer360ui_customer360","https://github.aexp.com/amex-archives/customer360ui_customer360","Customer 360 - To provide best user experience that represents a holistic and seamless view of the customer.","7","0","Java","amex-archives","2026-06-19T20:11:26Z","72923","False"
"customer_activity_journal","https://github.aexp.com/amex-archives/customer_activity_journal","Customer 360 - To provide best user experience that represents a holistic and seamless view of the customer.","1","1","Java","amex-archives","2026-06-18T16:18:49Z","64491","False"
"customtasks","https://github.aexp.com/amex-archives/customtasks",,"0","0",,"amex-archives","2025-03-19T18:44:43Z","315","False"
"da-slack_report","https://github.aexp.com/amex-archives/da-slack_report",,"0","0","Python","amex-archives","2026-07-14T12:09:36Z","31779","False"
"da-sre","https://github.aexp.com/amex-archives/da-sre","This is the runbook repo for the Digital Acquisition SRE","0","0","JavaScript","amex-archives","2026-07-12T09:58:00Z","24065","False"
"da-ui","https://github.aexp.com/amex-archives/da-ui",,"1","0","TypeScript","amex-archives","2026-07-16T14:26:37Z","12535","False"
"dagr_registry_dev_encoder_test","https://github.aexp.com/amex-archives/dagr_registry_dev_encoder_test",,"0","0",,"amex-archives","2025-11-11T05:22:54Z","55","False"
"darmstadt","https://github.aexp.com/amex-archives/darmstadt","The coolest developer experience tool for GCST","0","0","TypeScript","amex-archives","2026-06-18T18:51:42Z","1158","False"
"data-service-dashboard","https://github.aexp.com/amex-archives/data-service-dashboard",,"0","0","JavaScript","amex-archives","2026-08-02T02:26:10Z","11753","False"
"data-service-platform","https://github.aexp.com/amex-archives/data-service-platform",,"0","0","JavaScript","amex-archives","2026-08-02T02:26:09Z","1499","False"
"database-operations-accomplishment","https://github.aexp.com/amex-archives/database-operations-accomplishment","This module is part of DBO Portal application where it tracks accomplishment data of DBO teams.","0","0","JavaScript","amex-archives","2026-07-22T18:46:10Z","1208","False"
"database-operations-backup-report","https://github.aexp.com/amex-archives/database-operations-backup-report",,"0","0","JavaScript","amex-archives","2026-06-08T20:31:55Z","884","False"
"database-operations-change-assignment","https://github.aexp.com/amex-archives/database-operations-change-assignment",,"0","0","JavaScript","amex-archives","2026-06-08T20:32:06Z","1242","False"
"database-operations-change-calender","https://github.aexp.com/amex-archives/database-operations-change-calender",,"0","0","JavaScript","amex-archives","2026-06-08T20:32:24Z","1991","False"
"database-operations-compute-job","https://github.aexp.com/amex-archives/database-operations-compute-job",,"0","0","JavaScript","amex-archives","2026-07-21T10:07:53Z","2647","False"
"database-operations-create-change-request","https://github.aexp.com/amex-archives/database-operations-create-change-request",,"0","0","JavaScript","amex-archives","2026-05-01T20:00:37Z","395","False"
"database-operations-header","https://github.aexp.com/amex-archives/database-operations-header",,"0","0","JavaScript","amex-archives","2026-07-08T22:14:32Z","1595","False"
"database-operations-health-check","https://github.aexp.com/amex-archives/database-operations-health-check",,"0","0","JavaScript","amex-archives","2026-06-08T20:32:58Z","1400","False"
"database-operations-home","https://github.aexp.com/amex-archives/database-operations-home",,"0","0","JavaScript","amex-archives","2026-07-27T05:05:04Z","4308","False"
"database-operations-impacted-change","https://github.aexp.com/amex-archives/database-operations-impacted-change",,"0","0","JavaScript","amex-archives","2026-06-08T20:33:07Z","2145","False"
"database-operations-incident-details","https://github.aexp.com/amex-archives/database-operations-incident-details",,"0","0","JavaScript","amex-archives","2026-06-08T20:56:28Z","2237","False"
"database-operations-inventory","https://github.aexp.com/amex-archives/database-operations-inventory",,"0","0","JavaScript","amex-archives","2026-06-08T20:33:30Z","2172","False"
"database-operations-manage-turnover","https://github.aexp.com/amex-archives/database-operations-manage-turnover",,"0","0","JavaScript","amex-archives","2026-06-08T20:33:41Z","1196","False"
"database-operations-menu","https://github.aexp.com/amex-archives/database-operations-menu",,"0","0","JavaScript","amex-archives","2026-06-08T20:33:53Z","1158","False"
"database-operations-quick-links","https://github.aexp.com/amex-archives/database-operations-quick-links",,"0","0","JavaScript","amex-archives","2026-06-08T20:34:04Z","1497","False"
"database-operations-run-books","https://github.aexp.com/amex-archives/database-operations-run-books",,"0","0","JavaScript","amex-archives","2026-06-08T20:34:16Z","2466","False"
"database-operations-scripts","https://github.aexp.com/amex-archives/database-operations-scripts",,"0","0","JavaScript","amex-archives","2026-06-08T20:34:27Z","1161","False"
"database-operations-trend","https://github.aexp.com/amex-archives/database-operations-trend",,"0","0","JavaScript","amex-archives","2026-06-11T21:25:43Z","4053","False"
"database-operations-turnover-leads","https://github.aexp.com/amex-archives/database-operations-turnover-leads","This module is part of DX turnover application where DBO leads will be able to accept and view turnovers.","0","0","JavaScript","amex-archives","2026-06-08T23:46:43Z","793","False"
"database-operations-turnover-report","https://github.aexp.com/amex-archives/database-operations-turnover-report",,"0","0","JavaScript","amex-archives","2026-06-08T20:35:14Z","941","False"
"database-operations-turnover-status","https://github.aexp.com/amex-archives/database-operations-turnover-status","database-operations-turnover-status","0","0","JavaScript","amex-archives","2026-06-08T20:35:20Z","810","False"
"database-operations-turnover-submission","https://github.aexp.com/amex-archives/database-operations-turnover-submission",,"0","0","JavaScript","amex-archives","2026-06-08T20:35:28Z","117752","False"
"DB-Changes-for-ODPF","https://github.aexp.com/amex-archives/DB-Changes-for-ODPF",,"0","0",,"amex-archives","2025-10-20T12:35:49Z","8","False"
"dbot","https://github.aexp.com/amex-archives/dbot",,"0","6","Python","amex-archives","2026-07-07T14:37:19Z","2524","False"
"dbo_couchbase","https://github.aexp.com/amex-archives/dbo_couchbase",,"0","1","Python","amex-archives","2026-07-03T10:14:45Z","16662","False"
"dbo_eap_cb","https://github.aexp.com/amex-archives/dbo_eap_cb",,"0","4","Python","amex-archives","2026-06-10T07:54:34Z","561","False"
"dcn-api","https://github.aexp.com/amex-archives/dcn-api","Mono repo for dotconnector.","1","1","Go","amex-archives","2026-06-29T00:28:34Z","1313","False"
"dcn-devops-apps","https://github.aexp.com/amex-archives/dcn-devops-apps",,"1","0","Smarty","amex-archives","2026-06-22T15:17:50Z","19334","False"
"dcn-go-common","https://github.aexp.com/amex-archives/dcn-go-common","Common stuff for golang repos.","0","1","Go","amex-archives","2026-06-16T16:58:12Z","135","False"
"dcn-jobs","https://github.aexp.com/amex-archives/dcn-jobs","This is a mono repo for all dotconnector data ingestion jobs.","0","1","Go","amex-archives","2026-06-19T00:42:15Z","21029","False"
"dcn-smee","https://github.aexp.com/amex-archives/dcn-smee","To host smee service in hydra","0","0","Dockerfile","amex-archives","2026-06-16T13:18:47Z","15","False"
"design-docs-root","https://github.aexp.com/amex-archives/design-docs-root",,"1","3","MDX","amex-archives","2026-07-24T14:10:21Z","933786","False"
"desktop-bridge_desktopbridge-devutil","https://github.aexp.com/amex-archives/desktop-bridge_desktopbridge-devutil",,"4","2",,"amex-archives","2024-10-03T22:45:23Z","25905","False"
"desktop-bridge_desktopbridge-interface","https://github.aexp.com/amex-archives/desktop-bridge_desktopbridge-interface",,"1","2","JavaScript","amex-archives","2024-10-03T21:43:57Z","15133","False"
"desktopBridge-util","https://github.aexp.com/amex-archives/desktopBridge-util","This repository is used as custom logger package for Desktop Bridge Application to provide the common functionality between the multiple applications.","0","0","Go","amex-archives","2024-06-13T20:29:56Z","5","False"
"dev-hub","https://github.aexp.com/amex-archives/dev-hub","Developer Hub for One App and other services & tools","0","0","TypeScript","amex-archives","2026-07-24T19:53:46Z","1121","False"
"dev-lab-transaction-lifecycle","https://github.aexp.com/amex-archives/dev-lab-transaction-lifecycle","dev-lab-transaction-lifecycle","1","0","JavaScript","amex-archives","2026-06-18T08:30:01Z","682","False"
"developer-experience-platform-productivity","https://github.aexp.com/amex-archives/developer-experience-platform-productivity",,"0","0","JavaScript","amex-archives","2026-07-27T09:51:41Z","3546","False"
"developer-experience-platform-root","https://github.aexp.com/amex-archives/developer-experience-platform-root",,"0","4","JavaScript","amex-archives","2026-07-31T20:33:46Z","8148","False"
"developer-experience-platform-signals","https://github.aexp.com/amex-archives/developer-experience-platform-signals",,"1","0","JavaScript","amex-archives","2026-07-27T09:58:16Z","2529","False"
"developer-experience-platform-tooling","https://github.aexp.com/amex-archives/developer-experience-platform-tooling",,"0","0","JavaScript","amex-archives","2026-07-27T09:57:40Z","2831","False"
"developer-lab-call-logs","https://github.aexp.com/amex-archives/developer-lab-call-logs",,"1","0","JavaScript","amex-archives","2026-02-20T14:21:55Z","362","False"
"developer-lab-card-operations","https://github.aexp.com/amex-archives/developer-lab-card-operations",,"1","0","JavaScript","amex-archives","2026-02-20T14:22:01Z","985","False"
"developer-lab-testing","https://github.aexp.com/amex-archives/developer-lab-testing",,"0","0","JavaScript","amex-archives","2026-02-20T14:22:08Z","597","False"
"developer-lab-webhook-logs","https://github.aexp.com/amex-archives/developer-lab-webhook-logs",,"1","0","JavaScript","amex-archives","2026-02-20T14:22:15Z","667","False"
"devintest100","https://github.aexp.com/amex-archives/devintest100","This is the testing repository","0","0",,"amex-archives","2026-01-05T17:51:26Z","0","False"
"devintest49","https://github.aexp.com/amex-archives/devintest49","This is the testing repository","0","0",,"amex-archives","2026-01-05T17:47:05Z","0","False"
"devintest97","https://github.aexp.com/amex-archives/devintest97","This is the testing repository","0","0",,"amex-archives","2026-01-05T17:56:25Z","0","False"
"devintest98","https://github.aexp.com/amex-archives/devintest98","This is the testing repository","0","0",,"amex-archives","2026-01-05T17:51:56Z","0","False"
"devmetrics","https://github.aexp.com/amex-archives/devmetrics",,"1","1","Java","amex-archives","2026-07-16T16:21:09Z","40570","False"
"digital-data-attributes-configuration-test-automation","https://github.aexp.com/amex-archives/digital-data-attributes-configuration-test-automation",,"0","0","JavaScript","amex-archives","2026-06-03T05:33:02Z","752","False"
"Digital-Marketing-Platform_mle-cb-eventing","https://github.aexp.com/amex-archives/Digital-Marketing-Platform_mle-cb-eventing",,"2","2","JavaScript","amex-archives","2026-07-23T02:48:42Z","3054","False"
"Digital-Marketing-Platform_mle_solr_primary","https://github.aexp.com/amex-archives/Digital-Marketing-Platform_mle_solr_primary",,"0","4","JavaScript","amex-archives","2026-08-18T11:23:00Z","37231","False"
"digital-payments-dining-experiment","https://github.aexp.com/amex-archives/digital-payments-dining-experiment","For testing LLM response and experimental work","0","1","JavaScript","amex-archives","2026-03-19T12:58:31Z","385","False"
"digital-payments-dining-page-wrapper","https://github.aexp.com/amex-archives/digital-payments-dining-page-wrapper","A parent component, will be used as a wrapper for child modules.","0","1","JavaScript","amex-archives","2026-03-19T12:58:38Z","390","False"
"digital-payments-dining-view","https://github.aexp.com/amex-archives/digital-payments-dining-view",,"0","3","JavaScript","amex-archives","2026-07-14T15:26:13Z","6299","False"
"digital-payments-discover-view","https://github.aexp.com/amex-archives/digital-payments-discover-view","Find or discover dining restaurants according to the user requirement","0","1","JavaScript","amex-archives","2026-06-30T03:36:01Z","4634","False"
"disclosure-creation-portal","https://github.aexp.com/amex-archives/disclosure-creation-portal","Portal for creating disclosures and the targeting / throttling plans for releasing and monitoring disclosures.","3","0","JavaScript","amex-archives","2026-07-10T08:21:18Z","1094","False"
"dist-auth-eng_amp-codegen","https://github.aexp.com/amex-archives/dist-auth-eng_amp-codegen","Auto generated code used in AMP","3","2","Java","amex-archives","2026-08-28T19:31:41Z","36743","False"
"dist-auth-eng_amp-jvm","https://github.aexp.com/amex-archives/dist-auth-eng_amp-jvm","Authorizations Modernization Project (AMP)","38","9","Java","amex-archives","2026-08-26T10:33:58Z","984529","False"
"dist-auth-eng_amp-python","https://github.aexp.com/amex-archives/dist-auth-eng_amp-python",,"5","0","Python","amex-archives","2026-07-31T08:51:27Z","46029","False"
"dls","https://github.aexp.com/amex-archives/dls","A monorepo for the DLS team","23","47","TypeScript","amex-archives","2026-07-13T19:29:58Z","934533","False"
"dls-root","https://github.aexp.com/amex-archives/dls-root","OneApp root module for dls.aexp.com tenancy","3","3","JavaScript","amex-archives","2026-07-24T14:22:33Z","61780","False"
"dls-uplift","https://github.aexp.com/amex-archives/dls-uplift",,"1","0","JavaScript","amex-archives","2026-06-29T19:27:05Z","2515","False"
"dls-usage-statistics","https://github.aexp.com/amex-archives/dls-usage-statistics","A Holocron module to query and display usage statistics of DLS across the enterprise","2","0","TypeScript","amex-archives","2026-07-14T18:40:15Z","2149","False"
"document-upload-login","https://github.aexp.com/amex-archives/document-upload-login","Login module for document upload feature","0","0","JavaScript","amex-archives","2026-07-17T22:29:19Z","2264","False"
"document-upload-root","https://github.aexp.com/amex-archives/document-upload-root","Root module for document upload portal.","0","3","JavaScript","amex-archives","2026-07-17T06:40:12Z","2197","False"
"document-upload-submission","https://github.aexp.com/amex-archives/document-upload-submission","Module for document upload submission","0","1","JavaScript","amex-archives","2026-07-21T01:20:46Z","2516","False"
"DOE-Automation-AOT-E2E","https://github.aexp.com/amex-archives/DOE-Automation-AOT-E2E","DOE Automation AOT E2E testcases","0","0","TypeScript","amex-archives","2026-07-01T10:22:43Z","1978","False"
"dot-connector-infra-ansible","https://github.aexp.com/amex-archives/dot-connector-infra-ansible",,"2","0","Shell","amex-archives","2026-08-10T20:09:07Z","634","False"
"dot-connector_dcn-charts","https://github.aexp.com/amex-archives/dot-connector_dcn-charts",,"2","4","Mustache","amex-archives","2025-07-26T05:01:06Z","59790","False"
"dot-connector_docker-alpine","https://github.aexp.com/amex-archives/dot-connector_docker-alpine",,"1","0","Groovy","amex-archives","2025-07-26T05:01:13Z","57","False"
"dot-connector_docker-node","https://github.aexp.com/amex-archives/dot-connector_docker-node",,"2","1","Groovy","amex-archives","2025-07-26T05:01:06Z","10004","False"
"dp-dining-admin-portal","https://github.aexp.com/amex-archives/dp-dining-admin-portal",,"0","1","JavaScript","amex-archives","2026-07-01T17:58:09Z","376","False"
"dp-dining-genius","https://github.aexp.com/amex-archives/dp-dining-genius",,"0","1","Python","amex-archives","2026-05-27T04:52:01Z","44292","False"
"dp-dining-service","https://github.aexp.com/amex-archives/dp-dining-service",,"0","1",,"amex-archives","2026-03-24T07:00:45Z","610","False"
"DP_dp-utility-dataaccess-src","https://github.aexp.com/amex-archives/DP_dp-utility-dataaccess-src",,"0","2","Java","amex-archives","2026-07-15T11:24:19Z","1358","False"
"dragon","https://github.aexp.com/amex-archives/dragon","A tool for generating queryable data about how specific NPM packages are used at American Express","4","3","TypeScript","amex-archives","2026-07-08T15:07:26Z","1944","False"
"dxt-vendor-shared-scripts","https://github.aexp.com/amex-archives/dxt-vendor-shared-scripts","Repository for Amex hosted vendor scripts as well as shared internal utilities","3","21","JavaScript","amex-archives","2026-08-15T20:21:38Z","6176","False"
"dynamic-form","https://github.aexp.com/amex-archives/dynamic-form",,"0","0","JavaScript","amex-archives","2026-07-24T17:18:31Z","2828","False"
"e3-lfs","https://github.aexp.com/amex-archives/e3-lfs",,"0","0",,"amex-archives","2026-07-20T17:11:35Z","0","False"
"e3-migration-lfs","https://github.aexp.com/amex-archives/e3-migration-lfs","Test repository for LFS","0","0",,"amex-archives","2026-06-29T21:52:05Z","711490","False"
"ea-design-playbook","https://github.aexp.com/amex-archives/ea-design-playbook",,"34","141",,"amex-archives","2026-05-14T16:33:01Z","63573","False"
"ea-design-playbook-devin","https://github.aexp.com/amex-archives/ea-design-playbook-devin","Playbook for Cognition Devin","3","3",,"amex-archives","2026-07-22T16:44:20Z","17028","False"
"ea-design-playbook-domain","https://github.aexp.com/amex-archives/ea-design-playbook-domain",,"0","14",,"amex-archives","2026-06-10T18:41:33Z","39410","False"
"ea-design-playbook-test","https://github.aexp.com/amex-archives/ea-design-playbook-test","Testing major updates to EADPA","0","0","Python","amex-archives","2025-10-03T18:28:34Z","54212","False"
"eadpa-playbook","https://github.aexp.com/amex-archives/eadpa-playbook","An EA architecture playbook detailing and documenting the architecture for the EA Design Playbook Assistant.","0","8",,"amex-archives","2026-07-02T20:03:58Z","58225","False"
"eap-automation_validation-engine","https://github.aexp.com/amex-archives/eap-automation_validation-engine",,"0","0","Go","amex-archives","2026-07-20T17:26:15Z","21753","False"
"earlybird-k8s","https://github.aexp.com/amex-archives/earlybird-k8s","Kubernetes orchestrator for earlybird scan.","1","1","Go","amex-archives","2026-06-26T12:43:13Z","8903","False"
"earlybird_designated-test-card-numbers","https://github.aexp.com/amex-archives/earlybird_designated-test-card-numbers",,"7","6",,"amex-archives","2026-02-24T19:19:06Z","10","False"
"earlybird_earlybird","https://github.aexp.com/amex-archives/earlybird_earlybird","Secret Detection tool","4","1","Go","amex-archives","2026-06-30T08:36:11Z","151171","False"
"ebi_infa_migration","https://github.aexp.com/amex-archives/ebi_infa_migration","This repository is used for Informatica Migrations only","0","9","Shell","amex-archives","2026-07-15T13:34:25Z","591","False"
"ecp-hcdi_apigateway","https://github.aexp.com/amex-archives/ecp-hcdi_apigateway","Project for all KrakenD API gateway work","4","1","Go","amex-archives","2026-07-09T15:19:55Z","3384498","False"
"ecp-hcdi_audit-service","https://github.aexp.com/amex-archives/ecp-hcdi_audit-service",,"0","0","Go","amex-archives","2026-07-09T08:03:56Z","38960","False"
"ecp-hcdi_cloud-portal","https://github.aexp.com/amex-archives/ecp-hcdi_cloud-portal","This is a Unified UI for CRM(Certificate Manager), HUM(Hydra Uplift Manager) and Console Home(To view the consolidated list of V4 and Hydra projects)","1","1","JavaScript","amex-archives","2026-07-09T07:32:55Z","5984","False"
"ecp-hcdi_okta","https://github.aexp.com/amex-archives/ecp-hcdi_okta",,"0","0","Go","amex-archives","2026-06-23T08:55:01Z","2521","False"
"ECP_Puppet_Infra","https://github.aexp.com/amex-archives/ECP_Puppet_Infra","This repository is use to store infra config and codes.","0","0","Shell","amex-archives","2025-04-30T10:43:26Z","52174","False"
"ecto-demo","https://github.aexp.com/amex-archives/ecto-demo","Enterprise Cloud Technology Office Demo Application","1","0","HTML","amex-archives","2025-12-10T18:03:47Z","1260","False"
"ecto-demo-sg","https://github.aexp.com/amex-archives/ecto-demo-sg","ECTO EKS DevCon 2025 Demo","0","0","CSS","amex-archives","2026-05-20T17:46:53Z","1196","False"
"ee-config","https://github.aexp.com/amex-archives/ee-config","An internal Python library for loading, validating, and resolving enterprise application configuration from YAML or JSON files. It provides a single entry point (load_config()) that reads a configuration file, resolves secrets, and returns a fully validated Python object ready for use in your application.","5","2","Python","amex-archives","2026-06-08T15:33:07Z","196","False"
"ee-guardrails","https://github.aexp.com/amex-archives/ee-guardrails",,"2","0","Python","amex-archives","2026-07-23T17:22:11Z","225","False"
"ee-io","https://github.aexp.com/amex-archives/ee-io","Internal Python SDK for enterprise database I/O with unified connectors for PGVector and Apache AGE (sync + async).","0","0","Python","amex-archives","2026-07-23T17:21:47Z","180","False"
"ee-logging","https://github.aexp.com/amex-archives/ee-logging","The Enterprise Enablement Logging SDK ? unified tracing, logging, and metrics built on OpenTelemetry and the ELF observability stack.","2","3","Python","amex-archives","2026-06-16T17:32:56Z","122","False"
"ee-mcp","https://github.aexp.com/amex-archives/ee-mcp",,"0","0","Python","amex-archives","2026-02-24T20:43:12Z","269","False"
"ef-ladder","https://github.aexp.com/amex-archives/ef-ladder","Measure your progress in practicing the fundamentals.","8","8","Kotlin","amex-archives","2026-07-17T18:25:23Z","2917","False"
"eideks_authn_tfe","https://github.aexp.com/amex-archives/eideks_authn_tfe","EID Authentication terraform repository to handle deployments to AWS.","1","0","Mustache","amex-archives","2026-07-09T18:39:33Z","201","False"
"eiis-sre_fvaas-api","https://github.aexp.com/amex-archives/eiis-sre_fvaas-api","API for functional validation service... ","0","2","Go","amex-archives","2026-06-29T16:55:35Z","112483","False"
"eiis-sre_identityops","https://github.aexp.com/amex-archives/eiis-sre_identityops","UI Repository for Identity OPs Portal","0","4","TypeScript","amex-archives","2026-06-17T04:41:15Z","692","False"
"eiis-sre_identityopsapi","https://github.aexp.com/amex-archives/eiis-sre_identityopsapi","Backend Repo for IdentityOps Portal : eiis-sre_identityops","0","1","Java","amex-archives","2026-05-30T01:15:30Z","290","False"
"eiis-sre_network-dependency-mapper","https://github.aexp.com/amex-archives/eiis-sre_network-dependency-mapper","Repository to expose upload & search API's to fetch the network dependencies of multiple journeys stored in mongo db","2","2","Go","amex-archives","2026-06-29T13:26:21Z","2500","False"
"eiis-sre_network-dependency-mapper-ui","https://github.aexp.com/amex-archives/eiis-sre_network-dependency-mapper-ui","UI repo for network dependency mapping... ","1","0","TypeScript","amex-archives","2026-06-29T18:43:49Z","1669","False"
"emm-scheduler","https://github.aexp.com/amex-archives/emm-scheduler","Scheduler as a Service that manages the lifecycle of individual scheduled tasks.","0","0","Kotlin","amex-archives","2026-07-10T06:02:01Z","1783","False"
"emm-summit-commons","https://github.aexp.com/amex-archives/emm-summit-commons","Commons function library for the EMM Summit team developed functions","3","0","Kotlin","amex-archives","2026-06-22T14:05:56Z","1320","False"
"engineering-fundamentals-dashboard-root","https://github.aexp.com/amex-archives/engineering-fundamentals-dashboard-root","The OneAmex root module for the Engineering Fundamentals Ladder.","3","14","JavaScript","amex-archives","2026-08-01T19:50:38Z","26396","False"
"enterprise-architecture-app-metrics","https://github.aexp.com/amex-archives/enterprise-architecture-app-metrics","One app module used to display data visualizations for aggregated application health metrics.","1","0","JavaScript","amex-archives","2026-06-29T16:03:05Z","2170","False"
"Enterprise-Architecture-Frameworks_axp-localization-router","https://github.aexp.com/amex-archives/Enterprise-Architecture-Frameworks_axp-localization-router","PoC for Data Localization","0","1","Java","amex-archives","2026-07-31T05:14:14Z","492","False"
"enterprise-architecture-money-movement","https://github.aexp.com/amex-archives/enterprise-architecture-money-movement",,"0","11","JavaScript","amex-archives","2026-02-20T15:53:41Z","112254","False"
"enterprise-cloud-arch","https://github.aexp.com/amex-archives/enterprise-cloud-arch","Host all ADR and Architecture related documents for Enterprise Cloud","16","15","JavaScript","amex-archives","2026-08-07T16:12:32Z","239075","False"
"enterprise-cloud-foundation-docs","https://github.aexp.com/amex-archives/enterprise-cloud-foundation-docs","Enterprise Cloud Documentation","0","8","JavaScript","amex-archives","2025-10-30T21:51:57Z","19726","False"
"enterprise-config-management-admin-details","https://github.aexp.com/amex-archives/enterprise-config-management-admin-details",,"0","1","JavaScript","amex-archives","2026-06-29T16:20:32Z","2962","False"
"enterprise-config-management-brochure","https://github.aexp.com/amex-archives/enterprise-config-management-brochure",,"0","0","JavaScript","amex-archives","2026-06-25T09:47:21Z","2108","False"
"enterprise-config-management-dashboard","https://github.aexp.com/amex-archives/enterprise-config-management-dashboard",,"0","1","JavaScript","amex-archives","2026-07-30T10:48:54Z","3687","False"
"enterprise-config-management-details","https://github.aexp.com/amex-archives/enterprise-config-management-details",,"0","1","JavaScript","amex-archives","2026-07-07T06:36:57Z","2710","False"
"enterprise-config-management-feature-toggles","https://github.aexp.com/amex-archives/enterprise-config-management-feature-toggles",,"0","1","JavaScript","amex-archives","2026-07-30T09:45:30Z","1324","False"
"enterprise-config-management-onboarding","https://github.aexp.com/amex-archives/enterprise-config-management-onboarding","One App holocron module for the ecmf onboarding web experience.","0","1","JavaScript","amex-archives","2026-07-27T07:07:54Z","2588","False"
"enterprise-config-management-root","https://github.aexp.com/amex-archives/enterprise-config-management-root","One App holocron module that is the root module for the config-management tenancy. ","0","1","JavaScript","amex-archives","2026-07-31T16:12:45Z","1775","False"
"enterprise-platforms-api-verification","https://github.aexp.com/amex-archives/enterprise-platforms-api-verification","Enterprise Platforms verified APIs","3","10","JavaScript","amex-archives","2026-05-25T18:40:15Z","602","False"
"enterprise-platforms-developer-tools-ui","https://github.aexp.com/amex-archives/enterprise-platforms-developer-tools-ui","Enterprise Platforms Developer Experience Tools UI","0","1","TypeScript","amex-archives","2026-07-31T18:09:09Z","1832","False"
"enterprise-privacy-choice-internet-root","https://github.aexp.com/amex-archives/enterprise-privacy-choice-internet-root",,"0","0","JavaScript","amex-archives","2026-06-06T07:00:40Z","612","False"
"enterprise-privacy-choice-root","https://github.aexp.com/amex-archives/enterprise-privacy-choice-root","Root module for eprivacychoice tenancy","1","1","JavaScript","amex-archives","2026-07-24T12:30:51Z","3287","False"
"enterprise-privacy-choice-widget","https://github.aexp.com/amex-archives/enterprise-privacy-choice-widget",,"0","0","JavaScript","amex-archives","2026-05-05T11:08:40Z","1567","False"
"EnterpriseCloudProduct","https://github.aexp.com/amex-archives/EnterpriseCloudProduct","Product Announcements, Releases, Roadmaps","1","1",,"amex-archives","2026-04-03T15:00:00Z","10451","False"
"ep-configs","https://github.aexp.com/amex-archives/ep-configs","Centralized Configuration Server with an SDK. See the API:  https://selfservice-dev.aexp.com/api/ui/#/","0","0","Kotlin","amex-archives","2024-12-02T17:49:26Z","7674","False"
"ep-devops-self-service-bot","https://github.aexp.com/amex-archives/ep-devops-self-service-bot","Repo that holds the enterprise platforms self service functionality","0","1","Python","amex-archives","2026-06-23T17:25:41Z","209537","False"
"european-union-pay-transparency-app","https://github.aexp.com/amex-archives/european-union-pay-transparency-app",,"0","0","JavaScript","amex-archives","2026-07-31T17:35:36Z","89525","False"
"european-union-pay-transparency-root","https://github.aexp.com/amex-archives/european-union-pay-transparency-root",,"0","0","JavaScript","amex-archives","2026-07-31T04:59:12Z","87611","False"
"fast-track","https://github.aexp.com/amex-archives/fast-track",,"1","0","Java","amex-archives","2026-07-14T16:20:22Z","3825","False"
"fast-track-admin-portal","https://github.aexp.com/amex-archives/fast-track-admin-portal","Admin portal for fast track application","0","0","TypeScript","amex-archives","2026-07-08T17:45:29Z","2003","False"
"fast-track-user-portal","https://github.aexp.com/amex-archives/fast-track-user-portal",,"1","0","TypeScript","amex-archives","2026-07-08T18:10:13Z","2151","False"
"fgt-sre-documentation","https://github.aexp.com/amex-archives/fgt-sre-documentation","A repo to store all of FGT SRE's documentation","0","0","Python","amex-archives","2026-07-17T17:27:41Z","27057","False"
"fgt-sre-tooling","https://github.aexp.com/amex-archives/fgt-sre-tooling","fgt sre tooling playground","1","0","Kotlin","amex-archives","2026-07-17T17:52:08Z","21433","False"
"finance-bootstrap","https://github.aexp.com/amex-archives/finance-bootstrap",,"0","0","Kotlin","amex-archives","2026-05-15T19:25:19Z","1341","False"
"finance-modernization-architecture","https://github.aexp.com/amex-archives/finance-modernization-architecture","Repository for the Finance Modernization EA Playbook","2","3","Mermaid","amex-archives","2026-07-22T14:50:40Z","86686","False"
"fis-events-processor","https://github.aexp.com/amex-archives/fis-events-processor",,"2","38","Java","amex-archives","2026-07-07T17:24:58Z","10099","False"
"fis-listener","https://github.aexp.com/amex-archives/fis-listener",,"2","1","Java","amex-archives","2026-07-07T23:53:33Z","5557","False"
"flexy-guid","https://github.aexp.com/amex-archives/flexy-guid",,"0","0","Java","amex-archives","2026-01-12T01:41:31Z","37022","False"
"frameworks-sre_ems","https://github.aexp.com/amex-archives/frameworks-sre_ems",,"1","4","Go","amex-archives","2026-06-29T16:40:58Z","165335","False"
"fraud-activity-inspector","https://github.aexp.com/amex-archives/fraud-activity-inspector","Repo to manage code for inspecting fraud activities","0","7","JavaScript","amex-archives","2026-07-20T19:29:42Z","5204","False"
"fraud-create-referral","https://github.aexp.com/amex-archives/fraud-create-referral","Create a Non-Scanner Referral for Fraud Savings servicing","0","2","JavaScript","amex-archives","2026-07-01T14:21:24Z","880","False"
"fraud-manage-referrals","https://github.aexp.com/amex-archives/fraud-manage-referrals","GDM team is building UI for Savings Fraud in BlueSky as part of IDN Decommission. This is for Manage Referrals Screen.","0","2","JavaScript","amex-archives","2026-07-01T08:32:32Z","1515","False"
"fraud-referral-details","https://github.aexp.com/amex-archives/fraud-referral-details","Referall details after global search ","0","0","JavaScript","amex-archives","2026-07-01T08:17:32Z","2100","False"
"fraud-referral-management","https://github.aexp.com/amex-archives/fraud-referral-management","One App holocron module. GDM team is building UI for Savings Fraud in BlueSky as part of IDN Decommission. This is the parent module that renders the landing page/homepage.","0","2","JavaScript","amex-archives","2026-07-01T10:40:40Z","2396","False"
"fraud-referral-recommend-outcome","https://github.aexp.com/amex-archives/fraud-referral-recommend-outcome","Displays recommendation for fraud referral processing to CCP based on automated demographics checks ","0","2","JavaScript","amex-archives","2026-07-01T08:18:39Z","1222","False"
"fraud-referral-search","https://github.aexp.com/amex-archives/fraud-referral-search","Create a Referral search to service Savings Fraud cases","0","2","JavaScript","amex-archives","2026-07-09T06:02:18Z","1506","False"
"fx-gha","https://github.aexp.com/amex-archives/fx-gha","This is central git hub actions workflows repository for foreign exchange rate selection system.","0","0","Shell","amex-archives","2026-07-17T15:38:12Z","199","False"
"fxratesgit_fx-java-batch-2310","https://github.aexp.com/amex-archives/fxratesgit_fx-java-batch-2310",,"1","0","Java","amex-archives","2026-07-28T17:00:50Z","18897","False"
"gabm-architecture","https://github.aexp.com/amex-archives/gabm-architecture","Architecture documentation for the EA Portal","2","7",,"amex-archives","2026-07-10T17:02:30Z","216987","False"
"gar-gel-heartbeat","https://github.aexp.com/amex-archives/gar-gel-heartbeat",,"0","0","TypeScript","amex-archives","2026-07-06T17:37:43Z","2539","False"
"gar_gel-regression-tests","https://github.aexp.com/amex-archives/gar_gel-regression-tests","Regression test suite for GEL","0","0","Java","amex-archives","2026-07-03T09:13:06Z","212","False"
"gbl-stmt-pltfm_developer-docs","https://github.aexp.com/amex-archives/gbl-stmt-pltfm_developer-docs",,"0","0","JavaScript","amex-archives","2026-07-02T11:11:02Z","159699","False"
"gcdx-aws-poc","https://github.aexp.com/amex-archives/gcdx-aws-poc",,"0","0","Kotlin","amex-archives","2026-09-11T15:00:07Z","309","False"
"gcdx-servicing-apis","https://github.aexp.com/amex-archives/gcdx-servicing-apis",,"5","1","Kotlin","amex-archives","2026-07-02T16:55:03Z","1248","False"
"gcdx-terraform","https://github.aexp.com/amex-archives/gcdx-terraform",,"0","0","HCL","amex-archives","2026-09-11T14:01:36Z","185","False"
"gce-tfe-elastic-deploy","https://github.aexp.com/amex-archives/gce-tfe-elastic-deploy",,"0","0","HCL","amex-archives","2026-05-14T18:42:18Z","693","False"
"gcip-in-a-box","https://github.aexp.com/amex-archives/gcip-in-a-box",,"0","0","Shell","amex-archives","2026-04-28T17:28:33Z","46114","False"
"gcip-quality-insights-api","https://github.aexp.com/amex-archives/gcip-quality-insights-api",,"0","0","Kotlin","amex-archives","2026-07-08T09:41:40Z","349","False"
"gel-actions","https://github.aexp.com/amex-archives/gel-actions",,"0","0","Shell","amex-archives","2026-07-03T09:07:21Z","512","False"
"gen-ai-onboard-portal","https://github.aexp.com/amex-archives/gen-ai-onboard-portal","Frontend for the DX Gen AI Onboarding Portal","0","1","JavaScript","amex-archives","2026-07-30T22:31:05Z","877","False"
"genai-frameworks-docs","https://github.aexp.com/amex-archives/genai-frameworks-docs","Documentation repository for genai-frameworks from CTO Research and Development team","2","1","JavaScript","amex-archives","2026-08-13T17:37:34Z","163229","False"
"genai-frameworks-playbook","https://github.aexp.com/amex-archives/genai-frameworks-playbook",,"17","8","Jupyter Notebook","amex-archives","2026-07-23T16:58:11Z","2195","False"
"gfin-main-app","https://github.aexp.com/amex-archives/gfin-main-app",,"0","1","Java","amex-archives","2026-08-09T17:04:58Z","20910","False"
"gfin-regression-test-suite","https://github.aexp.com/amex-archives/gfin-regression-test-suite",,"0","2","Python","amex-archives","2026-02-02T04:54:14Z","1005","False"
"gfinApiComparisonAutomation","https://github.aexp.com/amex-archives/gfinApiComparisonAutomation","Onetouch Test Automation using BDD, Serenity, Selenium","0","4","Gherkin","amex-archives","2026-08-08T02:21:53Z","20042","False"
"GH-user-management-activity-sst","https://github.aexp.com/amex-archives/GH-user-management-activity-sst",,"0","0","Python","amex-archives","2026-06-18T01:09:27Z","25454","False"
"gha-testing","https://github.aexp.com/amex-archives/gha-testing",,"0","0","JavaScript","amex-archives","2026-02-24T05:10:33Z","21814","False"
"gha_workflow_test","https://github.aexp.com/amex-archives/gha_workflow_test","GHA Sandbox Repo","0","0","Java","amex-archives","2026-06-18T01:01:14Z","1748","False"
"gi-ibmz","https://github.aexp.com/amex-archives/gi-ibmz","GI Mainframe architecture documents","2","8","MDX","amex-archives","2026-07-15T23:05:31Z","52002","False"
"GitHub-SST-Utility-Repo","https://github.aexp.com/amex-archives/GitHub-SST-Utility-Repo",,"1","0","Python","amex-archives","2026-07-13T19:22:49Z","61643","False"
"GitHubPrivateRepos-AccessManagement","https://github.aexp.com/amex-archives/GitHubPrivateRepos-AccessManagement",,"0","0","Python","amex-archives","2026-08-05T19:00:03Z","27880","False"
"glb-data-ppmis-utils","https://github.aexp.com/amex-archives/glb-data-ppmis-utils",,"0","0","Go","amex-archives","2026-07-10T13:34:52Z","98256","False"
"glb-docs","https://github.aexp.com/amex-archives/glb-docs","Global Loyalty & Benefits - Documentation","8","1","MDX","amex-archives","2026-07-14T17:05:35Z","273753","False"
"global-axp-test_create-session-suppression-for-messages-test","https://github.aexp.com/amex-archives/global-axp-test_create-session-suppression-for-messages-test",,"0","0","Gherkin","amex-archives","2025-09-23T21:38:43Z","13","False"
"global-disputes-management-mashup","https://github.aexp.com/amex-archives/global-disputes-management-mashup","Loads mashup of Global Disputes Management application for use in servicing platforms across products","1","0","JavaScript","amex-archives","2026-06-18T19:52:26Z","1625","False"
"global-merchant-account-pricing-review","https://github.aexp.com/amex-archives/global-merchant-account-pricing-review",,"0","2","JavaScript","amex-archives","2026-08-05T08:23:34Z","2520","False"
"global-merchant-pricing-audit-report","https://github.aexp.com/amex-archives/global-merchant-pricing-audit-report","module for auditing the generated reports","0","3","JavaScript","amex-archives","2026-07-31T13:44:42Z","2798","False"
"global-merchant-pricing-fees","https://github.aexp.com/amex-archives/global-merchant-pricing-fees",,"0","3","JavaScript","amex-archives","2026-07-29T07:28:21Z","4202","False"
"global-merchant-pricing-set-inquiry","https://github.aexp.com/amex-archives/global-merchant-pricing-set-inquiry","pricing set inquiry","0","10","JavaScript","amex-archives","2026-07-31T13:54:11Z","7098","False"
"global-merchant-pricing-set-root","https://github.aexp.com/amex-archives/global-merchant-pricing-set-root",,"0","6","JavaScript","amex-archives","2026-08-17T05:17:42Z","3106","False"
"global-merchant-pricing-speed-of-pay","https://github.aexp.com/amex-archives/global-merchant-pricing-speed-of-pay",,"0","3","JavaScript","amex-archives","2026-08-20T10:07:50Z","2165","False"
"global-raw-data_complex-grosspay-framework","https://github.aexp.com/amex-archives/global-raw-data_complex-grosspay-framework","CGP - java batch","0","3","Java","amex-archives","2026-07-28T05:01:45Z","67381","False"
"globalarcache_globalarcache","https://github.aexp.com/amex-archives/globalarcache_globalarcache",,"0","4",,"amex-archives","2026-07-17T16:44:04Z","1339","False"
"global_ar_encapsulation_layer","https://github.aexp.com/amex-archives/global_ar_encapsulation_layer",,"0","0",,"amex-archives","2026-03-12T17:28:54Z","26010","False"
"gltims-patchingautomation","https://github.aexp.com/amex-archives/gltims-patchingautomation","TIMS OPS Patching Automation","1","0","Shell","amex-archives","2026-07-07T13:41:58Z","53752","False"
"gmdl-financial-distribution-coordinator","https://github.aexp.com/amex-archives/gmdl-financial-distribution-coordinator","gmdl-financial-distribution-coordinator","0","2","Java","amex-archives","2026-08-03T07:10:46Z","664","False"
"gmdl-financial_account-market-extractor-framework","https://github.aexp.com/amex-archives/gmdl-financial_account-market-extractor-framework",,"0","3","Java","amex-archives","2026-07-09T10:47:11Z","204","False"
"gmdl-financial_casauth","https://github.aexp.com/amex-archives/gmdl-financial_casauth","API-CasAuth services","0","3","Java","amex-archives","2026-08-08T02:30:59Z","231","False"
"gmdl-financial_database_definition","https://github.aexp.com/amex-archives/gmdl-financial_database_definition","Repository for the control of GFIN's Database Definition Scripts","1","0",,"amex-archives","2026-04-01T17:55:00Z","224","False"
"gmdl-financial_dds-authorizations-processor","https://github.aexp.com/amex-archives/gmdl-financial_dds-authorizations-processor","Spring web, consumes Solace queue and loads to cassandra, has backup/reload process using spring batch","0","3","Java","amex-archives","2026-07-30T21:57:53Z","582","False"
"gmdl-financial_dds-b2b-argtaxparquet","https://github.aexp.com/amex-archives/gmdl-financial_dds-b2b-argtaxparquet","Spark Job","0","2","Java","amex-archives","2026-08-08T03:01:37Z","209437","False"
"gmdl-financial_dds-b2b-fulfillment","https://github.aexp.com/amex-archives/gmdl-financial_dds-b2b-fulfillment","Spark Job - DMX-B2B request fulfillment","0","2","Java","amex-archives","2026-08-08T02:37:08Z","3755","False"
"gmdl-financial_dds-b2b-objstore-uploader","https://github.aexp.com/amex-archives/gmdl-financial_dds-b2b-objstore-uploader","batch - DMX-B2B output file processor (uploader)","0","2","Java","amex-archives","2026-01-28T22:22:27Z","78","False"
"gmdl-financial_dds-b2b-paymentparquet","https://github.aexp.com/amex-archives/gmdl-financial_dds-b2b-paymentparquet","B2b spark process","0","3","Java","amex-archives","2026-08-08T05:50:46Z","175784","False"
"gmdl-financial_dds-socservices-core","https://github.aexp.com/amex-archives/gmdl-financial_dds-socservices-core","API-Common","0","3","Java","amex-archives","2026-07-30T22:38:01Z","155","False"
"gmdl-financial_dds-socservices-rs","https://github.aexp.com/amex-archives/gmdl-financial_dds-socservices-rs","API-Paid SOC services","1","3","Java","amex-archives","2026-08-05T15:25:57Z","1404","False"
"gmdl-financial_dds-ttlmanager","https://github.aexp.com/amex-archives/gmdl-financial_dds-ttlmanager",,"0","1","Java","amex-archives","2025-01-22T20:30:10Z","12095","False"
"gmdl-financial_gfin-commons","https://github.aexp.com/amex-archives/gmdl-financial_gfin-commons","gfin java library for common utilities shared across applications","0","3","Java","amex-archives","2026-08-05T20:06:49Z","3722","False"
"gmdl-financial_gfin-data-extractor","https://github.aexp.com/amex-archives/gmdl-financial_gfin-data-extractor","GFIN Data extraction and processing","1","3","Java","amex-archives","2026-08-05T04:43:47Z","3323","False"
"gmdl-financial_gfin-data-processor","https://github.aexp.com/amex-archives/gmdl-financial_gfin-data-processor","GFIN File Processing application","0","3","Java","amex-archives","2026-08-10T05:42:22Z","16280","False"
"gmdl-financial_gfin-one-transform-app","https://github.aexp.com/amex-archives/gmdl-financial_gfin-one-transform-app",,"0","3","Java","amex-archives","2026-07-10T22:18:34Z","151396","False"
"gmdl-financial_gfin-soc-api","https://github.aexp.com/amex-archives/gmdl-financial_gfin-soc-api","GMDL Financial API backed by cassandra soc cluster","2","13","Java","amex-archives","2026-08-08T19:17:02Z","8236","False"
"gmdl-financial_gfin-soc-api_Aquila-API-Scan","https://github.aexp.com/amex-archives/gmdl-financial_gfin-soc-api_Aquila-API-Scan","GFIN Soc Apis aquila scan","0","0","Java","amex-archives","2026-01-12T07:18:18Z","108","False"
"gmdl-financial_gfin-spark-launchpad","https://github.aexp.com/amex-archives/gmdl-financial_gfin-spark-launchpad",,"0","2","Java","amex-archives","2026-07-06T19:24:12Z","935","False"
"gmdl-financial_gmdl-annualestat-feed","https://github.aexp.com/amex-archives/gmdl-financial_gmdl-annualestat-feed","admin","0","2","Java","amex-archives","2026-05-11T04:13:39Z","8275","False"
"gmdl-financial_gmdl-dds-b2b-paymnt-file-splitter","https://github.aexp.com/amex-archives/gmdl-financial_gmdl-dds-b2b-paymnt-file-splitter","B2b spark process","0","2","Java","amex-archives","2026-01-28T22:22:36Z","91400","False"
"gmdl-financial_gmdl-estat-feed","https://github.aexp.com/amex-archives/gmdl-financial_gmdl-estat-feed","Batch Extract for DMX Estatement","0","2","Java","amex-archives","2026-04-03T20:58:37Z","107548","False"
"gmdl-financial_gmdl-financial-paas","https://github.aexp.com/amex-archives/gmdl-financial_gmdl-financial-paas","API Jar to deploy for few services","0","2","Java","amex-archives","2026-08-05T15:53:51Z","1408","False"
"gmdl-financial_gmdl-prc-annualestat-feed","https://github.aexp.com/amex-archives/gmdl-financial_gmdl-prc-annualestat-feed","Batch Extract for DMX","0","2","Java","amex-archives","2026-04-03T20:59:41Z","5944","False"
"gmdl-financial_gmdlfilewatcher","https://github.aexp.com/amex-archives/gmdl-financial_gmdlfilewatcher","Batch Process - File watcher for all files processing in application server","0","1","Java","amex-archives","2025-01-30T16:57:59Z","6978","False"
"gmdl-financial_merchanttoocexpansion","https://github.aexp.com/amex-archives/gmdl-financial_merchanttoocexpansion",,"0","2","Java","amex-archives","2026-07-30T22:51:23Z","279","False"
"gmdl-financial_parent-pom","https://github.aexp.com/amex-archives/gmdl-financial_parent-pom","Parent POM of GMDL Financial","1","2",,"amex-archives","2026-06-19T09:39:14Z","147","False"
"gmdl-financial_pricelook","https://github.aexp.com/amex-archives/gmdl-financial_pricelook","API-Price look-up services","0","2","Java","amex-archives","2026-01-16T10:29:03Z","95","False"
"gmdl-financial_pymtsum-iefext","https://github.aexp.com/amex-archives/gmdl-financial_pymtsum-iefext","Spark Extract - Extract Complex gross Pay Summary feed from Payment file","0","1","Java","amex-archives","2025-06-26T05:58:34Z","423588","False"
"gmdl-financial_socaggregation","https://github.aexp.com/amex-archives/gmdl-financial_socaggregation","API-SOC Aggregation (soc-aggr) services","0","3","Java","amex-archives","2026-08-03T10:32:43Z","526","False"
"gmdl-financial_socprice","https://github.aexp.com/amex-archives/gmdl-financial_socprice","API-SOC Pricing Aggregation (pricing-aggr) services","0","2","Java","amex-archives","2026-07-31T07:45:08Z","447","False"
"gmdl-financial_socsubmission","https://github.aexp.com/amex-archives/gmdl-financial_socsubmission","API-Submission SOC services","1","2","Java","amex-archives","2026-08-08T23:29:47Z","389","False"
"gmdl-financial_socsuplcore","https://github.aexp.com/amex-archives/gmdl-financial_socsuplcore","lib - SocSuplCore  common library","0","3","Java","amex-archives","2026-07-30T22:45:54Z","589","False"
"gmns-squads-test","https://github.aexp.com/amex-archives/gmns-squads-test",,"0","3","Python","amex-archives","2026-07-20T18:07:27Z","386","False"
"gmnso-eap","https://github.aexp.com/amex-archives/gmnso-eap","eAP Automation Scripts","0","0","Python","amex-archives","2026-07-21T17:09:53Z","79","False"
"gns-issuer-fraud","https://github.aexp.com/amex-archives/gns-issuer-fraud",,"1","0","Java","amex-archives","2026-07-30T21:55:35Z","8409","False"
"gns_modernization","https://github.aexp.com/amex-archives/gns_modernization",,"0","0","Python","amex-archives","2026-07-16T07:09:54Z","70650","False"
"go-mst","https://github.aexp.com/amex-archives/go-mst","Persistent and scalable Merkle search trees in Go","3","1","Go","amex-archives","2026-07-06T18:22:28Z","649","False"
"gpa-app","https://github.aexp.com/amex-archives/gpa-app","Global Payment Allocator","0","0","Kotlin","amex-archives","2026-07-20T16:46:15Z","2338","False"
"gp_architecture","https://github.aexp.com/amex-archives/gp_architecture",,"2","7","Python","amex-archives","2026-06-24T09:22:53Z","76504","False"
"gp_cadence-service","https://github.aexp.com/amex-archives/gp_cadence-service",,"0","0","Kotlin","amex-archives","2026-06-29T14:56:34Z","145297","False"
"gp_communication-service","https://github.aexp.com/amex-archives/gp_communication-service","GlobalPay email communications","0","0","Kotlin","amex-archives","2026-06-29T15:21:24Z","458223","False"
"gp_elf-java-client","https://github.aexp.com/amex-archives/gp_elf-java-client","Fork of amex-eng/elf_elf-java-client to support logback 1.5.x","0","0","Java","amex-archives","2025-05-27T15:28:51Z","4476","False"
"gp_events","https://github.aexp.com/amex-archives/gp_events","Repo that creates Kafka events for GP from external platforms","0","0","Kotlin","amex-archives","2026-06-24T09:30:32Z","36","False"
"gp_example-service-tests","https://github.aexp.com/amex-archives/gp_example-service-tests","Standardised approach to back-end acceptance tests across Global Pay services","0","0","Kotlin","amex-archives","2024-11-12T11:44:16Z","182","False"
"gp_kafka-bastion-client","https://github.aexp.com/amex-archives/gp_kafka-bastion-client","Client to interact with the Kafka Bastion Service","1","0","Java","amex-archives","2025-03-04T13:42:33Z","81","False"
"gp_local-dev","https://github.aexp.com/amex-archives/gp_local-dev","Single Docker project for local development of all Global Pay services","0","0","Kotlin","amex-archives","2026-03-26T15:41:37Z","178","False"
"gp_payment-auth-service","https://github.aexp.com/amex-archives/gp_payment-auth-service","CBP Payment Authorization","1","0","Kotlin","amex-archives","2026-06-29T13:11:47Z","344805","False"
"gp_payment-service","https://github.aexp.com/amex-archives/gp_payment-service",,"1","0","Kotlin","amex-archives","2026-06-29T15:16:03Z","1000003","False"
"gp_platform-tests","https://github.aexp.com/amex-archives/gp_platform-tests","Tests against the Global Pay platform for E1 and E2","0","0","JavaScript","amex-archives","2026-06-17T13:44:10Z","342922","False"
"gp_pricing-management-service","https://github.aexp.com/amex-archives/gp_pricing-management-service",,"0","0","Kotlin","amex-archives","2026-07-04T22:14:59Z","259278","False"
"gp_rally-utilities","https://github.aexp.com/amex-archives/gp_rally-utilities","Cucumber plugin for Rally test case creation","0","0","Java","amex-archives","2026-03-26T14:26:49Z","119","False"
"gp_test-documentation","https://github.aexp.com/amex-archives/gp_test-documentation","Test specific documentation for Global Pay","0","0",,"amex-archives","2024-11-13T14:19:56Z","491","False"
"gp_test-utilities","https://github.aexp.com/amex-archives/gp_test-utilities","Library to assist with dependency management and helper functions for service and platform tests.","0","2","Kotlin","amex-archives","2026-03-26T14:35:53Z","323","False"
"gp_users","https://github.aexp.com/amex-archives/gp_users","Repo that creates the required E1 stubs for new and existing GP users","0","0","JavaScript","amex-archives","2026-06-24T09:31:38Z","61","False"
"greg-test-automation","https://github.aexp.com/amex-archives/greg-test-automation","This repository contains an end-to-end test automation framework for G-REG and CA-REG web applications using Playwright and TypeScript.","0","0","TypeScript","amex-archives","2026-07-20T17:58:32Z","13638","False"
"GRU-MkDocs","https://github.aexp.com/amex-archives/GRU-MkDocs",,"0","0",,"amex-archives","2026-04-24T20:06:58Z","180937","False"
"gsg-staff-mgmt_gsgt-staff-framework","https://github.aexp.com/amex-archives/gsg-staff-mgmt_gsgt-staff-framework","Staff Management in Performance Management today (ROP and Compass) is being driven by two applications (ROP Staff and ADM). The aim of One Staff is to replace ROP Staff and ADM as the first step towards the One Performance Management concept.","0","1","Java","amex-archives","2026-08-12T23:04:07Z","19305","False"
"guided-setup","https://github.aexp.com/amex-archives/guided-setup",,"1","1","JavaScript","amex-archives","2026-07-29T22:30:04Z","17104","False"
"helm-config","https://github.aexp.com/amex-archives/helm-config","helm deployment runtime configuration documents management","1","5","Python","amex-archives","2026-07-01T17:23:53Z","344","False"
"helm-deployment","https://github.aexp.com/amex-archives/helm-deployment","This repo contains code to deploy helm charts using deployment APIs based on Helm SDK","13","16","Go","amex-archives","2026-07-08T18:45:10Z","121026","False"
"hydra-cron-cloud-metrics","https://github.aexp.com/amex-archives/hydra-cron-cloud-metrics",,"0","0","Go","amex-archives","2026-06-30T12:06:17Z","54654","False"
"iac-api","https://github.aexp.com/amex-archives/iac-api","API to interact with Public Cloud ","5","0","Go","amex-archives","2026-07-09T13:56:29Z","9865","False"
"iac-workflow-def","https://github.aexp.com/amex-archives/iac-workflow-def",,"1","2","Python","amex-archives","2026-07-09T03:12:10Z","712","False"
"iac-workflow-worker","https://github.aexp.com/amex-archives/iac-workflow-worker",,"0","0","Go","amex-archives","2026-07-09T04:20:46Z","52728","False"
"icrst-ai-agents","https://github.aexp.com/amex-archives/icrst-ai-agents","AI agents Innersource","1","1","Python","amex-archives","2026-06-19T02:59:08Z","3516","False"
"idea-ds-CIA-architecture","https://github.aexp.com/amex-archives/idea-ds-CIA-architecture",,"2","0","Mermaid","amex-archives","2026-06-30T19:11:27Z","66364","False"
"idea-ds-cia-dag","https://github.aexp.com/amex-archives/idea-ds-cia-dag","IDEA DS CIA DAG Repository (mono-repo)","0","0","Python","amex-archives","2026-07-30T19:40:27Z","3899","False"
"idea-ds-cia-lite","https://github.aexp.com/amex-archives/idea-ds-cia-lite","CIA Lite","0","0","Python","amex-archives","2026-06-30T19:15:44Z","125388","False"
"idea-sor-client","https://github.aexp.com/amex-archives/idea-sor-client","ID&A Ariba Client","1","0","Python","amex-archives","2026-07-06T15:22:59Z","482","False"
"identity-github-secrets-viewer","https://github.aexp.com/amex-archives/identity-github-secrets-viewer","A read-only page for viewing GitHub secret keys that exist inside the repo secrets page","2","0","JavaScript","amex-archives","2026-07-15T18:03:17Z","255","False"
"identity-lab-ui-release-dashboard","https://github.aexp.com/amex-archives/identity-lab-ui-release-dashboard",,"0","0","JavaScript","amex-archives","2026-03-19T12:53:25Z","1197","False"
"identity-lab-ui-root","https://github.aexp.com/amex-archives/identity-lab-ui-root",,"0","1","JavaScript","amex-archives","2026-08-01T20:57:01Z","1538","False"
"identity-launchpad","https://github.aexp.com/amex-archives/identity-launchpad","Onboarding Documentation for Identity","1","5","JavaScript","amex-archives","2026-07-10T12:08:47Z","523296","False"
"identity-onboard-account-footer","https://github.aexp.com/amex-archives/identity-onboard-account-footer","A One Identity holocron module on the One Identity login page for the footer.","0","0","JavaScript","amex-archives","2026-03-19T17:25:51Z","770","False"
"identity-onboard-account-info-panel","https://github.aexp.com/amex-archives/identity-onboard-account-info-panel","A One Identity holocron module on the One Identity login page describing the card activation journey.","0","0","JavaScript","amex-archives","2026-03-19T07:40:12Z","1595","False"
"identity-siteminder-authentication","https://github.aexp.com/amex-archives/identity-siteminder-authentication",,"0","0","JavaScript","amex-archives","2026-03-31T16:13:52Z","2466","False"
"identity-ui-authentication","https://github.aexp.com/amex-archives/identity-ui-authentication",,"0","0","JavaScript","amex-archives","2026-07-25T19:45:52Z","9727","False"
"identity-ui-authentication-root","https://github.aexp.com/amex-archives/identity-ui-authentication-root",,"1","0","TypeScript","amex-archives","2026-03-19T12:53:44Z","1779","False"
"identity-ui-management-center","https://github.aexp.com/amex-archives/identity-ui-management-center",,"0","0","JavaScript","amex-archives","2026-07-21T21:22:26Z","4538","False"
"identity-ui-page-wrapper","https://github.aexp.com/amex-archives/identity-ui-page-wrapper",,"0","0","JavaScript","amex-archives","2026-07-17T04:44:38Z","504","False"
"identity-ui-task-flow-wrapper","https://github.aexp.com/amex-archives/identity-ui-task-flow-wrapper",,"0","0","JavaScript","amex-archives","2026-07-22T22:04:09Z","961","False"
"iguazu-rest","https://github.aexp.com/amex-archives/iguazu-rest",,"0","3",,"amex-archives","2026-05-11T20:59:57Z","310","False"
"iguazu-rpc","https://github.aexp.com/amex-archives/iguazu-rpc",,"1","3",,"amex-archives","2026-05-11T21:00:07Z","450","False"
"iiq-utility","https://github.aexp.com/amex-archives/iiq-utility",,"0","0","Java","amex-archives","2025-09-10T16:54:18Z","31626","False"
"incident-sync","https://github.aexp.com/amex-archives/incident-sync","Salesforce package for creating ServiceNow Incidents from Cases and keeping the Salesforce incident record in sync with ServiceNow","0","0","Apex","amex-archives","2026-06-23T13:00:59Z","3021","False"
"indexify","https://github.aexp.com/amex-archives/indexify","Indexify lets you search and serve local knowledge bases (DLS, One App, One Data, etc.) for LLMs and Copilot.","22","9","TypeScript","amex-archives","2026-07-16T20:18:02Z","12612","False"
"innersource","https://github.aexp.com/amex-archives/innersource","Amex InnerSource Repository ","6","114","SCSS","amex-archives","2026-07-22T16:09:39Z","23413","False"
"innovation-portal","https://github.aexp.com/amex-archives/innovation-portal","Ideapedia - The American Express Idea Portal","3","0","TypeScript","amex-archives","2026-07-21T17:19:53Z","2346","False"
"insights-audit-microservice","https://github.aexp.com/amex-archives/insights-audit-microservice",,"0","0","Go","amex-archives","2026-06-17T17:44:54Z","169","False"
"insights-grafana","https://github.aexp.com/amex-archives/insights-grafana","Repository houses grafana implementation to support the Insights Platform and Permit to Operate.","0","0","JavaScript","amex-archives","2026-06-25T04:00:26Z","304","False"
"insights-regression","https://github.aexp.com/amex-archives/insights-regression",,"0","1","JavaScript","amex-archives","2026-06-25T04:11:10Z","1598","False"
"insights-scorecard-app","https://github.aexp.com/amex-archives/insights-scorecard-app","Child (application) module for the Insights Scorecard Application.","0","1","JavaScript","amex-archives","2026-08-01T23:05:12Z","2534","False"
"insights-scorecard-automations","https://github.aexp.com/amex-archives/insights-scorecard-automations","Repository that houses automations for the Insights Platform.","0","0","Go","amex-archives","2026-06-25T03:52:11Z","93000","False"
"insights-scorecard-backend","https://github.aexp.com/amex-archives/insights-scorecard-backend","Repository houses backend API to support the Insights Scorecard Application.","2","3","Go","amex-archives","2026-07-04T20:37:18Z","49640","False"
"insights-scorecard-postman-collections","https://github.aexp.com/amex-archives/insights-scorecard-postman-collections","Repository houses postman collections supporting the Insights Scorecard application.","0","0",,"amex-archives","2026-06-25T03:50:33Z","267","False"
"insights-scorecard-root","https://github.aexp.com/amex-archives/insights-scorecard-root","Root module (One App) for the Insights Scorecard Application.","2","1","JavaScript","amex-archives","2026-08-01T23:04:36Z","1576","False"
"insights-vmagent-sidecar","https://github.aexp.com/amex-archives/insights-vmagent-sidecar","Metrics sidecar collection repository.","0","0","Shell","amex-archives","2026-06-25T04:09:20Z","229","False"
"insights_images-golang","https://github.aexp.com/amex-archives/insights_images-golang","Golang image for the insights platform","0","0","Dockerfile","amex-archives","2026-06-25T04:02:14Z","23","False"
"instruments","https://github.aexp.com/amex-archives/instruments",,"4","0","Kotlin","amex-archives","2026-08-13T06:10:05Z","38322","False"
"iris-scifi-neightntest","https://github.aexp.com/amex-archives/iris-scifi-neightntest","neightntest","0","0","Dockerfile","amex-archives","2026-05-23T00:33:49Z","102","False"
"iris-scifi-service-changes","https://github.aexp.com/amex-archives/iris-scifi-service-changes","Tracking cloud service provider, service changes, and how they need to be actioned.","0","1","Dockerfile","amex-archives","2026-07-02T18:01:33Z","5843","False"
"isafe-proposal","https://github.aexp.com/amex-archives/isafe-proposal",,"0","0",,"amex-archives","2026-02-13T13:06:23Z","1503","False"
"isp-account-callers-pw-test","https://github.aexp.com/amex-archives/isp-account-callers-pw-test",,"0","1","HTML","amex-archives","2026-01-13T07:10:11Z","3094","False"
"isp-account-miscellaneous-tax-form","https://github.aexp.com/amex-archives/isp-account-miscellaneous-tax-form",,"0","4","JavaScript","amex-archives","2026-05-22T19:42:58Z","627","False"
"isp-add-note-pw-test","https://github.aexp.com/amex-archives/isp-add-note-pw-test","Adding Functional Test cases for ISP Add Note feature for all markets","0","0","JavaScript","amex-archives","2026-03-05T17:28:51Z","84322","False"
"isp-advanced-search-pw-test","https://github.aexp.com/amex-archives/isp-advanced-search-pw-test","Functional Test cases for ISP Advance Search feature for all markets","0","1","HTML","amex-archives","2026-02-10T18:04:08Z","41258","False"
"isp-alerts-center","https://github.aexp.com/amex-archives/isp-alerts-center",,"0","0","JavaScript","amex-archives","2026-05-26T05:42:45Z","203","False"
"isp-benefits","https://github.aexp.com/amex-archives/isp-benefits",,"0","7","JavaScript","amex-archives","2026-07-24T21:18:46Z","1780","False"
"isp-benefits-services","https://github.aexp.com/amex-archives/isp-benefits-services",,"0","4","JavaScript","amex-archives","2026-07-22T14:03:54Z","1831","False"
"isp-benefits-wrapper","https://github.aexp.com/amex-archives/isp-benefits-wrapper",,"0","0","JavaScript","amex-archives","2026-07-22T03:37:56Z","903","False"
"isp-center-servicing-reset-password","https://github.aexp.com/amex-archives/isp-center-servicing-reset-password","center servicing reset password","0","4","JavaScript","amex-archives","2026-07-03T17:55:47Z","1347","False"
"isp-charge-verification-journey","https://github.aexp.com/amex-archives/isp-charge-verification-journey","Module for servicing fraud charge verification ","0","1","JavaScript","amex-archives","2026-08-11T07:22:54Z","2503","False"
"isp-common-urls","https://github.aexp.com/amex-archives/isp-common-urls","ISP Native Common URLs journey","1","6","JavaScript","amex-archives","2026-07-10T11:07:13Z","1573","False"
"isp-communication-history","https://github.aexp.com/amex-archives/isp-communication-history","isp-communication-history","1","3","JavaScript","amex-archives","2026-07-20T13:54:29Z","687","False"
"isp-core-utils","https://github.aexp.com/amex-archives/isp-core-utils",,"0","0","JavaScript","amex-archives","2026-06-24T10:07:11Z","7538","False"
"isp-customer-header-pw-test","https://github.aexp.com/amex-archives/isp-customer-header-pw-test",,"0","0","JavaScript","amex-archives","2026-04-24T22:37:55Z","11569","False"
"isp-customer-identification-pw-test","https://github.aexp.com/amex-archives/isp-customer-identification-pw-test",,"0","0","HTML","amex-archives","2026-03-16T23:33:15Z","7145","False"
"isp-customer-identification-scorecard-pw-test","https://github.aexp.com/amex-archives/isp-customer-identification-scorecard-pw-test",,"0","0","HTML","amex-archives","2025-08-25T10:12:10Z","1534","False"
"isp-data","https://github.aexp.com/amex-archives/isp-data",,"0","1","JavaScript","amex-archives","2026-04-01T23:57:15Z","1463","False"
"isp-digital-passport","https://github.aexp.com/amex-archives/isp-digital-passport","Digital Passport","0","2","JavaScript","amex-archives","2026-04-29T07:22:54Z","1977","False"
"isp-documentation","https://github.aexp.com/amex-archives/isp-documentation","This Repo was created for the BlueSky documentation website","0","0","JavaScript","amex-archives","2026-06-30T16:45:13Z","403431","False"
"isp-drainer-utils","https://github.aexp.com/amex-archives/isp-drainer-utils",,"1","8","JavaScript","amex-archives","2026-04-22T18:39:06Z","928","False"
"isp-escalation-journey","https://github.aexp.com/amex-archives/isp-escalation-journey",,"0","0","JavaScript","amex-archives","2026-08-12T07:20:59Z","1254","False"
"isp-fetchye","https://github.aexp.com/amex-archives/isp-fetchye","A wrapper module on top of fetchye customized for ISP","2","9","JavaScript","amex-archives","2026-06-23T11:57:35Z","13214","False"
"isp-freeze-card","https://github.aexp.com/amex-archives/isp-freeze-card",,"0","4","JavaScript","amex-archives","2026-03-19T18:50:09Z","1317","False"
"isp-global-external-number-id-tool","https://github.aexp.com/amex-archives/isp-global-external-number-id-tool","ISP Global External Number ID Tool","0","1","JavaScript","amex-archives","2026-04-15T09:50:27Z","303","False"
"isp-global-pay","https://github.aexp.com/amex-archives/isp-global-pay","Global Pay for all servicing channels. This module will provide additional details about the transactions and latest status on the transactions","0","1","JavaScript","amex-archives","2026-03-27T10:24:55Z","1689","False"
"isp-goodwill-wallet","https://github.aexp.com/amex-archives/isp-goodwill-wallet","Servicing Goodwill Wallet Dashboard","1","2","JavaScript","amex-archives","2026-06-01T16:26:58Z","877","False"
"isp-id-take-over-journey","https://github.aexp.com/amex-archives/isp-id-take-over-journey","Module for servicing id take over fraud ","0","0","JavaScript","amex-archives","2026-08-10T12:28:47Z","2312","False"
"isp-logger-utils","https://github.aexp.com/amex-archives/isp-logger-utils",,"0","0","JavaScript","amex-archives","2026-06-23T23:19:28Z","4772","False"
"isp-loyalty-adjustments-history-and-reversals","https://github.aexp.com/amex-archives/isp-loyalty-adjustments-history-and-reversals","Loyalty History and reversals for all redemptions","0","2","JavaScript","amex-archives","2026-07-22T15:04:00Z","2968","False"
"isp-loyalty-bonus-points-maintenance","https://github.aexp.com/amex-archives/isp-loyalty-bonus-points-maintenance",,"0","1","JavaScript","amex-archives","2026-07-24T04:01:37Z","2227","False"
"isp-loyalty-change-primary","https://github.aexp.com/amex-archives/isp-loyalty-change-primary","Loyalty Change Primary","0","2","JavaScript","amex-archives","2026-07-22T04:36:04Z","1297","False"
"isp-loyalty-co-brand-maintenance-issue-certificate","https://github.aexp.com/amex-archives/isp-loyalty-co-brand-maintenance-issue-certificate",,"0","1","JavaScript","amex-archives","2026-06-05T14:35:19Z","1903","False"
"isp-loyalty-cobrand-point-transfer","https://github.aexp.com/amex-archives/isp-loyalty-cobrand-point-transfer",,"0","1","JavaScript","amex-archives","2026-07-23T20:11:11Z","514","False"
"isp-loyalty-cobrand-points-activity","https://github.aexp.com/amex-archives/isp-loyalty-cobrand-points-activity","Points Activity module for Cobrand - Loyalty servicing","0","1","JavaScript","amex-archives","2026-07-09T01:30:23Z","737","False"
"isp-loyalty-gift-cards-history-and-reversals","https://github.aexp.com/amex-archives/isp-loyalty-gift-cards-history-and-reversals","Gift Cards History and Reversals","0","2","JavaScript","amex-archives","2026-06-18T19:08:49Z","6337","False"
"isp-loyalty-gift-cards-lite","https://github.aexp.com/amex-archives/isp-loyalty-gift-cards-lite",,"0","2","JavaScript","amex-archives","2026-07-21T16:19:27Z","702","False"
"isp-loyalty-goodwill-point-maintenance","https://github.aexp.com/amex-archives/isp-loyalty-goodwill-point-maintenance","Loyalty Point maintenance Goodwill","0","0","JavaScript","amex-archives","2026-07-23T21:34:49Z","2333","False"
"isp-loyalty-history-and-reversals","https://github.aexp.com/amex-archives/isp-loyalty-history-and-reversals","Loyalty History & Reversals Wrapper Module","0","2","JavaScript","amex-archives","2026-07-24T02:56:20Z","2170","False"
"isp-loyalty-partner-program","https://github.aexp.com/amex-archives/isp-loyalty-partner-program",,"0","1","JavaScript","amex-archives","2026-06-05T14:39:07Z","457","False"
"isp-loyalty-partner-program-maintenance","https://github.aexp.com/amex-archives/isp-loyalty-partner-program-maintenance",,"0","4","JavaScript","amex-archives","2026-03-19T18:56:57Z","158","False"
"isp-loyalty-pay-with-points-history-and-reversals","https://github.aexp.com/amex-archives/isp-loyalty-pay-with-points-history-and-reversals","Pay with points for shop,travel and partner","0","3","JavaScript","amex-archives","2026-07-21T16:20:02Z","2977","False"
"isp-loyalty-pay-with-points-maintenance","https://github.aexp.com/amex-archives/isp-loyalty-pay-with-points-maintenance","Loyalty point maintenance Pay with Points","0","4","JavaScript","amex-archives","2026-07-21T14:42:29Z","2204","False"
"isp-loyalty-point-maintenance","https://github.aexp.com/amex-archives/isp-loyalty-point-maintenance",,"0","2","JavaScript","amex-archives","2026-07-24T02:57:03Z","2295","False"
"isp-loyalty-points-consolidation","https://github.aexp.com/amex-archives/isp-loyalty-points-consolidation","Loyalty points consolidation experience for Customer Care Professionals","0","0","JavaScript","amex-archives","2026-07-22T02:49:38Z","2619","False"
"isp-loyalty-points-reconciliation","https://github.aexp.com/amex-archives/isp-loyalty-points-reconciliation","Point Maintenance Journey - Reconciliation Pill ","0","4","JavaScript","amex-archives","2026-07-23T21:43:54Z","3414","False"
"isp-loyalty-points-transfer-history-and-reversals","https://github.aexp.com/amex-archives/isp-loyalty-points-transfer-history-and-reversals","Points transfer history and reversal experience for Customer Care Professionals","0","2","JavaScript","amex-archives","2026-07-21T14:30:59Z","3376","False"
"isp-loyalty-program-bonus-reload-tracker","https://github.aexp.com/amex-archives/isp-loyalty-program-bonus-reload-tracker","One App holocron module for Customer Care Professionals to track reload cap bonus.","0","1","JavaScript","amex-archives","2026-06-05T14:36:41Z","548","False"
"isp-loyalty-rebates-embedded-category-bonus","https://github.aexp.com/amex-archives/isp-loyalty-rebates-embedded-category-bonus",,"0","1","JavaScript","amex-archives","2026-08-03T19:41:14Z","3394","False"
"isp-loyalty-rebates-goodwill-maintenance","https://github.aexp.com/amex-archives/isp-loyalty-rebates-goodwill-maintenance","Module for servicing goodwill adjustments across both REBATE and COBRAND loyalty programs","0","0","JavaScript","amex-archives","2026-07-24T02:55:31Z","730","False"
"isp-loyalty-rebates-history-and-reversals","https://github.aexp.com/amex-archives/isp-loyalty-rebates-history-and-reversals",,"1","0","JavaScript","amex-archives","2026-07-10T15:18:37Z","4141","False"
"isp-loyalty-rebates-qualified-spend-transaction","https://github.aexp.com/amex-archives/isp-loyalty-rebates-qualified-spend-transaction","Add qualified spend transaction","0","1","JavaScript","amex-archives","2026-02-19T15:21:26Z","242","False"
"isp-loyalty-rebates-reconciliation","https://github.aexp.com/amex-archives/isp-loyalty-rebates-reconciliation","Account Reconciliation","0","1","JavaScript","amex-archives","2026-07-21T18:14:49Z","941","False"
"isp-loyalty-rebates-reinstatement-maintenance","https://github.aexp.com/amex-archives/isp-loyalty-rebates-reinstatement-maintenance","Reinstate rewards","0","0","JavaScript","amex-archives","2026-07-22T06:39:37Z","622","False"
"isp-loyalty-rebates-transaction-credit","https://github.aexp.com/amex-archives/isp-loyalty-rebates-transaction-credit",,"0","0","JavaScript","amex-archives","2026-07-10T10:19:25Z","958","False"
"isp-loyalty-redemptions-wrapper","https://github.aexp.com/amex-archives/isp-loyalty-redemptions-wrapper",,"0","1","JavaScript","amex-archives","2026-03-27T10:49:18Z","956","False"
"isp-loyalty-reinstatement-history-and-reversals","https://github.aexp.com/amex-archives/isp-loyalty-reinstatement-history-and-reversals","Reinstatement - History and reversal","0","3","JavaScript","amex-archives","2026-07-24T04:10:14Z","5168","False"
"isp-loyalty-reinstatement-points-maintenance","https://github.aexp.com/amex-archives/isp-loyalty-reinstatement-points-maintenance","Isp loyalty point maintenance - Reinstatement","0","3","JavaScript","amex-archives","2026-07-23T08:38:24Z","1168","False"
"isp-loyalty-rewards-maintenance","https://github.aexp.com/amex-archives/isp-loyalty-rewards-maintenance","Loyalty reward maintenance wrapper","0","3","JavaScript","amex-archives","2026-07-22T04:39:54Z","593","False"
"isp-manual-alert","https://github.aexp.com/amex-archives/isp-manual-alert","ISP Manual Alert Repo","0","0","JavaScript","amex-archives","2026-06-03T16:06:47Z","1151","False"
"isp-module-search-pw-test","https://github.aexp.com/amex-archives/isp-module-search-pw-test",,"0","0","JavaScript","amex-archives","2026-02-04T08:20:30Z","1283","False"
"isp-online-identity","https://github.aexp.com/amex-archives/isp-online-identity",,"0","2","JavaScript","amex-archives","2026-07-24T14:11:35Z","3641","False"
"isp-portal-header-pw-test","https://github.aexp.com/amex-archives/isp-portal-header-pw-test",,"0","0","HTML","amex-archives","2025-10-15T20:12:53Z","4708","False"
"isp-previous-account-events-journey","https://github.aexp.com/amex-archives/isp-previous-account-events-journey","Previous account events journey for fraud servicing","0","0","JavaScript","amex-archives","2026-06-09T06:57:23Z","195","False"
"isp-product-suite-pw-test","https://github.aexp.com/amex-archives/isp-product-suite-pw-test",,"0","0","JavaScript","amex-archives","2026-07-04T00:44:33Z","29771","False"
"isp-product-summary-pw-test","https://github.aexp.com/amex-archives/isp-product-summary-pw-test",,"0","0","JavaScript","amex-archives","2026-07-05T08:04:01Z","64946","False"
"isp-promotion-summary","https://github.aexp.com/amex-archives/isp-promotion-summary","To display eligible servicing promotions applicable for AmEx Card Members","0","1","JavaScript","amex-archives","2026-06-17T20:35:29Z","1004","False"
"isp-promotion-tracker","https://github.aexp.com/amex-archives/isp-promotion-tracker","Component to show the individual promotion tracker details.","0","4","JavaScript","amex-archives","2026-07-15T15:07:34Z","1718","False"
"isp-re-age-account","https://github.aexp.com/amex-archives/isp-re-age-account",,"0","1","JavaScript","amex-archives","2026-04-08T14:26:42Z","580","False"
"isp-re-age-events","https://github.aexp.com/amex-archives/isp-re-age-events",,"0","1","JavaScript","amex-archives","2026-04-08T13:20:22Z","662","False"
"isp-re-age-exception-history","https://github.aexp.com/amex-archives/isp-re-age-exception-history",,"0","1","JavaScript","amex-archives","2026-04-08T14:44:10Z","459","False"
"isp-re-age-exception-history-wrapper","https://github.aexp.com/amex-archives/isp-re-age-exception-history-wrapper","This is a wrapper module for Reage/Exception History journey modules","0","1","JavaScript","amex-archives","2026-04-08T12:57:07Z","165","False"
"isp-recent-interactions-pw-test","https://github.aexp.com/amex-archives/isp-recent-interactions-pw-test",,"0","0","HTML","amex-archives","2026-01-19T08:09:23Z","382","False"
"isp-relationship-summary-container-pw-test","https://github.aexp.com/amex-archives/isp-relationship-summary-container-pw-test","Functional Test cases for ISP Relationship summary feature for all markets","0","0","JavaScript","amex-archives","2025-10-07T19:13:24Z","4879","False"
"isp-relationship-summary-container-test","https://github.aexp.com/amex-archives/isp-relationship-summary-container-test",,"0","1","JavaScript","amex-archives","2025-07-26T06:29:24Z","1196","False"
"isp-services","https://github.aexp.com/amex-archives/isp-services",,"0","0","JavaScript","amex-archives","2026-06-23T10:56:16Z","466","False"
"isp-servicing-alerts","https://github.aexp.com/amex-archives/isp-servicing-alerts",,"0","5","JavaScript","amex-archives","2026-07-24T05:43:24Z","1814","False"
"isp-servicing-card-confirmation","https://github.aexp.com/amex-archives/isp-servicing-card-confirmation","Card Confirmation / Activation","0","4","JavaScript","amex-archives","2026-07-24T10:52:49Z","803","False"
"isp-servicing-corporate-activate-hierarchy","https://github.aexp.com/amex-archives/isp-servicing-corporate-activate-hierarchy","isp-servicing-corporate-activate-hierarchy","0","2","JavaScript","amex-archives","2026-07-16T15:03:42Z","895","False"
"isp-servicing-corporate-spending-limits","https://github.aexp.com/amex-archives/isp-servicing-corporate-spending-limits","Corporate Spending Limits","0","3","JavaScript","amex-archives","2026-07-28T15:33:37Z","2270","False"
"isp-servicing-loyalty-rebates-status","https://github.aexp.com/amex-archives/isp-servicing-loyalty-rebates-status",,"0","1","JavaScript","amex-archives","2026-03-19T19:00:46Z","574","False"
"isp-servicing-loyalty-rebates-transactions","https://github.aexp.com/amex-archives/isp-servicing-loyalty-rebates-transactions",,"0","1","JavaScript","amex-archives","2026-03-19T19:00:55Z","463","False"
"isp-servicing-manage-suspension","https://github.aexp.com/amex-archives/isp-servicing-manage-suspension",,"0","2","JavaScript","amex-archives","2026-07-16T22:39:33Z","644","False"
"isp-servicing-quick-address-search","https://github.aexp.com/amex-archives/isp-servicing-quick-address-search",,"0","1","JavaScript","amex-archives","2026-06-23T15:45:24Z","476","False"
"isp-skills","https://github.aexp.com/amex-archives/isp-skills",,"0","2","Shell","amex-archives","2026-06-24T15:30:22Z","181","False"
"isp-uat-automation-regression","https://github.aexp.com/amex-archives/isp-uat-automation-regression",,"0","0","JavaScript","amex-archives","2026-07-07T14:28:14Z","2613","False"
"isp-ui-automation-pw-framework","https://github.aexp.com/amex-archives/isp-ui-automation-pw-framework",,"0","0","HTML","amex-archives","2026-06-25T04:37:38Z","35499","False"
"isp-ui-automation-pw-regression","https://github.aexp.com/amex-archives/isp-ui-automation-pw-regression",,"0","0","JavaScript","amex-archives","2026-06-13T07:30:06Z","53365","False"
"ISP-UI-Automation-pw-Sanitytest","https://github.aexp.com/amex-archives/ISP-UI-Automation-pw-Sanitytest","Sanity Test cases for ISP Portal to make sure it is up and running","0","0","HTML","amex-archives","2026-07-07T15:19:09Z","161898","False"
"isp-ui-automation-pw-slregression","https://github.aexp.com/amex-archives/isp-ui-automation-pw-slregression",,"0","1","HTML","amex-archives","2025-07-26T06:29:29Z","10374","False"
"ISP-UI-Automation-Sanity","https://github.aexp.com/amex-archives/ISP-UI-Automation-Sanity",,"0","1","JavaScript","amex-archives","2025-07-26T06:29:32Z","14036","False"
"isp-ui-perf-pw-test","https://github.aexp.com/amex-archives/isp-ui-perf-pw-test",,"0","0","HTML","amex-archives","2026-07-01T22:12:42Z","5059","False"
"isp-view-note-pw-test","https://github.aexp.com/amex-archives/isp-view-note-pw-test",,"0","1","HTML","amex-archives","2026-04-13T17:51:59Z","8595","False"
"isp-view-statement","https://github.aexp.com/amex-archives/isp-view-statement","View Statement","0","6","JavaScript","amex-archives","2026-07-24T10:06:54Z","2405","False"
"isp-voice-id-journey","https://github.aexp.com/amex-archives/isp-voice-id-journey",,"0","2","JavaScript","amex-archives","2026-07-30T04:19:59Z","1186","False"
"isp-widget-account-balance-summary","https://github.aexp.com/amex-archives/isp-widget-account-balance-summary","Display the account balance summary","1","1","JavaScript","amex-archives","2026-07-30T13:53:56Z","4103","False"
"isp-widget-account-limits","https://github.aexp.com/amex-archives/isp-widget-account-limits",,"0","0","JavaScript","amex-archives","2026-07-29T13:51:29Z","4192","False"
"isp-widget-account-preferences","https://github.aexp.com/amex-archives/isp-widget-account-preferences","Module for account preferences widget","0","0","JavaScript","amex-archives","2026-07-20T20:32:34Z","2363","False"
"isp-widget-digital-engagement-indicators","https://github.aexp.com/amex-archives/isp-widget-digital-engagement-indicators","This module provides digital engagement indicators for customer","0","0","JavaScript","amex-archives","2026-07-13T09:41:11Z","1704","False"
"jest-selenium-analytics","https://github.aexp.com/amex-archives/jest-selenium-analytics",,"0","0","JavaScript","amex-archives","2026-06-03T02:04:32Z","296","False"
"jira-pr-validator","https://github.aexp.com/amex-archives/jira-pr-validator","GH Action to validate a PR against a JIRA issue","0","0","TypeScript","amex-archives","2026-06-24T10:18:23Z","1782","False"
"k8s-operator","https://github.aexp.com/amex-archives/k8s-operator","k8s-operator","0","1","Go","amex-archives","2026-03-06T20:06:53Z","231","False"
"kabbage-helm-charts-test-ci","https://github.aexp.com/amex-archives/kabbage-helm-charts-test-ci",,"0","0",,"amex-archives","2026-07-30T16:16:03Z","157","False"
"kai","https://github.aexp.com/amex-archives/kai","Kai Agentic Harness Framework","0","0","Go","amex-archives","2026-06-22T20:26:38Z","3671","False"
"know-your-customer-refresh-root","https://github.aexp.com/amex-archives/know-your-customer-refresh-root",,"1","4","JavaScript","amex-archives","2026-07-31T10:17:54Z","2998","False"
"langgraph-swarm","https://github.aexp.com/amex-archives/langgraph-swarm","AMEX Version of langgraph-swarm","5","0","Makefile","amex-archives","2026-06-22T21:44:03Z","2472","False"
"learning-attestation","https://github.aexp.com/amex-archives/learning-attestation",,"0","0","TypeScript","amex-archives","2026-07-14T10:58:47Z","936","False"
"legal-entity-monorepo","https://github.aexp.com/amex-archives/legal-entity-monorepo","legal-entity-monorepo","0","0","TypeScript","amex-archives","2026-07-07T06:05:21Z","1208","False"
"legal-entity-refresh","https://github.aexp.com/amex-archives/legal-entity-refresh",,"0","0","JavaScript","amex-archives","2026-06-01T04:27:23Z","813","False"
"legal-entity-root","https://github.aexp.com/amex-archives/legal-entity-root","legal-entity-root","0","0","TypeScript","amex-archives","2026-08-02T02:54:06Z","1813","False"
"llmrs","https://github.aexp.com/amex-archives/llmrs","Large Language Metadata and Rules Solutions","2","0","Kotlin","amex-archives","2026-07-01T18:51:14Z","252969","False"
"localization","https://github.aexp.com/amex-archives/localization",,"0","1","Go","amex-archives","2025-05-12T17:42:17Z","122","False"
"loungeos-lsapi-v1","https://github.aexp.com/amex-archives/loungeos-lsapi-v1",,"0","1",,"amex-archives","2025-08-15T18:17:28Z","15","False"
"loungeos-v1-lsapi","https://github.aexp.com/amex-archives/loungeos-v1-lsapi",,"0","0",,"amex-archives","2025-07-24T20:02:54Z","4","False"
"m1-msl","https://github.aexp.com/amex-archives/m1-msl","Mobile Service Layer for the Amex Mobile app","18","1","Kotlin","amex-archives","2026-08-14T12:09:38Z","672187","False"
"m1-msl-streaming","https://github.aexp.com/amex-archives/m1-msl-streaming","MobileOne Streaming & Websockets Backend","1","1","Kotlin","amex-archives","2026-07-10T17:00:18Z","5676","False"
"m3-auth-lib","https://github.aexp.com/amex-archives/m3-auth-lib","This repository is for maintaining common authorization concerns, such as A2A request and response filters","1","0","Kotlin","amex-archives","2026-05-05T12:45:02Z","162","False"
"m3-cqrs","https://github.aexp.com/amex-archives/m3-cqrs","Kotlin coroutines version of the Queue, and a CQRS framework","3","0","Kotlin","amex-archives","2026-06-30T08:01:04Z","1832","False"
"m3-cuscal-api-gateway","https://github.aexp.com/amex-archives/m3-cuscal-api-gateway","This is M3's API Gateway for Australia Cuscal","1","0","Kotlin","amex-archives","2026-06-30T16:56:29Z","7513","False"
"m3-docs","https://github.aexp.com/amex-archives/m3-docs","Documentation site for the Modern Money Movement platform using Docusaurus","0","0","JavaScript","amex-archives","2026-06-30T02:30:41Z","18383","False"
"m3-fi-gateway-core","https://github.aexp.com/amex-archives/m3-fi-gateway-core",,"1","1","Kotlin","amex-archives","2026-04-30T14:09:54Z","219","False"
"m3-lib-commons","https://github.aexp.com/amex-archives/m3-lib-commons","A library to support common cross cutting functionality across m3.","2","2","Kotlin","amex-archives","2026-06-29T06:21:27Z","2841","False"
"m3-lib-images","https://github.aexp.com/amex-archives/m3-lib-images","M3 Base images","2","1","Shell","amex-archives","2026-05-13T10:56:29Z","148970","False"
"m3-lib-logging","https://github.aexp.com/amex-archives/m3-lib-logging","logging library","1","0","Kotlin","amex-archives","2026-06-30T06:34:45Z","111","False"
"m3-pact-broker","https://github.aexp.com/amex-archives/m3-pact-broker","Materialised Views of Payments in M3","0","1","Mustache","amex-archives","2026-03-06T15:25:31Z","675","False"
"m3-svc-authorizations","https://github.aexp.com/amex-archives/m3-svc-authorizations","Authorizations for payments","0","1","Kotlin","amex-archives","2026-07-01T09:28:48Z","2703","False"
"m3-svc-batch-gateway","https://github.aexp.com/amex-archives/m3-svc-batch-gateway","Gateway application providing batching operations as a service","0","1","Kotlin","amex-archives","2026-06-30T20:33:25Z","44431","False"
"m3-svc-external-clearing-gateway","https://github.aexp.com/amex-archives/m3-svc-external-clearing-gateway",,"0","0","Kotlin","amex-archives","2025-09-24T06:07:10Z","1045","False"
"m3-svc-file-gateway","https://github.aexp.com/amex-archives/m3-svc-file-gateway",,"0","0","Kotlin","amex-archives","2026-03-16T06:09:48Z","5628","False"
"m3-svc-instruments","https://github.aexp.com/amex-archives/m3-svc-instruments","This repo hosts the payment instruments resource under veritas component in the m3 platform","4","0","Kotlin","amex-archives","2026-07-20T18:39:15Z","10829","False"
"m3-svc-matching","https://github.aexp.com/amex-archives/m3-svc-matching","M3 Matching Engine","1","0","Kotlin","amex-archives","2026-06-05T15:12:22Z","12563","False"
"m3-svc-notifier","https://github.aexp.com/amex-archives/m3-svc-notifier","Repository for code relating to Downstream Notification component","2","1","Kotlin","amex-archives","2026-07-14T05:27:39Z","1786","False"
"m3-svc-push-payment-notification","https://github.aexp.com/amex-archives/m3-svc-push-payment-notification",,"1","0","Kotlin","amex-archives","2026-07-07T18:42:58Z","7319","False"
"m3-svc-remediation-gateway","https://github.aexp.com/amex-archives/m3-svc-remediation-gateway","API gateway for remediating payments and transfers in M3.","0","0","Shell","amex-archives","2025-10-17T09:24:14Z","9002","True"
"m3-svc-supporting-info","https://github.aexp.com/amex-archives/m3-svc-supporting-info",,"0","0","Kotlin","amex-archives","2026-03-30T06:25:32Z","5090","False"
"m3-views","https://github.aexp.com/amex-archives/m3-views","Provides the relevant data to Control Tower","1","1","CSS","amex-archives","2026-06-26T14:24:04Z","3027","False"
"maestro_consequences","https://github.aexp.com/amex-archives/maestro_consequences","Maestro consequences service","1","0","Kotlin","amex-archives","2026-07-03T14:32:56Z","21123","False"
"maestro_customer-inbound","https://github.aexp.com/amex-archives/maestro_customer-inbound","Customer Inbound Component","1","0","Kotlin","amex-archives","2026-07-06T06:50:00Z","2539","False"
"maestro_customer-inbound2","https://github.aexp.com/amex-archives/maestro_customer-inbound2","Customer inbound 2 component.","0","0","Kotlin","amex-archives","2026-07-03T11:33:01Z","23574","False"
"maestro_customer-outbound","https://github.aexp.com/amex-archives/maestro_customer-outbound","Customer Outbound Component","0","0","Kotlin","amex-archives","2026-07-09T10:44:21Z","23694","False"
"maestro_event-reporting-gateway2","https://github.aexp.com/amex-archives/maestro_event-reporting-gateway2","Event Reporting Gateway service For Demographics Prompting","1","0","Kotlin","amex-archives","2026-07-03T11:33:44Z","40522","False"
"maestro_libraries","https://github.aexp.com/amex-archives/maestro_libraries","Repo for Maestro Libraries ","2","0","Kotlin","amex-archives","2026-07-07T08:43:57Z","17852","False"
"maestro_manager","https://github.aexp.com/amex-archives/maestro_manager","Maestro repo for MGR (used to be Admin)","0","0","Kotlin","amex-archives","2026-07-07T11:22:36Z","22492","False"
"maestro_one-time-dml","https://github.aexp.com/amex-archives/maestro_one-time-dml",,"1","0","PLSQL","amex-archives","2026-07-03T11:34:35Z","463","False"
"maestro_refresh-workflow","https://github.aexp.com/amex-archives/maestro_refresh-workflow","Maestro owned repo for refresh workflow","0","0","Kotlin","amex-archives","2026-07-03T11:40:56Z","4355","False"
"maestro_scheduler","https://github.aexp.com/amex-archives/maestro_scheduler","Spring boot application to publish refresh schedule to Maestro Eco system","1","0","Kotlin","amex-archives","2026-07-03T13:24:22Z","18074","False"
"maestro_single-outbound-communication","https://github.aexp.com/amex-archives/maestro_single-outbound-communication","Single Outbound Communication Component","1","0","Kotlin","amex-archives","2026-07-03T11:35:12Z","17940","False"
"maestro_third-party-Integration","https://github.aexp.com/amex-archives/maestro_third-party-Integration","Third Party Integration Component","1","0","Kotlin","amex-archives","2026-07-03T11:41:05Z","18359","False"
"maestro_timebox","https://github.aexp.com/amex-archives/maestro_timebox","Maestro repo for Timebox (TBX)","1","0","Kotlin","amex-archives","2026-07-03T11:35:22Z","18006","False"
"maestro_timeline","https://github.aexp.com/amex-archives/maestro_timeline","Maestro repository for Timeline (TML)","0","0","Kotlin","amex-archives","2026-07-13T05:12:42Z","5519","False"
"maestro_tracker","https://github.aexp.com/amex-archives/maestro_tracker","Maestro repo for Tracker (TRK)","2","0","Kotlin","amex-archives","2026-07-06T09:05:00Z","22873","False"
"maestro_tracker2","https://github.aexp.com/amex-archives/maestro_tracker2","Maestro repo for Tracker (TRK) version 2 (prompting use case)","1","0","Kotlin","amex-archives","2026-07-03T11:35:37Z","24445","False"
"maestro_trigger","https://github.aexp.com/amex-archives/maestro_trigger",,"4","0","Kotlin","amex-archives","2026-07-07T10:16:41Z","4561","False"
"manage-virtual-cards","https://github.aexp.com/amex-archives/manage-virtual-cards",,"0","1","JavaScript","amex-archives","2026-07-27T16:28:39Z","1841","False"
"mandates","https://github.aexp.com/amex-archives/mandates","Application for handling requests and events for mandates domain","0","1","Kotlin","amex-archives","2026-07-28T17:08:38Z","8487","False"
"marketing-data-marketplace","https://github.aexp.com/amex-archives/marketing-data-marketplace",,"0","0","TypeScript","amex-archives","2026-04-03T19:59:52Z","218","False"
"marketing-target-amex-offers","https://github.aexp.com/amex-archives/marketing-target-amex-offers",,"1","0","TypeScript","amex-archives","2026-07-28T17:05:30Z","3852","False"
"marketing-target-audience-builder","https://github.aexp.com/amex-archives/marketing-target-audience-builder","Marketing Target Audience Builder","0","0","TypeScript","amex-archives","2026-08-01T22:25:31Z","4627","False"
"marketing-target-automation","https://github.aexp.com/amex-archives/marketing-target-automation",,"1","0","Java","amex-archives","2026-08-03T23:02:15Z","24372","False"
"marketing-target-card-product-suppression","https://github.aexp.com/amex-archives/marketing-target-card-product-suppression","Card Product Suppression are card driven rules to prevent the distribution of restricted merchant offers or marketing to Card Members across multiple channels","0","0","TypeScript","amex-archives","2026-07-31T17:06:54Z","1611","False"
"marketing-target-common-utils","https://github.aexp.com/amex-archives/marketing-target-common-utils","Reusable components for applications hosted on Marketing Target Platform","1","0","TypeScript","amex-archives","2026-07-02T20:21:57Z","1428","False"
"marketing-target-configuration-activity-log","https://github.aexp.com/amex-archives/marketing-target-configuration-activity-log","Tool for recording activity Log for Templates Editor, Targeting and Exclusion Manager in one central place.","0","0","TypeScript","amex-archives","2026-07-31T20:54:46Z","882","False"
"marketing-target-configuration-approval","https://github.aexp.com/amex-archives/marketing-target-configuration-approval",,"1","0","TypeScript","amex-archives","2026-07-27T23:37:21Z","1276","False"
"marketing-target-dynamic-data-dictionary-admin","https://github.aexp.com/amex-archives/marketing-target-dynamic-data-dictionary-admin","Admin module for Marketing Data Sub Catalog (Dynamic Data Dictionary) section of mTarget portal ","1","0","TypeScript","amex-archives","2026-03-07T06:17:10Z","1233","False"
"marketing-target-exclusions-targeting-manager","https://github.aexp.com/amex-archives/marketing-target-exclusions-targeting-manager","A component that facilitates the creation of targeting and exclusion rules with pre-defined values","1","0","TypeScript","amex-archives","2026-07-30T17:57:39Z","2950","False"
"marketing-target-root","https://github.aexp.com/amex-archives/marketing-target-root","Marketing Target Platform","1","1","TypeScript","amex-archives","2026-07-30T17:57:03Z","4562","False"
"marketing-target-rule-template-editor","https://github.aexp.com/amex-archives/marketing-target-rule-template-editor","A child module for marketing-target-root to enable marketers to create their own rule templates.","1","0","TypeScript","amex-archives","2026-07-30T17:57:50Z","1365","False"
"martech-flywheel-offer-campaign-cra","https://github.aexp.com/amex-archives/martech-flywheel-offer-campaign-cra",,"1","0",,"amex-archives","2026-07-13T19:58:04Z","3060","False"
"MC-Automation","https://github.aexp.com/amex-archives/MC-Automation","This repository will be leveraged to track all Mission Control Automation Efforts.","2","7","Python","amex-archives","2026-08-13T06:02:26Z","21063","False"
"mc-knowledge","https://github.aexp.com/amex-archives/mc-knowledge","Mission Control Knowledge","0","1","HTML","amex-archives","2026-07-17T19:26:16Z","2286769","False"
"merchant-iq-identity-request","https://github.aexp.com/amex-archives/merchant-iq-identity-request",,"0","2","JavaScript","amex-archives","2026-07-16T19:58:07Z","1021","False"
"merchant-redirects-conflict","https://github.aexp.com/amex-archives/merchant-redirects-conflict",,"0","2","JavaScript","amex-archives","2026-07-29T12:16:32Z","2158","False"
"merchant-redirects-footer","https://github.aexp.com/amex-archives/merchant-redirects-footer",,"0","2","JavaScript","amex-archives","2026-07-29T09:36:48Z","1703","False"
"merchant-redirects-mass","https://github.aexp.com/amex-archives/merchant-redirects-mass",,"0","2","JavaScript","amex-archives","2026-07-29T12:17:04Z","60849","False"
"merchant-redirects-modify","https://github.aexp.com/amex-archives/merchant-redirects-modify",,"0","2","JavaScript","amex-archives","2026-07-29T12:17:43Z","2586","False"
"merchant-redirects-popups","https://github.aexp.com/amex-archives/merchant-redirects-popups",,"0","2","JavaScript","amex-archives","2026-07-29T12:18:40Z","3781","False"
"merchant-redirects-reports","https://github.aexp.com/amex-archives/merchant-redirects-reports",,"0","2","JavaScript","amex-archives","2026-07-29T12:19:07Z","3294","False"
"merchant-redirects-root","https://github.aexp.com/amex-archives/merchant-redirects-root",,"0","2","JavaScript","amex-archives","2026-07-29T12:19:31Z","3381","False"
"merchant-redirects-search","https://github.aexp.com/amex-archives/merchant-redirects-search",,"0","3","JavaScript","amex-archives","2026-07-29T12:19:55Z","2265","False"
"merchant-redirects-single","https://github.aexp.com/amex-archives/merchant-redirects-single",,"0","2","JavaScript","amex-archives","2026-07-29T12:20:18Z","2674","False"
"merchant-terminal-enablement-platform-amadeus-merchant","https://github.aexp.com/amex-archives/merchant-terminal-enablement-platform-amadeus-merchant",,"0","2","JavaScript","amex-archives","2026-07-31T10:38:19Z","922","False"
"merchant-terminal-enablement-platform-amadeus-search","https://github.aexp.com/amex-archives/merchant-terminal-enablement-platform-amadeus-search",,"0","2","JavaScript","amex-archives","2026-07-31T10:37:56Z","558","False"
"merchant-terminal-enablement-platform-bulk-upload","https://github.aexp.com/amex-archives/merchant-terminal-enablement-platform-bulk-upload","This repository holds the code for One App module for bulk upload functionality which is part of application merchant terminal enablement platform","0","2","JavaScript","amex-archives","2026-07-31T10:36:39Z","2297","False"
"merchant-terminal-enablement-platform-footer","https://github.aexp.com/amex-archives/merchant-terminal-enablement-platform-footer",,"0","2","JavaScript","amex-archives","2026-07-31T10:31:25Z","841","False"
"merchant-terminal-enablement-platform-header","https://github.aexp.com/amex-archives/merchant-terminal-enablement-platform-header",,"0","2","JavaScript","amex-archives","2026-07-31T10:38:46Z","1626","False"
"merchant-terminal-enablement-platform-home","https://github.aexp.com/amex-archives/merchant-terminal-enablement-platform-home",,"0","2","JavaScript","amex-archives","2026-07-31T10:39:19Z","2319","False"
"merchant-terminal-enablement-platform-merchant","https://github.aexp.com/amex-archives/merchant-terminal-enablement-platform-merchant",,"0","2","JavaScript","amex-archives","2026-07-31T10:32:07Z","2095","False"
"merchant-terminal-enablement-platform-merchant-setup","https://github.aexp.com/amex-archives/merchant-terminal-enablement-platform-merchant-setup",,"0","2","JavaScript","amex-archives","2026-07-31T10:37:31Z","628","False"
"merchant-terminal-enablement-platform-popups","https://github.aexp.com/amex-archives/merchant-terminal-enablement-platform-popups",,"0","2","JavaScript","amex-archives","2026-07-31T10:35:47Z","680","False"
"merchant-terminal-enablement-platform-provider","https://github.aexp.com/amex-archives/merchant-terminal-enablement-platform-provider","This repo hosts code for terminal provider one app module which is part of merchant terminal enablement platform","0","2","JavaScript","amex-archives","2026-07-31T10:39:51Z","1081","False"
"merchant-terminal-enablement-platform-reports","https://github.aexp.com/amex-archives/merchant-terminal-enablement-platform-reports",,"0","2","JavaScript","amex-archives","2026-07-01T12:09:13Z","923","False"
"merchant-terminal-enablement-platform-root","https://github.aexp.com/amex-archives/merchant-terminal-enablement-platform-root",,"0","2","JavaScript","amex-archives","2026-07-31T10:34:43Z","1794","False"
"merchant-terminal-enablement-platform-terminal","https://github.aexp.com/amex-archives/merchant-terminal-enablement-platform-terminal",,"0","2","JavaScript","amex-archives","2026-08-01T21:15:06Z","861","False"
"merchant-terminal-enablement-platform-terminal-initialization","https://github.aexp.com/amex-archives/merchant-terminal-enablement-platform-terminal-initialization",,"0","2","JavaScript","amex-archives","2026-07-31T10:41:19Z","767","False"
"merchant-terminal-enablement-platform-terminal-range","https://github.aexp.com/amex-archives/merchant-terminal-enablement-platform-terminal-range",,"0","2","JavaScript","amex-archives","2026-07-31T10:41:44Z","1071","False"
"merchant-terminal-enablement-platform-terminal-search","https://github.aexp.com/amex-archives/merchant-terminal-enablement-platform-terminal-search",,"0","2","JavaScript","amex-archives","2026-07-31T10:35:19Z","1061","False"
"merchant-terminal-enablement-platform-terminal-setup","https://github.aexp.com/amex-archives/merchant-terminal-enablement-platform-terminal-setup",,"0","2","JavaScript","amex-archives","2026-07-31T10:37:06Z","2185","False"
"merchantapi-orch_ea-dl-resolver","https://github.aexp.com/amex-archives/merchantapi-orch_ea-dl-resolver","APIS to support registration and resolve for INDIA data localization","1","2","Java","amex-archives","2026-08-08T23:27:47Z","367","False"
"merchantbillpay_axp-gmbp-phone-android","https://github.aexp.com/amex-archives/merchantbillpay_axp-gmbp-phone-android","Global Merchant Bill Pay, Native Android, Kotlin","3","1","Kotlin","amex-archives","2026-07-14T09:36:10Z","10175","False"
"merchantbillpay_axp-gmbp-phone-ios","https://github.aexp.com/amex-archives/merchantbillpay_axp-gmbp-phone-ios","Global Merchant Bill Pay, Native iOS, Swift","1","2","Swift","amex-archives","2026-07-09T21:27:41Z","6884","False"
"merchantforce-architecture","https://github.aexp.com/amex-archives/merchantforce-architecture","Merchantforce CRM Architecture","0","0",,"amex-archives","2025-10-20T19:03:04Z","25201","False"
"metric-configuration-platform","https://github.aexp.com/amex-archives/metric-configuration-platform","Root module for PRISM Metric Config Tenancy","0","0","JavaScript","amex-archives","2026-07-31T13:32:16Z","3221","False"
"mgm-docker","https://github.aexp.com/amex-archives/mgm-docker",,"1","0","Shell","amex-archives","2026-07-08T09:13:54Z","11095","False"
"mgm-gha-library","https://github.aexp.com/amex-archives/mgm-gha-library","Reusable GitHub Actions CI workflow templates for MGM applications. Centralizes CI/CD logic, enabling consistent, maintainable, and scalable automation across multiple services and repositories.","0","0",,"amex-archives","2026-05-29T10:09:40Z","73","False"
"mgm-tool-box","https://github.aexp.com/amex-archives/mgm-tool-box",,"0","0","JavaScript","amex-archives","2026-07-08T08:55:51Z","1335","False"
"mgmstash_accessibility_scanner","https://github.aexp.com/amex-archives/mgmstash_accessibility_scanner",,"0","0","JavaScript","amex-archives","2026-05-22T23:23:44Z","133784","False"
"mgmstash_mgmrefer","https://github.aexp.com/amex-archives/mgmstash_mgmrefer",,"0","0","HTML","amex-archives","2026-06-25T11:27:39Z","15316","False"
"mgmstash_oce_widget","https://github.aexp.com/amex-archives/mgmstash_oce_widget",,"0","0","JavaScript","amex-archives","2026-07-02T14:37:49Z","3027","False"
"migration-strategy-helper-service","https://github.aexp.com/amex-archives/migration-strategy-helper-service",,"0","0","Kotlin","amex-archives","2026-07-01T16:04:19Z","8406","False"
"mills_card-network-policy","https://github.aexp.com/amex-archives/mills_card-network-policy","Card Network Policy for GMNS","1","2","Python","amex-archives","2026-07-28T21:15:56Z","287394","False"
"mills_client-brief-generator","https://github.aexp.com/amex-archives/mills_client-brief-generator","Client Brief Generator using Gen AI","3","3","Python","amex-archives","2026-05-26T20:43:25Z","88176","False"
"mobile-documents","https://github.aexp.com/amex-archives/mobile-documents",,"2","2","JavaScript","amex-archives","2026-07-22T18:59:52Z","497744","False"
"mobile-tools","https://github.aexp.com/amex-archives/mobile-tools","Mobile Tools","7","4","Kotlin","amex-archives","2026-07-21T21:54:29Z","127756","False"
"model-non-model-lifecycle-management-activity-log","https://github.aexp.com/amex-archives/model-non-model-lifecycle-management-activity-log",,"0","0","JavaScript","amex-archives","2026-07-27T04:25:13Z","576","False"
"model-non-model-lifecycle-management-admin","https://github.aexp.com/amex-archives/model-non-model-lifecycle-management-admin",,"0","0","JavaScript","amex-archives","2026-07-21T07:57:05Z","1097","False"
"model-non-model-lifecycle-management-annual-review","https://github.aexp.com/amex-archives/model-non-model-lifecycle-management-annual-review",,"0","0","JavaScript","amex-archives","2026-07-27T11:49:59Z","1545","False"
"model-non-model-lifecycle-management-annual-review-dashboard","https://github.aexp.com/amex-archives/model-non-model-lifecycle-management-annual-review-dashboard",,"0","0","JavaScript","amex-archives","2026-08-19T07:47:43Z","1666","False"
"model-non-model-lifecycle-management-commons","https://github.aexp.com/amex-archives/model-non-model-lifecycle-management-commons",,"0","0","JavaScript","amex-archives","2026-07-07T16:00:46Z","5400","False"
"model-non-model-lifecycle-management-findings","https://github.aexp.com/amex-archives/model-non-model-lifecycle-management-findings",,"0","0","JavaScript","amex-archives","2026-07-27T04:20:47Z","2503","False"
"model-non-model-lifecycle-management-findings-listing","https://github.aexp.com/amex-archives/model-non-model-lifecycle-management-findings-listing",,"0","0","JavaScript","amex-archives","2026-07-21T07:52:40Z","519","False"
"model-non-model-lifecycle-management-header","https://github.aexp.com/amex-archives/model-non-model-lifecycle-management-header",,"0","0","JavaScript","amex-archives","2026-07-21T07:57:27Z","1485","False"
"model-non-model-lifecycle-management-home","https://github.aexp.com/amex-archives/model-non-model-lifecycle-management-home",,"0","0","JavaScript","amex-archives","2026-07-27T04:27:14Z","1883","False"
"model-non-model-lifecycle-management-lib","https://github.aexp.com/amex-archives/model-non-model-lifecycle-management-lib",,"0","0","JavaScript","amex-archives","2026-07-29T08:59:15Z","2911","False"
"model-non-model-lifecycle-management-navigation","https://github.aexp.com/amex-archives/model-non-model-lifecycle-management-navigation",,"0","0","JavaScript","amex-archives","2026-07-27T04:17:36Z","940","False"
"model-non-model-lifecycle-management-performance-tracking","https://github.aexp.com/amex-archives/model-non-model-lifecycle-management-performance-tracking",,"0","0","JavaScript","amex-archives","2026-07-29T15:17:06Z","1302","False"
"model-non-model-lifecycle-management-performance-tracking-dashboard","https://github.aexp.com/amex-archives/model-non-model-lifecycle-management-performance-tracking-dashboard",,"0","0","JavaScript","amex-archives","2026-07-27T04:21:10Z","1220","False"
"model-non-model-lifecycle-management-retirement","https://github.aexp.com/amex-archives/model-non-model-lifecycle-management-retirement",,"0","0","JavaScript","amex-archives","2026-08-01T20:23:38Z","2725","False"
"model-non-model-lifecycle-management-root","https://github.aexp.com/amex-archives/model-non-model-lifecycle-management-root",,"0","0","JavaScript","amex-archives","2026-07-29T14:24:33Z","2123","False"
"module-tree-builder","https://github.aexp.com/amex-archives/module-tree-builder","A tool for building data fed into visualization to see your microfrontend","0","0","JavaScript","amex-archives","2026-05-28T22:51:14Z","1942","False"
"morfosi","https://github.aexp.com/amex-archives/morfosi",,"0","0","Go","amex-archives","2026-05-29T11:17:04Z","3235","False"
"msp-elf-configs","https://github.aexp.com/amex-archives/msp-elf-configs","Back up repo in case anything happens to ELF that results in the wiping of common configs.","0","0",,"amex-archives","2026-06-02T17:19:34Z","71","False"
"muttley","https://github.aexp.com/amex-archives/muttley","JSON validation library for APIs, with a custom Kotlin DSL","2","0","Kotlin","amex-archives","2025-01-29T13:57:41Z","1076","False"
"myca-activity-balances","https://github.aexp.com/amex-archives/myca-activity-balances",,"0","0","TypeScript","amex-archives","2026-07-30T15:58:48Z","6162","False"
"myca-activity-statements","https://github.aexp.com/amex-archives/myca-activity-statements",,"0","0","JavaScript","amex-archives","2026-07-30T19:01:17Z","2727","False"
"myca-activity-tags","https://github.aexp.com/amex-archives/myca-activity-tags",,"0","0","TypeScript","amex-archives","2026-07-29T21:54:16Z","1987","False"
"myca-activity-transaction-details","https://github.aexp.com/amex-archives/myca-activity-transaction-details",,"0","0","JavaScript","amex-archives","2026-07-29T21:48:31Z","44977","False"
"network-demographics-maintenance-portal-header","https://github.aexp.com/amex-archives/network-demographics-maintenance-portal-header","NMOM UI for Cancellation","1","2","JavaScript","amex-archives","2026-07-29T15:56:58Z","1050","False"
"network-demographics-maintenance-portal-root","https://github.aexp.com/amex-archives/network-demographics-maintenance-portal-root","NMOM UI for Cancellation","1","2","JavaScript","amex-archives","2026-07-30T09:28:08Z","3380","False"
"new-accounts-documents-upload-root","https://github.aexp.com/amex-archives/new-accounts-documents-upload-root","The module will help manage documents for new card applications. ","0","0","JavaScript","amex-archives","2026-07-30T14:09:39Z","2365","False"
"ngdm-db-cicd-documentation","https://github.aexp.com/amex-archives/ngdm-db-cicd-documentation","ngdm-db-cicd-documentation","0","0","JavaScript","amex-archives","2026-07-08T13:29:02Z","519959","False"
"obe-automation","https://github.aexp.com/amex-archives/obe-automation",,"2","0","Java","amex-archives","2026-07-08T15:56:50Z","1958","False"
"obe-cdr","https://github.aexp.com/amex-archives/obe-cdr","OBE Australia CDR","1","1","Java","amex-archives","2026-07-09T17:16:10Z","32884","False"
"obe-event-processing","https://github.aexp.com/amex-archives/obe-event-processing",,"1","0","Java","amex-archives","2026-07-01T18:13:11Z","842","False"
"obe-fdx","https://github.aexp.com/amex-archives/obe-fdx","Open Banking - FDX ","0","2","Java","amex-archives","2026-07-09T19:39:38Z","3817","False"
"obe-metrics","https://github.aexp.com/amex-archives/obe-metrics",,"1","1","Java","amex-archives","2026-06-24T14:37:24Z","497","False"
"obe-obie","https://github.aexp.com/amex-archives/obe-obie",,"1","2","Java","amex-archives","2026-07-09T21:52:39Z","2278","False"
"obe-prodreg","https://github.aexp.com/amex-archives/obe-prodreg",,"1","0","Kotlin","amex-archives","2026-06-24T02:40:05Z","701","False"
"onboard-account-setup-lite","https://github.aexp.com/amex-archives/onboard-account-setup-lite",,"0","0","JavaScript","amex-archives","2026-07-30T19:29:35Z","1695","False"
"onboard-customer-enablement","https://github.aexp.com/amex-archives/onboard-customer-enablement",,"0","0","Shell","amex-archives","2026-06-19T18:02:47Z","889","False"
"one-amex-agent-plugins","https://github.aexp.com/amex-archives/one-amex-agent-plugins",,"13","9","JavaScript","amex-archives","2026-07-17T14:40:33Z","1928","False"
"one-amex-ecosystem-registry","https://github.aexp.com/amex-archives/one-amex-ecosystem-registry","Consumable listing data of One Amex Ecosystem.","44","1751","JavaScript","amex-archives","2026-08-06T07:04:06Z","7745","False"
"one-amex-module-map","https://github.aexp.com/amex-archives/one-amex-module-map","Controls which modules are used in environments.","4","13","JavaScript","amex-archives","2026-08-12T14:42:44Z","4668533","False"
"one-app-demo-root","https://github.aexp.com/amex-archives/one-app-demo-root",,"1","0","JavaScript","amex-archives","2026-07-24T16:30:37Z","13284","False"
"one-app-showcase","https://github.aexp.com/amex-archives/one-app-showcase",,"1","1","TypeScript","amex-archives","2026-07-24T14:22:14Z","6709","False"
"one-assist-chatbot-factory","https://github.aexp.com/amex-archives/one-assist-chatbot-factory",,"0","0","JavaScript","amex-archives","2026-03-19T08:04:46Z","798","False"
"one-commercial-payments-enrollment-card-selector","https://github.aexp.com/amex-archives/one-commercial-payments-enrollment-card-selector","Card Selector module for Enrollment in Virtual Payments","3","1","JavaScript","amex-archives","2026-07-27T18:52:42Z","8217","False"
"one-commercial-payments-enrollment-header","https://github.aexp.com/amex-archives/one-commercial-payments-enrollment-header","Header module for Enrollment in Virtual Payments","1","2","JavaScript","amex-archives","2026-07-27T18:52:47Z","908","False"
"one-commercial-payments-enrollment-root","https://github.aexp.com/amex-archives/one-commercial-payments-enrollment-root","Root module for Card Enrollment in Virtual Payments","2","3","JavaScript","amex-archives","2026-07-27T19:04:27Z","1257","False"
"one-debugger","https://github.aexp.com/amex-archives/one-debugger","Debug One App modules","0","0","TypeScript","amex-archives","2026-06-12T14:13:50Z","997","False"
"one-experiments","https://github.aexp.com/amex-archives/one-experiments",,"4","8","JavaScript","amex-archives","2026-06-29T19:54:06Z","1666","False"
"one-explorer","https://github.aexp.com/amex-archives/one-explorer","API Catalog","3","7","JavaScript","amex-archives","2026-07-27T01:45:20Z","108741","False"
"one-identity-authentication","https://github.aexp.com/amex-archives/one-identity-authentication",,"1","2","JavaScript","amex-archives","2026-07-17T19:51:30Z","3214","False"
"one-identity-authentication-container","https://github.aexp.com/amex-archives/one-identity-authentication-container",,"0","0","JavaScript","amex-archives","2026-06-25T17:15:15Z","741","False"
"one-identity-authentication-legacy","https://github.aexp.com/amex-archives/one-identity-authentication-legacy",,"1","1","JavaScript","amex-archives","2026-03-19T07:42:00Z","23283","False"
"one-identity-authenticator-registration","https://github.aexp.com/amex-archives/one-identity-authenticator-registration","Register for time-based one-time password (TOTP)","1","1","JavaScript","amex-archives","2026-03-19T07:42:07Z","1290","False"
"one-identity-change-password","https://github.aexp.com/amex-archives/one-identity-change-password",,"2","0","JavaScript","amex-archives","2026-07-14T20:48:19Z","2788","False"
"one-identity-create","https://github.aexp.com/amex-archives/one-identity-create",,"1","0","JavaScript","amex-archives","2026-07-21T21:26:36Z","3327","False"
"one-identity-credential-recovery","https://github.aexp.com/amex-archives/one-identity-credential-recovery",,"1","0","JavaScript","amex-archives","2026-07-14T16:22:01Z","3286","False"
"one-identity-login","https://github.aexp.com/amex-archives/one-identity-login",,"3","1","JavaScript","amex-archives","2026-07-24T15:35:03Z","8807","False"
"one-identity-login-alert","https://github.aexp.com/amex-archives/one-identity-login-alert",,"0","2","JavaScript","amex-archives","2026-03-20T21:29:06Z","1944","False"
"one-identity-login-page","https://github.aexp.com/amex-archives/one-identity-login-page",,"0","5","JavaScript","amex-archives","2026-07-25T19:58:33Z","2898","False"
"one-identity-management-center","https://github.aexp.com/amex-archives/one-identity-management-center",,"3","1","JavaScript","amex-archives","2026-07-21T21:21:44Z","4427","False"
"one-identity-profile-builder","https://github.aexp.com/amex-archives/one-identity-profile-builder",,"1","0","JavaScript","amex-archives","2026-03-19T07:43:08Z","4673","False"
"one-identity-root","https://github.aexp.com/amex-archives/one-identity-root",,"0","5","JavaScript","amex-archives","2026-07-25T20:00:46Z","8193","False"
"one-identity-safekey","https://github.aexp.com/amex-archives/one-identity-safekey",,"0","1","JavaScript","amex-archives","2026-03-19T07:43:21Z","599","False"
"one-identity-two-step-learn-more","https://github.aexp.com/amex-archives/one-identity-two-step-learn-more",,"0","0","JavaScript","amex-archives","2026-03-19T07:43:36Z","995","False"
"one-identity-two-step-manage","https://github.aexp.com/amex-archives/one-identity-two-step-manage",,"0","1","JavaScript","amex-archives","2026-03-19T07:43:42Z","6234","False"
"one-identity-two-step-verification","https://github.aexp.com/amex-archives/one-identity-two-step-verification",,"2","1","JavaScript","amex-archives","2026-03-19T07:43:49Z","5199","False"
"one-identity-universal-session-manager","https://github.aexp.com/amex-archives/one-identity-universal-session-manager",,"1","1","JavaScript","amex-archives","2026-07-20T21:38:58Z","1657","False"
"one-identity-verification","https://github.aexp.com/amex-archives/one-identity-verification","Profile Phone and Email verification","0","0","JavaScript","amex-archives","2026-03-19T07:44:03Z","2171","False"
"one-insight-api","https://github.aexp.com/amex-archives/one-insight-api","One Insight API","1","2","Java","amex-archives","2026-06-30T10:47:20Z","10874","False"
"one-insight-toolkit","https://github.aexp.com/amex-archives/one-insight-toolkit","This is reusable component collection","0","0","JavaScript","amex-archives","2026-07-07T07:27:55Z","7220","False"
"one-xp-common","https://github.aexp.com/amex-archives/one-xp-common",,"0","0","JavaScript","amex-archives","2026-07-09T21:13:10Z","26551","False"
"one-xp-experiment-permalink-generator","https://github.aexp.com/amex-archives/one-xp-experiment-permalink-generator",,"0","1","JavaScript","amex-archives","2026-03-19T08:04:18Z","2737","False"
"one-xp-header","https://github.aexp.com/amex-archives/one-xp-header",,"0","1","JavaScript","amex-archives","2026-07-31T20:35:39Z","3305","False"
"oneinsight-iops","https://github.aexp.com/amex-archives/oneinsight-iops",,"1","4","Java","amex-archives","2026-07-08T21:39:03Z","2591","False"
"oneinsightbatch","https://github.aexp.com/amex-archives/oneinsightbatch","This code base used for one-insight-batch module","1","1","Java","amex-archives","2026-07-02T21:37:45Z","2712","False"
"oneinsightbatch-p2p","https://github.aexp.com/amex-archives/oneinsightbatch-p2p",,"0","1","Java","amex-archives","2026-07-09T20:49:35Z","7125","False"
"onetouch-api","https://github.aexp.com/amex-archives/onetouch-api",,"2","4","Java","amex-archives","2026-07-13T09:08:26Z","17063","False"
"onetouch-ui","https://github.aexp.com/amex-archives/onetouch-ui",,"2","3","JavaScript","amex-archives","2026-07-09T14:52:29Z","29927","False"
"operational-excellence-testing-bulk-upload-summary","https://github.aexp.com/amex-archives/operational-excellence-testing-bulk-upload-summary",,"0","0","JavaScript","amex-archives","2026-07-02T09:27:49Z","1061","False"
"operations-root","https://github.aexp.com/amex-archives/operations-root",,"0","7","JavaScript","amex-archives","2026-04-06T06:14:15Z","5393","False"
"OSS_aexp.io-blog","https://github.aexp.com/amex-archives/OSS_aexp.io-blog","American Express Public Tech Blog","7","16","HTML","amex-archives","2026-07-18T01:31:02Z","343769","False"
"otel-js-conf","https://github.aexp.com/amex-archives/otel-js-conf",,"0","0","JavaScript","amex-archives","2025-12-08T10:31:04Z","100","False"
"parallel-split-compress","https://github.aexp.com/amex-archives/parallel-split-compress",,"0","0","Go","amex-archives","2026-04-22T18:11:27Z","29","False"
"parrot-forwarding","https://github.aexp.com/amex-archives/parrot-forwarding","parrot-forwarding","2","0","JavaScript","amex-archives","2025-07-26T08:29:23Z","99","False"
"payments-eng-push-classic","https://github.aexp.com/amex-archives/payments-eng-push-classic",,"0","0","HTML","amex-archives","2025-10-29T21:22:50Z","12464","False"
"pbss-tenancy-urls","https://github.aexp.com/amex-archives/pbss-tenancy-urls",,"0","0","JavaScript","amex-archives","2026-08-09T03:46:13Z","32280","False"
"peer-to-peer-case-setup","https://github.aexp.com/amex-archives/peer-to-peer-case-setup",,"0","2","JavaScript","amex-archives","2026-07-27T14:56:40Z","1869","False"
"performance-test-framework","https://github.aexp.com/amex-archives/performance-test-framework","Performance Test Framework(Gatling-Karate based)","5","2","Python","amex-archives","2026-06-17T23:54:49Z","2646","False"
"platform-auto_github-crawler","https://github.aexp.com/amex-archives/platform-auto_github-crawler",,"3","0","Python","amex-archives","2026-07-15T15:43:38Z","2449","False"
"platform-auto_mass_file_deployer","https://github.aexp.com/amex-archives/platform-auto_mass_file_deployer",,"0","1","Python","amex-archives","2026-04-09T17:42:37Z","394","False"
"polaris-policy-data-analysis","https://github.aexp.com/amex-archives/polaris-policy-data-analysis",,"0","0","Java","amex-archives","2026-06-02T20:29:22Z","878","False"
"portals-knowledge-learning-hub-root","https://github.aexp.com/amex-archives/portals-knowledge-learning-hub-root",,"2","0","JavaScript","amex-archives","2026-06-06T19:10:22Z","1055","False"
"prepaid-servicing-competitors-cheque-processing-system","https://github.aexp.com/amex-archives/prepaid-servicing-competitors-cheque-processing-system","Competitors Cheque Processing System is an inventory processing system for banks that are depleting non-AMEX travelers cheques. The Competitors Cheque Processing System will process competitors paid travelers cheques to enable American Express to gain market share.","1","0","JavaScript","amex-archives","2026-04-24T15:43:58Z","1777","False"
"prepaid-servicing-exposure-management","https://github.aexp.com/amex-archives/prepaid-servicing-exposure-management","The Exposure Management Information System provides the Risk Management personnel the ability to select a particular customer account, or Continent/Country/State combination or Sales Person ID or Division and inquire on the current exposure elements that relate to that account, SPID, area, or region.","1","1","JavaScript","amex-archives","2026-07-22T10:36:20Z","2294","False"
"prepaid-servicing-hits","https://github.aexp.com/amex-archives/prepaid-servicing-hits","Hits application module to create and read hits details including TC numbers and caller details","1","1","JavaScript","amex-archives","2026-04-28T08:36:08Z","2640","False"
"prepaid-servicing-know-your-seller","https://github.aexp.com/amex-archives/prepaid-servicing-know-your-seller","Know Your Seller application is used to automate the manual validations performed when a new seller is added to the system. KYS automatically calculates RiskScore and performs compliance check for new sellers.","0","0","JavaScript","amex-archives","2026-03-19T12:35:51Z","805","False"
"prepaid-servicing-landing","https://github.aexp.com/amex-archives/prepaid-servicing-landing","Prepaid-servicing-landing : Prepaid Servicing is the application for the AMEX Prepaid products, which has modules related to different business work-streams under prepaid servicing and operations. Landing Module is the first page which is displayed when Prepaid Persona is loaded on the One Servicing portal. Customer Service Reps will see the module available to them based on their IIQ access levels.","1","1","JavaScript","amex-archives","2026-04-28T13:32:51Z","2209","False"
"prepaid-servicing-security-offices","https://github.aexp.com/amex-archives/prepaid-servicing-security-offices","Hits application security offices module has security office names and phone numbers.","1","2","JavaScript","amex-archives","2026-04-24T15:45:27Z","1799","False"
"prepaid-servicing-smart","https://github.aexp.com/amex-archives/prepaid-servicing-smart","Seller Management and Reconciliation Tool is used to maintain information, track status and create correspondence for Worldwide Account Statements.","1","0","JavaScript","amex-archives","2026-04-28T08:36:00Z","3060","False"
"prepaid-servicing-travelers-cheque-review-analysis","https://github.aexp.com/amex-archives/prepaid-servicing-travelers-cheque-review-analysis","Travelers Cheque Review and Analysis Application is used to track all data related to Travelers Cheques reported lost or stolen to American Express. This data ensures that Marketing, Worldwide Loss and Sales can utilize the best policies to improve the overall customer experience.","1","0","JavaScript","amex-archives","2026-04-27T07:31:38Z","3083","False"
"prepaid-servicing-travelers-cheques-decision-system","https://github.aexp.com/amex-archives/prepaid-servicing-travelers-cheques-decision-system","The TCDSS System provides Business Partners with the ability to organize and route claims, which have been deferred for further research. All deferred claims will be captured and moved to holding queues while waiting for someone to continue processing the claim.","1","0","JavaScript","amex-archives","2026-05-28T09:06:26Z","1946","False"
"pretty-good-bot-1","https://github.aexp.com/amex-archives/pretty-good-bot-1",,"0","0",,"amex-archives","2025-10-31T14:45:01Z","270","False"
"primaspark","https://github.aexp.com/amex-archives/primaspark","Scala framework and library to ease the migration from AbInitio to spark. Provides a comprehensive set of components loosely based on those in AbInitio and a ""FlowRunner"" that runs ""graphs"" from yaml files sequencing components together into flows. Little to no custom Scala coding required.","3","0","Scala","amex-archives","2026-07-17T17:24:00Z","21432","False"
"prism-service-platform","https://github.aexp.com/amex-archives/prism-service-platform",,"0","0","JavaScript","amex-archives","2026-03-20T06:37:50Z","438","False"
"projectt-framework","https://github.aexp.com/amex-archives/projectt-framework",,"1","0","JavaScript","amex-archives","2026-07-22T18:34:54Z","323715","False"
"props","https://github.aexp.com/amex-archives/props","Bringing simple key-value property configuration management to Salesforce.","3","1","Apex","amex-archives","2026-08-09T04:05:58Z","91","False"
"ptx-olap","https://github.aexp.com/amex-archives/ptx-olap",,"0","0","JavaScript","amex-archives","2026-06-19T15:47:52Z","87","False"
"ptx-skills","https://github.aexp.com/amex-archives/ptx-skills","Repository that houses AI skills for the permit to x platform.","0","0","Python","amex-archives","2026-06-25T04:13:04Z","380","False"
"pulse-check","https://github.aexp.com/amex-archives/pulse-check",,"0","1","JavaScript","amex-archives","2025-09-17T15:50:41Z","2897","False"
"puppet-code-deploy","https://github.aexp.com/amex-archives/puppet-code-deploy",,"0","0","Python","amex-archives","2025-05-15T04:56:30Z","26","False"
"py-kafka-consumer","https://github.aexp.com/amex-archives/py-kafka-consumer",,"0","0","Python","amex-archives","2026-07-22T21:03:08Z","74","False"
"qeassist_strategic-epics","https://github.aexp.com/amex-archives/qeassist_strategic-epics","Gen AI app for analysis of strategic epics","2","3","Python","amex-archives","2026-07-15T18:05:49Z","2678","False"
"r42-core_epaas","https://github.aexp.com/amex-archives/r42-core_epaas",,"1","3","Go","amex-archives","2026-07-30T14:45:08Z","35532","False"
"r42-core_gometa","https://github.aexp.com/amex-archives/r42-core_gometa","Exposes meta information about the running golang application.","0","1","Go","amex-archives","2026-07-22T06:04:06Z","10259","False"
"r42-pe_hawk-copilot","https://github.aexp.com/amex-archives/r42-pe_hawk-copilot",,"1","0","Shell","amex-archives","2026-06-30T18:04:15Z","60","False"
"r42-pe_hawk-help-docs","https://github.aexp.com/amex-archives/r42-pe_hawk-help-docs","Hawk Help Documentation Site","0","0","MDX","amex-archives","2026-06-30T11:25:34Z","9029","False"
"r42-pe_hawk-test","https://github.aexp.com/amex-archives/r42-pe_hawk-test","Test suite for Hawk","0","0","TypeScript","amex-archives","2026-07-01T01:17:46Z","79","False"
"r42-pe_marvin-api","https://github.aexp.com/amex-archives/r42-pe_marvin-api","R42 Vector API","0","1","Go","amex-archives","2026-07-16T21:26:44Z","1971","False"
"r42-pe_marvin-ui","https://github.aexp.com/amex-archives/r42-pe_marvin-ui","R42 Vector UI","0","2","TypeScript","amex-archives","2026-07-09T18:01:42Z","1491","False"
"r42-pe_platform-test","https://github.aexp.com/amex-archives/r42-pe_platform-test","Test version of r42-platform repo for low impact testing","0","0","EJS","amex-archives","2026-06-16T22:07:17Z","28758","False"
"r42-platform_grafana","https://github.aexp.com/amex-archives/r42-platform_grafana","Read-only, mirrored from https://docker.aexp.com/r42/site-reliability/grafana","0","1","TypeScript","amex-archives","2026-06-30T15:58:41Z","80094","False"
"r42-platform_new-hire","https://github.aexp.com/amex-archives/r42-platform_new-hire",,"2","0",,"amex-archives","2026-02-02T14:30:23Z","64","False"
"r42-platform_r42-prometheus","https://github.aexp.com/amex-archives/r42-platform_r42-prometheus","R42 prometheus instance","1","2","Shell","amex-archives","2026-06-30T14:00:04Z","149407","False"
"r42-sre_bouncer","https://github.aexp.com/amex-archives/r42-sre_bouncer",,"0","0","Go","amex-archives","2026-05-18T14:39:45Z","38","False"
"r42-sre_ftp-API","https://github.aexp.com/amex-archives/r42-sre_ftp-API","Go REST API to interact with ftp servers","0","0","Go","amex-archives","2025-10-21T04:08:58Z","90","False"
"r42-sre_nspm","https://github.aexp.com/amex-archives/r42-sre_nspm",,"1","1","Go","amex-archives","2026-06-30T18:52:00Z","81274","False"
"r42-sre_sal","https://github.aexp.com/amex-archives/r42-sre_sal",,"2","1","Go","amex-archives","2026-06-24T21:58:11Z","12964","False"
"r42-sre_sal-e3","https://github.aexp.com/amex-archives/r42-sre_sal-e3",,"0","0","Go","amex-archives","2026-06-30T22:05:15Z","345","False"
"r42-tools_gomush","https://github.aexp.com/amex-archives/r42-tools_gomush",,"1","1","Go","amex-archives","2026-05-14T01:13:30Z","32118","False"
"r42-tools_nspm-cli","https://github.aexp.com/amex-archives/r42-tools_nspm-cli",,"3","1","Go","amex-archives","2026-06-01T14:22:27Z","634","False"
"r42-tools_r42","https://github.aexp.com/amex-archives/r42-tools_r42","The r42 tool","0","0","Go","amex-archives","2025-07-26T08:52:39Z","25879","False"
"radar-root","https://github.aexp.com/amex-archives/radar-root","Root module for Radar Application","0","0","JavaScript","amex-archives","2026-06-06T07:05:48Z","869","False"
"random-data-generator","https://github.aexp.com/amex-archives/random-data-generator","You choose the constraints of an attribute (via an Annotation), we generate randomly generated instances fitting those constraints. Perhaps export to a CSV? Perhaps sink into a table? Up to you.","0","1","Kotlin","amex-archives","2026-07-13T05:40:41Z","335","False"
"RC-Ansible-Automation","https://github.aexp.com/amex-archives/RC-Ansible-Automation",,"0","0",,"amex-archives","2026-06-05T13:38:05Z","116","False"
"rdt-quality-engineering-platform","https://github.aexp.com/amex-archives/rdt-quality-engineering-platform",,"1","0","Java","amex-archives","2026-07-24T05:21:08Z","14019","False"
"react-server-demo","https://github.aexp.com/amex-archives/react-server-demo","A demo application for using React Server Components in One App","0","0","JavaScript","amex-archives","2026-07-24T10:47:48Z","2227","False"
"recipes_cli","https://github.aexp.com/amex-archives/recipes_cli","CLI Tool for bootstrapping Generative AI micro-service applications","38","30","Python","amex-archives","2026-07-23T17:24:44Z","11223","False"
"recurring-payment-plan","https://github.aexp.com/amex-archives/recurring-payment-plan","Repository that contains functionality related to Recurring Payment Plan Configurations","0","1","Kotlin","amex-archives","2026-07-15T14:21:22Z","8818","False"
"release-engineering-dashboard","https://github.aexp.com/amex-archives/release-engineering-dashboard","a repository for the release engineering dashboard.","0","0","Java","amex-archives","2026-07-30T22:17:52Z","7341","False"
"remittance-money_movement-v1","https://github.aexp.com/amex-archives/remittance-money_movement-v1","Self onboarding repository","0","13",,"amex-archives","2024-12-09T09:24:49Z","1863","False"
"Reporting-Operational-Performance_rop-databases","https://github.aexp.com/amex-archives/Reporting-Operational-Performance_rop-databases","This repository contains database, ETL, and OLAP for the ROP (GSN Reporting Operational Performance) application, including the Settlements MIS component. ","3","1","TSQL","amex-archives","2026-07-28T04:57:42Z","90557","False"
"require-compatible-dependencies-maven-enforcer-rule","https://github.aexp.com/amex-archives/require-compatible-dependencies-maven-enforcer-rule",,"0","0","Java","amex-archives","2026-06-15T20:50:45Z","73","False"
"resiliency-accountability-platform","https://github.aexp.com/amex-archives/resiliency-accountability-platform","Child module (application) for the Resiliency Insights application","0","0","JavaScript","amex-archives","2026-08-01T23:03:43Z","1184","False"
"resiliency-accountability-platform-backend","https://github.aexp.com/amex-archives/resiliency-accountability-platform-backend",,"0","0","Go","amex-archives","2026-06-25T03:57:06Z","31469","False"
"RevEx","https://github.aexp.com/amex-archives/RevEx","A command-line utility which will identify and rewrite patterns found across the commit history of a repository.","4","0","Go","amex-archives","2026-02-10T19:28:54Z","654","False"
"rf-audit-data","https://github.aexp.com/amex-archives/rf-audit-data",,"0","1","Astro","amex-archives","2026-07-08T01:07:44Z","42236","False"
"rig-mk-docs","https://github.aexp.com/amex-archives/rig-mk-docs","Repo for RIG/EIG MKDocs ","0","0",,"amex-archives","2026-06-05T07:34:54Z","335722","False"
"risk-crypto-operations-root","https://github.aexp.com/amex-archives/risk-crypto-operations-root",,"0","1","JavaScript","amex-archives","2026-07-24T06:05:24Z","1908","False"
"risk-data-management-collateral-root","https://github.aexp.com/amex-archives/risk-data-management-collateral-root",,"0","2","JavaScript","amex-archives","2026-07-25T20:28:25Z","8121","False"
"risk-metadata-platform-root","https://github.aexp.com/amex-archives/risk-metadata-platform-root",,"1","1","TypeScript","amex-archives","2026-07-30T19:38:34Z","11611","False"
"risk-variables-explorer","https://github.aexp.com/amex-archives/risk-variables-explorer",,"1","0","Python","amex-archives","2026-07-24T00:12:59Z","11075","False"
"rmf","https://github.aexp.com/amex-archives/rmf",,"0","0","Java","amex-archives","2026-07-30T21:55:18Z","171274","False"
"rpds_data_capability_bkp","https://github.aexp.com/amex-archives/rpds_data_capability_bkp","This repo is made to hold timestamp based backup for global customer management","0","0",,"amex-archives","2026-07-16T10:22:11Z","670680","False"
"rssgit_alerts-talend-quartz","https://github.aexp.com/amex-archives/rssgit_alerts-talend-quartz",,"1","2","Java","amex-archives","2026-07-17T15:40:02Z","37631","False"
"safechain","https://github.aexp.com/amex-archives/safechain","An enterprise GenAI integration layer that adds secure model access and safer execution paths on top of LangChain-compatible workflows.","45","26","Python","amex-archives","2026-06-17T22:57:04Z","2644","False"
"salesforce-common","https://github.aexp.com/amex-archives/salesforce-common",,"1","0","JavaScript","amex-archives","2026-07-02T14:30:16Z","1125","False"
"salesforce-domain","https://github.aexp.com/amex-archives/salesforce-domain",,"1","0","Apex","amex-archives","2026-08-09T04:07:51Z","254","False"
"salesforce-js-workflows","https://github.aexp.com/amex-archives/salesforce-js-workflows","Reusable workflows for salesforce team javascript packages","1","0",,"amex-archives","2026-06-25T00:13:04Z","23","False"
"salesforce-log-shipper","https://github.aexp.com/amex-archives/salesforce-log-shipper","Retrieves logs regularly from Salesforce and sends to ELF","1","0","JavaScript","amex-archives","2026-07-02T16:58:01Z","1888","False"
"salesforce-metadata","https://github.aexp.com/amex-archives/salesforce-metadata",,"1","2","JavaScript","amex-archives","2026-07-02T14:31:14Z","1219","False"
"salesforce-metadata-alignment","https://github.aexp.com/amex-archives/salesforce-metadata-alignment",,"1","0","JavaScript","amex-archives","2026-07-02T16:57:15Z","889","False"
"salesforce-operations-health-reporting","https://github.aexp.com/amex-archives/salesforce-operations-health-reporting","all custom scans for our orgs and delivery processes are housed in this repo.","0","0","JavaScript","amex-archives","2026-07-02T16:57:12Z","415","False"
"salesforce-risk-scanner-service","https://github.aexp.com/amex-archives/salesforce-risk-scanner-service",,"0","0","JavaScript","amex-archives","2026-07-02T16:58:10Z","50","False"
"salesforce-standard-api","https://github.aexp.com/amex-archives/salesforce-standard-api",,"1","0","JavaScript","amex-archives","2026-07-02T14:35:02Z","1986","False"
"salesforce-unpackaged-deploy","https://github.aexp.com/amex-archives/salesforce-unpackaged-deploy",,"2","0","JavaScript","amex-archives","2026-07-02T14:31:25Z","2229","False"
"salesforce-workflows","https://github.aexp.com/amex-archives/salesforce-workflows",,"5","1","JavaScript","amex-archives","2026-07-06T13:22:05Z","5341","False"
"scs-mock","https://github.aexp.com/amex-archives/scs-mock","Wire mock service for scs repo","1","0","Kotlin","amex-archives","2026-07-09T12:57:21Z","313","False"
"secure-file-transfer-sre-observability","https://github.aexp.com/amex-archives/secure-file-transfer-sre-observability","Observability tools to support the SFT platform","0","1","Shell","amex-archives","2026-07-02T00:29:09Z","57096","False"
"secure-file-transfer-sre-playbooks","https://github.aexp.com/amex-archives/secure-file-transfer-sre-playbooks","SFT-SRE Playbook Repository","1","0","Shell","amex-archives","2026-07-21T15:17:47Z","9843","False"
"security-engineering_kafka_serializer","https://github.aexp.com/amex-archives/security-engineering_kafka_serializer","Kafka Serializer - Encryption and decryption for the kafka messages","2","3","Java","amex-archives","2026-07-21T15:42:18Z","6259","False"
"security-engineering_messagecrypto","https://github.aexp.com/amex-archives/security-engineering_messagecrypto","This repository has messaging crypto functionalities and used to encrypt or decrypt messages (Ex: Kafka message)","0","0","Java","amex-archives","2026-07-21T15:41:01Z","174","False"
"selenium-analytics","https://github.aexp.com/amex-archives/selenium-analytics","Tools to query One App analytics with Selenium","0","0","JavaScript","amex-archives","2025-07-26T04:15:32Z","247","False"
"semantic-release-maven","https://github.aexp.com/amex-archives/semantic-release-maven",,"0","0","JavaScript","amex-archives","2026-06-15T22:25:16Z","773","False"
"sentinel-policy-simulator","https://github.aexp.com/amex-archives/sentinel-policy-simulator","Tools for debugging and testing Sentinel policies","1","0","Go","amex-archives","2026-07-06T19:43:09Z","806","False"
"service-connector","https://github.aexp.com/amex-archives/service-connector","Integration utility for connecting Salesforce to an internal REST/SOAP service via Apigee or Blaze's Gateway Routing Service (GRS)","5","1","Apex","amex-archives","2026-08-09T04:02:50Z","5007","False"
"service-continuity-tool-root","https://github.aexp.com/amex-archives/service-continuity-tool-root",,"0","3","JavaScript","amex-archives","2026-08-24T14:40:07Z","2987","False"
"servicing-account-memo","https://github.aexp.com/amex-archives/servicing-account-memo","Module to check and create new account's memos","0","1","JavaScript","amex-archives","2026-03-22T21:29:12Z","826","False"
"servicing-account-reinstatement","https://github.aexp.com/amex-archives/servicing-account-reinstatement","To uplift the CSP Reinstatement pages & integrate the backend systems with the POA systems","0","0","JavaScript","amex-archives","2026-07-28T14:05:19Z","2271","False"
"servicing-account-reward-maintenance","https://github.aexp.com/amex-archives/servicing-account-reward-maintenance","Account Reward Maintenance","1","1","JavaScript","amex-archives","2026-07-23T21:35:46Z","2692","False"
"servicing-add-debit-card","https://github.aexp.com/amex-archives/servicing-add-debit-card",,"0","0","JavaScript","amex-archives","2026-06-09T09:04:06Z","1652","False"
"servicing-amex-offers","https://github.aexp.com/amex-archives/servicing-amex-offers",,"0","1","JavaScript","amex-archives","2026-07-23T16:15:36Z","2017","False"
"servicing-api-automation-suite","https://github.aexp.com/amex-archives/servicing-api-automation-suite",,"0","0","Java","amex-archives","2026-06-30T04:43:37Z","167","False"
"servicing-authoring-assist","https://github.aexp.com/amex-archives/servicing-authoring-assist",,"0","0","JavaScript","amex-archives","2026-05-13T03:45:12Z","1241","False"
"servicing-automation-app","https://github.aexp.com/amex-archives/servicing-automation-app","Frontend application for the Servicing Automation Dashboard, providing a unified interface to monitor, manage, and interact with servicing automation workflows.","0","0","JavaScript","amex-archives","2026-06-09T16:55:35Z","142","False"
"servicing-balance-history","https://github.aexp.com/amex-archives/servicing-balance-history",,"0","1","JavaScript","amex-archives","2026-03-27T09:32:09Z","847","False"
"servicing-banner","https://github.aexp.com/amex-archives/servicing-banner",,"1","0","JavaScript","amex-archives","2026-07-23T18:18:38Z","1839","False"
"servicing-card-member-request","https://github.aexp.com/amex-archives/servicing-card-member-request",,"0","1","JavaScript","amex-archives","2026-07-22T20:10:42Z","3061","False"
"servicing-cardmember-concern","https://github.aexp.com/amex-archives/servicing-cardmember-concern","Document cardmember concern","0","0","JavaScript","amex-archives","2026-06-10T12:29:18Z","1134","False"
"servicing-case-management","https://github.aexp.com/amex-archives/servicing-case-management","Centralized repository providing visibility and detailed insight into all technical architecture and design decisions","0","14",,"amex-archives","2026-07-10T15:51:27Z","107717","False"
"servicing-compound-interest-calculator","https://github.aexp.com/amex-archives/servicing-compound-interest-calculator","one-app module that hosts compound interest calculator","0","0","JavaScript","amex-archives","2026-07-07T14:17:25Z","2105","False"
"servicing-corporate-funding-account-creation","https://github.aexp.com/amex-archives/servicing-corporate-funding-account-creation",,"0","2","JavaScript","amex-archives","2026-07-28T12:48:35Z","567","False"
"servicing-corporate-update-program-administrator-contact","https://github.aexp.com/amex-archives/servicing-corporate-update-program-administrator-contact","Update program administrator contact module","0","2","JavaScript","amex-archives","2026-07-17T13:20:33Z","1033","False"
"servicing-credit-balance-summary","https://github.aexp.com/amex-archives/servicing-credit-balance-summary",,"0","0","JavaScript","amex-archives","2026-07-06T13:03:36Z","730","False"
"servicing-credit-bust-out-document-request","https://github.aexp.com/amex-archives/servicing-credit-bust-out-document-request","servicing-credit-bust-out-document-request","0","0","JavaScript","amex-archives","2026-07-27T21:13:07Z","1314","False"
"servicing-credit-call-outcome","https://github.aexp.com/amex-archives/servicing-credit-call-outcome",,"0","0","JavaScript","amex-archives","2026-06-26T09:22:10Z","767","False"
"servicing-credit-collateral-info","https://github.aexp.com/amex-archives/servicing-credit-collateral-info",,"0","0","JavaScript","amex-archives","2026-03-20T03:40:47Z","701","False"
"servicing-credit-dashboard","https://github.aexp.com/amex-archives/servicing-credit-dashboard",,"0","0","JavaScript","amex-archives","2026-07-06T07:34:46Z","466","False"
"servicing-credit-deceased-account-resolution-letters","https://github.aexp.com/amex-archives/servicing-credit-deceased-account-resolution-letters",,"0","0","JavaScript","amex-archives","2026-06-04T13:19:07Z","4153","False"
"servicing-credit-international-hardship-enrollment","https://github.aexp.com/amex-archives/servicing-credit-international-hardship-enrollment",,"0","0","JavaScript","amex-archives","2026-06-01T11:36:05Z","183","False"
"servicing-credit-japan-renewal-review","https://github.aexp.com/amex-archives/servicing-credit-japan-renewal-review",,"0","0","JavaScript","amex-archives","2026-07-06T13:00:34Z","644","False"
"servicing-credit-journey-launcher","https://github.aexp.com/amex-archives/servicing-credit-journey-launcher","V5 servicing-credit-journey-launcher","0","0","HTML","amex-archives","2026-07-28T15:39:00Z","2158","False"
"servicing-credit-manage-autopay","https://github.aexp.com/amex-archives/servicing-credit-manage-autopay",,"0","0","JavaScript","amex-archives","2026-07-18T02:47:23Z","2230","False"
"servicing-credit-payment-break-program","https://github.aexp.com/amex-archives/servicing-credit-payment-break-program","Module for Forbearance Flexibility Enrollment","0","0","JavaScript","amex-archives","2026-06-02T10:47:08Z","1515","False"
"servicing-credit-preset-limit","https://github.aexp.com/amex-archives/servicing-credit-preset-limit",,"0","1","JavaScript","amex-archives","2026-03-20T06:40:47Z","272","False"
"servicing-credit-recent-attempts","https://github.aexp.com/amex-archives/servicing-credit-recent-attempts","This is module for recent transaction attempts on card account","0","0","JavaScript","amex-archives","2026-07-16T09:31:13Z","1364","False"
"servicing-credit-recommendations","https://github.aexp.com/amex-archives/servicing-credit-recommendations","This is one app module for next best recommendation to service credit concern.","0","0","JavaScript","amex-archives","2026-07-28T15:37:08Z","2380","False"
"servicing-credit-standalone-letters","https://github.aexp.com/amex-archives/servicing-credit-standalone-letters",,"0","0","JavaScript","amex-archives","2026-06-03T07:47:41Z","2572","False"
"servicing-credit-whats-in-it-for-me","https://github.aexp.com/amex-archives/servicing-credit-whats-in-it-for-me",,"0","0","JavaScript","amex-archives","2026-07-15T20:00:15Z","787","False"
"servicing-customer-spend-activity","https://github.aexp.com/amex-archives/servicing-customer-spend-activity",,"0","1","JavaScript","amex-archives","2026-07-23T18:11:04Z","1480","False"
"servicing-deferred-payment-plans","https://github.aexp.com/amex-archives/servicing-deferred-payment-plans",,"0","1","JavaScript","amex-archives","2026-03-27T10:27:34Z","775","False"
"servicing-delete-funding-instruments","https://github.aexp.com/amex-archives/servicing-delete-funding-instruments",,"0","0","JavaScript","amex-archives","2026-06-09T12:50:38Z","1382","False"
"servicing-delete-payment","https://github.aexp.com/amex-archives/servicing-delete-payment",,"0","0","JavaScript","amex-archives","2026-06-05T18:04:43Z","2606","False"
"servicing-direct-debit-mandates-plans","https://github.aexp.com/amex-archives/servicing-direct-debit-mandates-plans",,"0","1","JavaScript","amex-archives","2026-07-24T01:23:42Z","1272","False"
"servicing-dls-utils","https://github.aexp.com/amex-archives/servicing-dls-utils","Utils for internal Servicing usage","0","0","SCSS","amex-archives","2023-05-25T19:34:27Z","253","False"
"servicing-express-cash","https://github.aexp.com/amex-archives/servicing-express-cash",,"0","2","JavaScript","amex-archives","2026-06-17T05:47:07Z","1298","False"
"servicing-extended-payment-plans","https://github.aexp.com/amex-archives/servicing-extended-payment-plans",,"0","1","JavaScript","amex-archives","2026-03-19T19:04:51Z","1203","False"
"servicing-historical-account-balances","https://github.aexp.com/amex-archives/servicing-historical-account-balances",,"1","0","JavaScript","amex-archives","2026-07-21T15:22:12Z","6803","False"
"servicing-history","https://github.aexp.com/amex-archives/servicing-history",,"2","0","JavaScript","amex-archives","2026-07-22T20:17:01Z","3378","False"
"servicing-invalidate-cards","https://github.aexp.com/amex-archives/servicing-invalidate-cards",,"0","1","JavaScript","amex-archives","2026-03-19T19:05:25Z","2290","False"
"servicing-legacy-market-cases","https://github.aexp.com/amex-archives/servicing-legacy-market-cases",,"0","1","JavaScript","amex-archives","2026-03-19T19:05:44Z","3163","False"
"servicing-loyalty-account-relationship","https://github.aexp.com/amex-archives/servicing-loyalty-account-relationship","Loyalty Account Suite","0","0","JavaScript","amex-archives","2026-07-13T08:38:56Z","1514","False"
"servicing-loyalty-account-selector","https://github.aexp.com/amex-archives/servicing-loyalty-account-selector","Loyalty account selector experience","0","0","JavaScript","amex-archives","2026-07-25T03:48:12Z","2503","False"
"servicing-loyalty-earned-transactions","https://github.aexp.com/amex-archives/servicing-loyalty-earned-transactions",,"0","1","JavaScript","amex-archives","2026-07-23T21:44:05Z","1150","False"
"servicing-loyalty-incremental-point-transactions","https://github.aexp.com/amex-archives/servicing-loyalty-incremental-point-transactions","loyalty transactions for incremental point details","1","5","JavaScript","amex-archives","2026-07-09T20:15:33Z","1905","False"
"servicing-loyalty-points-transfer","https://github.aexp.com/amex-archives/servicing-loyalty-points-transfer","Points transfer redemption experience for Customer Care Professionals","0","1","JavaScript","amex-archives","2026-07-24T02:49:41Z","4495","False"
"servicing-loyalty-redeem-credit","https://github.aexp.com/amex-archives/servicing-loyalty-redeem-credit","Loyalty statement credit and redeem for deposit","0","4","JavaScript","amex-archives","2026-07-24T15:17:41Z","17900","False"
"servicing-manage-customer-address","https://github.aexp.com/amex-archives/servicing-manage-customer-address","general servicing portal manage customer address ","0","4","JavaScript","amex-archives","2026-07-08T06:09:13Z","3875","False"
"servicing-manage-customer-contact-number","https://github.aexp.com/amex-archives/servicing-manage-customer-contact-number","This module allows to manage customer contact number","0","1","JavaScript","amex-archives","2026-03-19T19:07:31Z","615","False"
"servicing-manage-customer-email","https://github.aexp.com/amex-archives/servicing-manage-customer-email","general servicing portal manage customer email","0","4","JavaScript","amex-archives","2026-07-23T04:20:42Z","2234","False"
"servicing-manage-customer-phone","https://github.aexp.com/amex-archives/servicing-manage-customer-phone",,"1","6","JavaScript","amex-archives","2026-07-23T17:54:25Z","6148","False"
"servicing-manage-customer-profile","https://github.aexp.com/amex-archives/servicing-manage-customer-profile",,"0","1","JavaScript","amex-archives","2026-07-22T06:24:23Z","2886","False"
"servicing-merchant-block-unblock","https://github.aexp.com/amex-archives/servicing-merchant-block-unblock",,"0","1","JavaScript","amex-archives","2026-07-21T03:27:03Z","1047","False"
"servicing-messages","https://github.aexp.com/amex-archives/servicing-messages",,"0","0","JavaScript","amex-archives","2026-07-23T18:29:10Z","1501","False"
"servicing-minimum-due-calculator","https://github.aexp.com/amex-archives/servicing-minimum-due-calculator","one-app module that hosts minimum due calculator","0","0","JavaScript","amex-archives","2026-07-15T09:56:16Z","544","False"
"servicing-offer-management-tool","https://github.aexp.com/amex-archives/servicing-offer-management-tool","Module that control the offer servicing","0","0","JavaScript","amex-archives","2026-07-23T04:06:32Z","758","False"
"servicing-offers","https://github.aexp.com/amex-archives/servicing-offers",,"1","0","JavaScript","amex-archives","2026-07-22T20:22:51Z","2462","False"
"servicing-one-time-charge","https://github.aexp.com/amex-archives/servicing-one-time-charge","Provides the ability to enable a one time charge to the CM account","0","0","JavaScript","amex-archives","2026-06-30T07:39:40Z","1385","False"
"servicing-paperless-billing","https://github.aexp.com/amex-archives/servicing-paperless-billing","Paperless Billing","0","1","JavaScript","amex-archives","2026-07-23T17:00:30Z","911","False"
"servicing-payments-management","https://github.aexp.com/amex-archives/servicing-payments-management",,"0","3","JavaScript","amex-archives","2026-07-28T13:42:40Z","5430","False"
"servicing-payoff-calculator","https://github.aexp.com/amex-archives/servicing-payoff-calculator","servicing-payoff-calculator","0","0","JavaScript","amex-archives","2026-07-10T05:25:20Z","598","False"
"servicing-plan-balance","https://github.aexp.com/amex-archives/servicing-plan-balance","Provides Plan Balances for an account","0","0","JavaScript","amex-archives","2026-07-06T07:29:31Z","477","False"
"servicing-portal","https://github.aexp.com/amex-archives/servicing-portal",,"2","1","JavaScript","amex-archives","2026-07-23T08:48:26Z","6574","False"
"servicing-post-authorization-review","https://github.aexp.com/amex-archives/servicing-post-authorization-review","Enables Customer Care Professionals(CCPs) to do a post authorization review for customer amount","0","0","JavaScript","amex-archives","2026-07-16T12:54:44Z","1086","False"
"servicing-quick-address-search","https://github.aexp.com/amex-archives/servicing-quick-address-search",,"0","5","JavaScript","amex-archives","2026-06-30T03:52:41Z","4754","False"
"servicing-rebates-and-rewards","https://github.aexp.com/amex-archives/servicing-rebates-and-rewards",,"0","0","JavaScript","amex-archives","2026-07-22T20:28:01Z","2510","False"
"servicing-rewards-calculator","https://github.aexp.com/amex-archives/servicing-rewards-calculator",,"0","1","JavaScript","amex-archives","2026-07-22T20:09:11Z","1017","False"
"servicing-rewards-dashboard","https://github.aexp.com/amex-archives/servicing-rewards-dashboard",,"0","3","JavaScript","amex-archives","2026-07-24T20:40:07Z","2991","False"
"servicing-rewards-select-and-redeem","https://github.aexp.com/amex-archives/servicing-rewards-select-and-redeem",,"0","0","JavaScript","amex-archives","2026-07-22T04:37:09Z","2002","False"
"servicing-safekey-transactions","https://github.aexp.com/amex-archives/servicing-safekey-transactions",,"0","3","JavaScript","amex-archives","2026-07-17T07:03:09Z","3045","False"
"servicing-transaction-security-settings","https://github.aexp.com/amex-archives/servicing-transaction-security-settings",,"1","1","JavaScript","amex-archives","2026-04-30T13:17:52Z","570","False"
"servicing-transactions","https://github.aexp.com/amex-archives/servicing-transactions",,"0","5","JavaScript","amex-archives","2026-07-24T05:57:58Z","1300","False"
"servicing-voice-id","https://github.aexp.com/amex-archives/servicing-voice-id","OneApp component that CCPs can use to send enroll / unenroll customer voice id request to Genesys WDE","0","0","JavaScript","amex-archives","2026-03-20T03:47:07Z","724","False"
"sft-eap-automations","https://github.aexp.com/amex-archives/sft-eap-automations","SFT scripts for automations to run on eAP","3","3","Shell","amex-archives","2026-06-23T21:29:54Z","183","False"
"sft-internal-agent-skill","https://github.aexp.com/amex-archives/sft-internal-agent-skill","this repo contain all agent skill which is used by SFT application","1","1","HTML","amex-archives","2026-08-04T17:55:38Z","284075","False"
"shared-scripts-version-map","https://github.aexp.com/amex-archives/shared-scripts-version-map","Environment-specific maps of Shared Scripts and related attributes.","7","92","JavaScript","amex-archives","2026-08-15T20:26:48Z","17976","False"
"shop-commercial-actions","https://github.aexp.com/amex-archives/shop-commercial-actions","A repo to collect all the actions the commerical shop team uses ","0","0",,"amex-archives","2026-08-03T17:52:46Z","38","False"
"shop-ombrello","https://github.aexp.com/amex-archives/shop-ombrello",,"3","22","TypeScript","amex-archives","2026-06-02T10:01:13Z","1919027","False"
"shop-widget-tray","https://github.aexp.com/amex-archives/shop-widget-tray","A React + TypeScript-based widget tray system for debugging and testing websites. This framework provides a vertical tray that can be positioned on the left or right side of the page, containing multiple widgets stacked vertically.","0","0","TypeScript","amex-archives","2026-02-09T22:09:28Z","430","False"
"shr-test-automation","https://github.aexp.com/amex-archives/shr-test-automation","POC for Back and Front End Automation","0","0","JavaScript","amex-archives","2025-10-08T21:37:37Z","868349","False"
"SH_EAP_POD_HealthCheck","https://github.aexp.com/amex-archives/SH_EAP_POD_HealthCheck","Self Healing POD restart repo for EAP Automation","0","0","Python","amex-archives","2026-07-01T17:59:42Z","927","True"
"sketchpad-root","https://github.aexp.com/amex-archives/sketchpad-root","An application that enables live development and sharing of code snippets (GrowthHack Winners 2023)","0","1","HTML","amex-archives","2026-07-24T14:20:00Z","2989","False"
"small-merchant-pricing-structure-set-create","https://github.aexp.com/amex-archives/small-merchant-pricing-structure-set-create","Small Merchant Pricing Structure Set Create","0","6","JavaScript","amex-archives","2026-07-26T12:43:44Z","5007","False"
"smart-mocker","https://github.aexp.com/amex-archives/smart-mocker",,"0","0","JavaScript","amex-archives","2026-06-09T09:03:03Z","638","False"
"sobject-json-mapper","https://github.aexp.com/amex-archives/sobject-json-mapper",,"2","0","Apex","amex-archives","2026-08-09T03:55:28Z","287","False"
"social-kri_couchbase","https://github.aexp.com/amex-archives/social-kri_couchbase","Layer over couchbase api with error handling and optimizations","0","0","Python","amex-archives","2026-04-01T06:44:47Z","75","False"
"spend-iq-next-gen","https://github.aexp.com/amex-archives/spend-iq-next-gen","Monorepo for SpendIQ NextGen application","0","0","TypeScript","amex-archives","2026-07-31T15:30:18Z","9393","False"
"squid-actions","https://github.aexp.com/amex-archives/squid-actions",,"0","0","JavaScript","amex-archives","2026-08-08T20:51:29Z","808","False"
"sre-tools_ecp_pod_selfhealing_reporting","https://github.aexp.com/amex-archives/sre-tools_ecp_pod_selfhealing_reporting",,"0","1","Python","amex-archives","2026-06-26T17:06:47Z","2994","False"
"sstest-hydradeploy5-v1","https://github.aexp.com/amex-archives/sstest-hydradeploy5-v1","Self onboarding repository","0","9",,"amex-archives","2026-05-26T17:59:04Z","181","False"
"stellar-banking_cloudprober","https://github.aexp.com/amex-archives/stellar-banking_cloudprober",,"0","0","Go","amex-archives","2026-07-02T03:19:31Z","623","False"
"synthesize","https://github.aexp.com/amex-archives/synthesize","A tool to coordinate and automate the inherent relationships between  systems, such as those involved in software development.","0","0","JavaScript","amex-archives","2026-07-09T22:30:09Z","680","False"
"system-health-check-front-end","https://github.aexp.com/amex-archives/system-health-check-front-end",,"0","0","JavaScript","amex-archives","2026-08-01T20:10:12Z","4223","False"
"t-gate-data-model","https://github.aexp.com/amex-archives/t-gate-data-model","Tgate Data Model for Tgate car id","0","0","Java","amex-archives","2026-07-14T18:30:21Z","76666","False"
"tcm-cucumber-integration","https://github.aexp.com/amex-archives/tcm-cucumber-integration",,"0","1","Java","amex-archives","2026-06-10T14:21:16Z","1175","False"
"tdm-architecture","https://github.aexp.com/amex-archives/tdm-architecture","Repository containing Enterprise Architecture documentation for the TDM platform.","3","0",,"amex-archives","2026-05-20T17:54:39Z","35540","False"
"tdmparquetwriterhydra","https://github.aexp.com/amex-archives/tdmparquetwriterhydra","Hydra Specific Implementation of TDMParquetWriter","0","1","Python","amex-archives","2026-07-07T22:08:24Z","749","False"
"TDS_ftp-batch","https://github.aexp.com/amex-archives/TDS_ftp-batch","This repository intends to maintain codebase for FTP project","0","0","Java","amex-archives","2026-07-20T21:40:40Z","1552","False"
"techcare-root","https://github.aexp.com/amex-archives/techcare-root","Root for TechCare One Amex Uplift","2","3","HTML","amex-archives","2026-07-20T20:10:10Z","4803","False"
"techcare-search-controller","https://github.aexp.com/amex-archives/techcare-search-controller",,"0","0","JavaScript","amex-archives","2026-07-17T18:11:55Z","2309","False"
"temporal-workers","https://github.aexp.com/amex-archives/temporal-workers",,"0","0","Mustache","amex-archives","2026-05-22T22:59:19Z","7856","False"
"terraform-mock-archive","https://github.aexp.com/amex-archives/terraform-mock-archive","An archive of Terraform mocks designed for testing Sentinel policies.","0","0","HCL","amex-archives","2026-07-07T22:10:40Z","61991","False"
"tesla-dg-user-management-activity-sst","https://github.aexp.com/amex-archives/tesla-dg-user-management-activity-sst",,"0","0","Python","amex-archives","2026-06-18T01:09:26Z","46840","False"
"TestActions_NewRepo_1111_3","https://github.aexp.com/amex-archives/TestActions_NewRepo_1111_3","Ace tenant repo for: TestActions_NewRepo_1111_3 ","0","0","Java","amex-archives","2025-11-11T17:54:27Z","61","False"
"TestActions_Test1111","https://github.aexp.com/amex-archives/TestActions_Test1111","Ace tenant repo for: TestActions_Test1111 ","0","0","Java","amex-archives","2025-11-11T16:55:15Z","32","False"
"TestActions_Test11112025","https://github.aexp.com/amex-archives/TestActions_Test11112025","Ace tenant repo for: TestActions_Test11112025 ","0","0","Java","amex-archives","2025-11-11T17:04:21Z","32","False"
"testDev_11Nov35","https://github.aexp.com/amex-archives/testDev_11Nov35","Ace tenant repo for: testDev_11Nov35 ","0","0","Java","amex-archives","2025-11-11T14:37:19Z","61","False"
"testDev_11Nov38","https://github.aexp.com/amex-archives/testDev_11Nov38","Ace tenant repo for: testDev_11Nov38 ","0","0","Java","amex-archives","2025-11-11T15:14:13Z","61","False"
"testDev_11Nov39","https://github.aexp.com/amex-archives/testDev_11Nov39","Ace tenant repo for: testDev_11Nov39 ","0","0","Java","amex-archives","2025-11-11T15:16:05Z","32","False"
"testDev_12Nov23","https://github.aexp.com/amex-archives/testDev_12Nov23","Ace tenant repo for: testDev_12Nov23 ","0","0","Java","amex-archives","2025-11-12T07:31:03Z","32","False"
"testDev_12Nov24","https://github.aexp.com/amex-archives/testDev_12Nov24","Ace tenant repo for: testDev_12Nov24 ","0","0","Java","amex-archives","2025-11-12T12:53:26Z","48","False"
"testDev_12Nov25","https://github.aexp.com/amex-archives/testDev_12Nov25","Ace tenant repo for: testDev_12Nov25 ","0","0","Java","amex-archives","2025-11-12T07:34:04Z","61","False"
"testDev_12Nov26","https://github.aexp.com/amex-archives/testDev_12Nov26","Ace tenant repo for: testDev_12Nov26 ","0","0","Java","amex-archives","2025-11-12T07:36:59Z","61","False"
"testDev_12Nov27","https://github.aexp.com/amex-archives/testDev_12Nov27","Ace tenant repo for: testDev_12Nov27 ","0","0","Java","amex-archives","2025-11-12T07:44:07Z","32","False"
"testDev_12Nov28","https://github.aexp.com/amex-archives/testDev_12Nov28","Ace tenant repo for: testDev_12Nov28 ","0","0","Java","amex-archives","2025-11-12T07:45:12Z","32","False"
"testDev_12Nov29","https://github.aexp.com/amex-archives/testDev_12Nov29","Ace tenant repo for: testDev_12Nov29 ","0","0","Java","amex-archives","2025-11-12T07:47:45Z","32","False"
"testDev_12Nov36","https://github.aexp.com/amex-archives/testDev_12Nov36","Ace tenant repo for: testDev_12Nov36 ","0","0","Java","amex-archives","2025-11-12T09:34:13Z","32","False"
"testDev_12Nov38","https://github.aexp.com/amex-archives/testDev_12Nov38","Ace tenant repo for: testDev_12Nov38 ","0","0","Java","amex-archives","2025-11-12T09:50:17Z","32","False"
"testDev_12Nov39","https://github.aexp.com/amex-archives/testDev_12Nov39","Ace tenant repo for: testDev_12Nov39 ","0","0","Java","amex-archives","2025-11-12T09:54:55Z","32","False"
"tgate-architecture","https://github.aexp.com/amex-archives/tgate-architecture","Repository containing Enterprise Architecture documentation for TGATE.","2","0","JavaScript","amex-archives","2026-04-10T18:08:19Z","24386","False"
"timelines","https://github.aexp.com/amex-archives/timelines","Mermaid Gantt Charts Site for Mobile Engineering Teams Projects","0","0","Mermaid","amex-archives","2026-06-11T13:57:53Z","1664","False"
"timsbuild_ansibleplaybook","https://github.aexp.com/amex-archives/timsbuild_ansibleplaybook",,"0","1","Python","amex-archives","2026-05-03T06:44:58Z","506238","False"
"tip-data-ingestion-service","https://github.aexp.com/amex-archives/tip-data-ingestion-service",,"1","0","Java","amex-archives","2026-07-15T16:30:42Z","3209","False"
"tip-orchestrator-service","https://github.aexp.com/amex-archives/tip-orchestrator-service","Orchestrator Service for TCA","0","0","Python","amex-archives","2026-07-09T10:11:59Z","6926","False"
"tls-hub_hub-automation-tests","https://github.aexp.com/amex-archives/tls-hub_hub-automation-tests","TLS Online System Integration Testing framework using WebDriverIO + Cucumber for the Post Booking and Self Service(PBSS) application. Tests in this repo covers US and Intl markets.","0","0","Gherkin","amex-archives","2026-07-13T09:28:29Z","8434092","False"
"tls-twa_twa-service","https://github.aexp.com/amex-archives/tls-twa_twa-service","Serves contextual data for the TLS Workflow Assist website to assist agents","0","0","Kotlin","amex-archives","2026-07-21T17:39:14Z","27149","False"
"tls-workflow-assist-container","https://github.aexp.com/amex-archives/tls-workflow-assist-container",,"0","0","TypeScript","amex-archives","2026-08-02T02:52:22Z","2045","False"
"tls-workflow-assist-root","https://github.aexp.com/amex-archives/tls-workflow-assist-root","TLS Workflow Asisst","0","1","TypeScript","amex-archives","2026-07-31T14:57:52Z","1157","False"
"tm1-mcp","https://github.aexp.com/amex-archives/tm1-mcp","MCP server for TM1 database","0","0","TypeScript","amex-archives","2026-07-17T10:55:32Z","1857","False"
"toto","https://github.aexp.com/amex-archives/toto","Reference application for Team Cirrus GCP Work","1","0","Go","amex-archives","2026-07-10T10:27:49Z","142","False"
"toto-backend","https://github.aexp.com/amex-archives/toto-backend","??? The API for Toto.","0","0","Go","amex-archives","2026-07-13T08:36:34Z","213","False"
"tpdg","https://github.aexp.com/amex-archives/tpdg","Third Party Data Gateway","0","0","Java","amex-archives","2026-07-13T13:18:34Z","4124","False"
"tra-observability","https://github.aexp.com/amex-archives/tra-observability",,"0","4","Jsonnet","amex-archives","2026-07-01T21:17:18Z","933","False"
"travel-lounge-finder-root","https://github.aexp.com/amex-archives/travel-lounge-finder-root","A single module tenancy providing lounge search capability via the LoungeBuddy API","0","2","JavaScript","amex-archives","2026-07-28T16:10:46Z","6246","False"
"travel-marketing-internet-root","https://github.aexp.com/amex-archives/travel-marketing-internet-root","This is the root module associated to the Partner user registration page managed by MAPS team (https://travelmarketing.americanexpress.com/register)","0","0","JavaScript","amex-archives","2026-06-06T13:46:30Z","769","False"
"travel-marketing-intranet-root","https://github.aexp.com/amex-archives/travel-marketing-intranet-root","This is the root module associated to MAPS ( https://travelmarketing.aexp.com )","0","0","JavaScript","amex-archives","2026-03-19T21:57:04Z","896","False"
"travel-vacation-rentals-benefits","https://github.aexp.com/amex-archives/travel-vacation-rentals-benefits","To display single or multiple card member benefits on the search page","0","0","JavaScript","amex-archives","2026-08-01T16:10:16Z","655031","False"
"travel-vacation-rentals-checkout","https://github.aexp.com/amex-archives/travel-vacation-rentals-checkout","Container module for checkout page","0","0","JavaScript","amex-archives","2026-08-01T16:11:35Z","1131357","False"
"travel-vacation-rentals-compare-properties","https://github.aexp.com/amex-archives/travel-vacation-rentals-compare-properties",,"0","0","JavaScript","amex-archives","2026-08-01T16:15:30Z","546412","False"
"travel-vacation-rentals-confirmation","https://github.aexp.com/amex-archives/travel-vacation-rentals-confirmation","Module to land on confirmation page after successful payment on checkout page","1","0","JavaScript","amex-archives","2026-08-01T16:15:47Z","513817","False"
"travel-vacation-rentals-container","https://github.aexp.com/amex-archives/travel-vacation-rentals-container","This module contains all the common modules across STAR application","0","0","JavaScript","amex-archives","2026-08-01T16:13:37Z","175181","False"
"travel-vacation-rentals-cost-billing","https://github.aexp.com/amex-archives/travel-vacation-rentals-cost-billing","Module is to display the cost and billing section on Confirmation page ","0","0","JavaScript","amex-archives","2026-08-01T16:12:36Z","149928","False"
"travel-vacation-rentals-covid","https://github.aexp.com/amex-archives/travel-vacation-rentals-covid","covid section for vacation rentals","0","0","JavaScript","amex-archives","2026-08-01T16:12:36Z","125824","False"
"travel-vacation-rentals-destinations","https://github.aexp.com/amex-archives/travel-vacation-rentals-destinations",,"0","0","JavaScript","amex-archives","2026-08-01T16:16:39Z","1705248","False"
"travel-vacation-rentals-details-summary","https://github.aexp.com/amex-archives/travel-vacation-rentals-details-summary","Module to display the trip details on the details page","1","0","JavaScript","amex-archives","2026-08-01T16:13:31Z","139757","False"
"travel-vacation-rentals-faqs","https://github.aexp.com/amex-archives/travel-vacation-rentals-faqs","FAQ's for vacation rentals","0","0","TypeScript","amex-archives","2026-08-01T16:15:36Z","617155","False"
"travel-vacation-rentals-filter-sort-bookings","https://github.aexp.com/amex-archives/travel-vacation-rentals-filter-sort-bookings","This module takes bookings as input and provides sorted or/and filtered set of bookings based on the input parameters ","0","0","JavaScript","amex-archives","2026-03-20T06:54:45Z","1625043","False"
"travel-vacation-rentals-gallery","https://github.aexp.com/amex-archives/travel-vacation-rentals-gallery","This module takes Images as input to display as per the property","0","0","JavaScript","amex-archives","2026-08-01T16:15:06Z","628339","False"
"travel-vacation-rentals-listings","https://github.aexp.com/amex-archives/travel-vacation-rentals-listings","To display listings for search results","0","0","JavaScript","amex-archives","2026-08-01T16:32:37Z","1362071","False"
"travel-vacation-rentals-listings-details","https://github.aexp.com/amex-archives/travel-vacation-rentals-listings-details","To display listing details for the search results","0","2","JavaScript","amex-archives","2026-07-20T14:19:45Z","4937898","False"
"travel-vacation-rentals-map","https://github.aexp.com/amex-archives/travel-vacation-rentals-map","This module takes the locations and plots them on Map. Also provides details of each location on user actions","0","0","JavaScript","amex-archives","2026-08-01T16:27:50Z","369452","False"
"travel-vacation-rentals-message-container","https://github.aexp.com/amex-archives/travel-vacation-rentals-message-container","This module is for displaying application level alerts, updates or any other messaging with ability for POs to change the content","0","0","JavaScript","amex-archives","2026-08-01T16:26:31Z","135718","False"
"travel-vacation-rentals-payment","https://github.aexp.com/amex-archives/travel-vacation-rentals-payment","Module for payment section on the checkout page","0","0","JavaScript","amex-archives","2026-08-01T16:31:37Z","611933","False"
"travel-vacation-rentals-property-card","https://github.aexp.com/amex-archives/travel-vacation-rentals-property-card","To display single or multiple property cards on the search results page","0","0","JavaScript","amex-archives","2026-08-01T16:29:51Z","355043","False"
"travel-vacation-rentals-search","https://github.aexp.com/amex-archives/travel-vacation-rentals-search","This module contains the search widget for searching the destinations in STAR","0","1","JavaScript","amex-archives","2026-08-01T16:32:07Z","1447795","False"
"travel-vacation-rentals-traveler-info","https://github.aexp.com/amex-archives/travel-vacation-rentals-traveler-info","Module to display and update traveller information on the checkout page","0","0","JavaScript","amex-archives","2026-08-01T16:27:22Z","279803","False"
"travel-vacation-rentals-trip-summary","https://github.aexp.com/amex-archives/travel-vacation-rentals-trip-summary","Module to display complete trip summary on the checkout page","0","0","JavaScript","amex-archives","2026-08-01T16:39:40Z","162829","False"
"travelers-cheques-claim-cheque-details","https://github.aexp.com/amex-archives/travelers-cheques-claim-cheque-details","This module displays details about Travelers Cheques submitted by the customer in their encashment claim, along with the system information and recommendation for claim payment.","0","4","JavaScript","amex-archives","2026-07-12T12:59:52Z","2904","False"
"travelers-cheques-claim-claimant-details","https://github.aexp.com/amex-archives/travelers-cheques-claim-claimant-details","This module displays claimant demographic details for encashment claim, along with the system information and risk recommendation for claim payment. ","0","4","JavaScript","amex-archives","2026-07-17T03:09:01Z","1691","False"
"travelers-cheques-claim-payment-authorization","https://github.aexp.com/amex-archives/travelers-cheques-claim-payment-authorization","This module handles the Approvals of Cheques payment and handling payment account details","0","0","JavaScript","amex-archives","2026-03-19T12:36:44Z","1448","False"
"travelers-cheques-claim-payment-decision","https://github.aexp.com/amex-archives/travelers-cheques-claim-payment-decision",,"0","0","JavaScript","amex-archives","2026-07-24T11:37:23Z","522","False"
"travelers-cheques-claim-review","https://github.aexp.com/amex-archives/travelers-cheques-claim-review","This module displays the status, tasks and owner in detailed level for each claim.","0","0","JavaScript","amex-archives","2026-06-09T09:50:04Z","845","False"
"travelers-cheques-claim-workbasket","https://github.aexp.com/amex-archives/travelers-cheques-claim-workbasket","Claim workbasket holds all the work items(ACE Manual tasks) that are assigned to CCP. This module serves as the front end to display all the work items, and enables CCP to self-assign work items.","0","2","JavaScript","amex-archives","2026-07-01T12:14:17Z","2885","False"
"travelers-cheques-create-claim","https://github.aexp.com/amex-archives/travelers-cheques-create-claim","This module serves as the front end to create a new travelers cheques redemption claim by CCP.","0","2","JavaScript","amex-archives","2026-03-19T12:37:02Z","1054","False"
"travelers-cheques-email-servicing","https://github.aexp.com/amex-archives/travelers-cheques-email-servicing","Global Servicing Communications Platform - Travelers Cheques & More...","0","0","JavaScript","amex-archives","2026-07-31T09:40:48Z","2317","False"
"travelers-cheques-encashment-parent","https://github.aexp.com/amex-archives/travelers-cheques-encashment-parent",,"0","0","JavaScript","amex-archives","2026-07-24T17:17:00Z","3421","False"
"travelers-cheques-encashment-root","https://github.aexp.com/amex-archives/travelers-cheques-encashment-root","Root Module for the TC Encashment portal One-App","1","0","JavaScript","amex-archives","2026-07-24T17:19:09Z","4521","False"
"treasury-sudo-cloudrun-poc-go","https://github.aexp.com/amex-archives/treasury-sudo-cloudrun-poc-go",,"0","2","Go","amex-archives","2026-07-06T22:49:19Z","1248","False"
"ucm-ui-automation","https://github.aexp.com/amex-archives/ucm-ui-automation",,"0","0","Python","amex-archives","2026-07-16T12:24:41Z","6468","False"
"user-consent-management","https://github.aexp.com/amex-archives/user-consent-management","Displays and manages user consent preferences.","4","16","JavaScript","amex-archives","2026-08-15T20:21:42Z","7846","False"
"user-interrupter","https://github.aexp.com/amex-archives/user-interrupter","user-interrupter","0","0","JavaScript","amex-archives","2026-04-07T17:00:57Z","494","False"
"v5-bom-api","https://github.aexp.com/amex-archives/v5-bom-api","BOM (Bill Of Materials) - This API service represents the Hydra projects and services metadata and provides lifecycle management of Hydra projects and services.","2","0","Go","amex-archives","2026-07-09T15:01:28Z","72493","False"
"virtual-card-account-service","https://github.aexp.com/amex-archives/virtual-card-account-service","Virtual card enrollment api microservice.","0","0","Java","amex-archives","2026-07-03T19:20:49Z","4760","False"
"virtual-card-consumer-integrations","https://github.aexp.com/amex-archives/virtual-card-consumer-integrations","This is JDK 21 client integrations modules used for creating client adapter modules - for example CAS client adapter, GAR adapter","0","0","Kotlin","amex-archives","2026-07-02T12:58:53Z","602","False"
"virtual-card-platform-services","https://github.aexp.com/amex-archives/virtual-card-platform-services","Virtual Card Platform Services monorepo: domain services (token/core, recipient, servicing, enrollment) + shared commons. See docs/mono-repo-migration.","1","0","Java","amex-archives","2026-07-15T20:23:52Z","66701","False"
"virtual-cards-platform","https://github.aexp.com/amex-archives/virtual-cards-platform","Virtual Card Platform","0","0","JavaScript","amex-archives","2026-07-23T16:55:05Z","859","False"
"vpp-swagger-v2","https://github.aexp.com/amex-archives/vpp-swagger-v2","V2 version of swagger","0","0",,"amex-archives","2026-04-13T02:42:17Z","310","False"
"warm-welcome-video","https://github.aexp.com/amex-archives/warm-welcome-video","This module displays a video welcomeing Platinum customers to the new refreshed tools!","0","1","TypeScript","amex-archives","2026-06-08T15:23:25Z","7245","False"
"wccEap_mainframeJob_checkForAutomation","https://github.aexp.com/amex-archives/wccEap_mainframeJob_checkForAutomation","Checks if a mainframe job has an automation setup.  if yes, will trigger the automation to run","0","0","Python","amex-archives","2026-07-15T03:33:46Z","386","False"
"web-bff","https://github.aexp.com/amex-archives/web-bff","WebPresentation Service Layer","0","3","JavaScript","amex-archives","2026-08-08T17:05:38Z","3558","False"
"web-documents","https://github.aexp.com/amex-archives/web-documents",,"3","1","TypeScript","amex-archives","2026-07-19T01:39:09Z","88502","False"
"web-governance-actions","https://github.aexp.com/amex-archives/web-governance-actions","Common Github Actions for webgovernance","1","0",,"amex-archives","2026-03-27T18:19:20Z","302","False"
"web-migration-engineering","https://github.aexp.com/amex-archives/web-migration-engineering","Web migration engineering (Tools and utilities for bulk code migrations)","0","1","Shell","amex-archives","2026-07-22T08:53:23Z","100298","False"
"web-monorepo","https://github.aexp.com/amex-archives/web-monorepo",,"0","1","JavaScript","amex-archives","2026-09-01T04:26:53Z","1246356","False"
"web-otel-elf-config","https://github.aexp.com/amex-archives/web-otel-elf-config","Otel config to transport telemetry data of web modules to elf ","0","0","TypeScript","amex-archives","2025-10-13T01:35:45Z","2","False"
"web-quality-engineering","https://github.aexp.com/amex-archives/web-quality-engineering","Web Quality Engineering","0","0","JavaScript","amex-archives","2026-07-13T14:38:27Z","687844","False"
"web-rewrite-recipes","https://github.aexp.com/amex-archives/web-rewrite-recipes","Open rewrite recipes for web usecases","1","1","Java","amex-archives","2026-06-17T22:54:41Z","410","False"
"web-staging","https://github.aexp.com/amex-archives/web-staging",,"0","1",,"amex-archives","2026-03-06T22:29:34Z","16","False"
"webgov-regression-automation","https://github.aexp.com/amex-archives/webgov-regression-automation","Web Governance Automated Regression Tests","0","0","Java","amex-archives","2026-07-13T12:31:49Z","260034","False"
"web_axp-account-switcher-js-test","https://github.aexp.com/amex-archives/web_axp-account-switcher-js-test",,"1","0","Gherkin","amex-archives","2026-05-13T15:50:19Z","31447","False"
"web_axp-activity-download-js-test","https://github.aexp.com/amex-archives/web_axp-activity-download-js-test",,"0","0","JavaScript","amex-archives","2026-04-10T17:52:14Z","14177","False"
"web_axp-activity-js-test","https://github.aexp.com/amex-archives/web_axp-activity-js-test",,"0","0","Gherkin","amex-archives","2026-08-01T01:53:12Z","67849","False"
"web_axp-benefit-enrollment-banner-js-test","https://github.aexp.com/amex-archives/web_axp-benefit-enrollment-banner-js-test",,"0","0","JavaScript","amex-archives","2026-04-10T22:43:56Z","297","False"
"web_axp-card-on-file-token-test","https://github.aexp.com/amex-archives/web_axp-card-on-file-token-test",,"0","0","HTML","amex-archives","2025-08-06T23:00:17Z","25825","False"
"web_axp-consumer-context-switcher-js-test","https://github.aexp.com/amex-archives/web_axp-consumer-context-switcher-js-test",,"0","0","Gherkin","amex-archives","2026-04-17T16:55:35Z","1127","False"
"web_axp-consumer-navigation-js-test","https://github.aexp.com/amex-archives/web_axp-consumer-navigation-js-test","Regression suite for axp-customer-navigation","0","0","JavaScript","amex-archives","2026-05-13T16:06:57Z","1933","False"
"web_axp-paperless-interstitial-js-test","https://github.aexp.com/amex-archives/web_axp-paperless-interstitial-js-test",,"0","0","JavaScript","amex-archives","2026-04-13T23:40:58Z","30047","False"
"web_axp-ReadCustomerMessages-js-test","https://github.aexp.com/amex-archives/web_axp-ReadCustomerMessages-js-test",,"0","0","JavaScript","amex-archives","2026-04-13T23:04:33Z","432","False"
"web_banking-bill-pay-add-biller-test","https://github.aexp.com/amex-archives/web_banking-bill-pay-add-biller-test",,"0","0","Gherkin","amex-archives","2026-04-14T03:22:04Z","165","False"
"web_banking-wire-transfer-test","https://github.aexp.com/amex-archives/web_banking-wire-transfer-test","Test automation repo for banking-wire-transfer","0","0","JavaScript","amex-archives","2026-04-21T16:45:59Z","218","False"
"web_customer-profile-email-capture-test","https://github.aexp.com/amex-archives/web_customer-profile-email-capture-test",,"0","1","Gherkin","amex-archives","2026-04-03T15:49:44Z","121620","False"
"web_myca-activity-tags-js-test","https://github.aexp.com/amex-archives/web_myca-activity-tags-js-test",,"0","0","JavaScript","amex-archives","2026-04-10T22:01:37Z","54177","False"
"whatsapp-integration-root","https://github.aexp.com/amex-archives/whatsapp-integration-root",,"0","2","JavaScript","amex-archives","2026-07-10T13:11:27Z","2377","False"
"workflow-api","https://github.aexp.com/amex-archives/workflow-api","workflow api","4","0","Java","amex-archives","2026-06-25T08:17:17Z","50255","False"
"workflow-config","https://github.aexp.com/amex-archives/workflow-config",,"3","0","Python","amex-archives","2026-07-09T03:36:30Z","4640","False"
"workflow-ui","https://github.aexp.com/amex-archives/workflow-ui","workflow-ui","1","0","HTML","amex-archives","2026-07-09T08:13:32Z","16706","False"
"workflow_test","https://github.aexp.com/amex-archives/workflow_test",,"0","0","JavaScript","amex-archives","2026-02-25T18:17:31Z","46749","False"
"XLR-user-management-activity-sst","https://github.aexp.com/amex-archives/XLR-user-management-activity-sst","This repository is for managing the XLR User Licenses","0","0","Python","amex-archives","2026-06-18T01:09:22Z","419","False"
"zero-dev","https://github.aexp.com/amex-archives/zero-dev","Developer Zero application demo","1","0","Go","amex-archives","2026-07-06T17:34:03Z","5039","False"
"zero-poc","https://github.aexp.com/amex-archives/zero-poc","Developer Zero Proof of Concepts","0","0","HCL","amex-archives","2026-04-29T23:06:13Z","582","False"
"zerog-dev","https://github.aexp.com/amex-archives/zerog-dev","Developer Zero GCP demonstration application","0","0","Go","amex-archives","2026-06-03T23:31:23Z","305","False"
"zerop-dev","https://github.aexp.com/amex-archives/zerop-dev","Developer Zero Private Cloud demonstration application","0","0","HTML","amex-archives","2026-07-06T17:40:34Z","110","False"
